frame,mode,baseline_best_idx,scored_best_idx,baseline_iou,scored_iou,delta,sam_best_mask_png,score_best_mask_png,sequence
0,default_no_gt,2,1,0.96499407190081,0.9646487938882315,-0.0003452780125782,D:\uwb thesis\RelatedData\DAVIS-data\DAVIS\SAM_results\bear\selected_by_sam\00000_sam_best.png,D:\uwb thesis\RelatedData\DAVIS-data\DAVIS\SAM_results\bear\selected_by_score_default_no_gt\00000_best.png,bear
1,default_no_gt,2,0,0.9661731900223078,0.9355961349492302,-0.0305770550730776,D:\uwb thesis\RelatedData\DAVIS-data\DAVIS\SAM_results\bear\selected_by_sam\00001_sam_best.png,D:\uwb thesis\RelatedData\DAVIS-data\DAVIS\SAM_results\bear\selected_by_score_default_no_gt\00001_best.png,bear
2,default_no_gt,2,1,0.9668251301176182,0.9648638704930096,-0.0019612596246085,D:\uwb thesis\RelatedData\DAVIS-data\DAVIS\SAM_results\bear\selected_by_sam\00002_sam_best.png,D:\uwb thesis\RelatedData\DAVIS-data\DAVIS\SAM_results\bear\selected_by_score_default_no_gt\00002_best.png,bear
3,default_no_gt,2,0,0.9663634484184412,0.9228454401069964,-0.0435180083114445,D:\uwb thesis\RelatedData\DAVIS-data\DAVIS\SAM_results\bear\selected_by_sam\00003_sam_best.png,D:\uwb thesis\RelatedData\DAVIS-data\DAVIS\SAM_results\bear\selected_by_score_default_no_gt\00003_best.png,bear
4,default_no_gt,2,0,0.9673831070889894,0.920961326901921,-0.0464217801870684,D:\uwb thesis\RelatedData\DAVIS-data\DAVIS\SAM_results\bear\selected_by_sam\00004_sam_best.png,D:\uwb thesis\RelatedData\DAVIS-data\DAVIS\SAM_results\bear\selected_by_score_default_no_gt\00004_best.png,bear
5,default_no_gt,2,0,0.967475216199114,0.9082521892911172,-0.0592230269079969,D:\uwb thesis\RelatedData\DAVIS-data\DAVIS\SAM_results\bear\selected_by_sam\00005_sam_best.png,D:\uwb thesis\RelatedData\DAVIS-data\DAVIS\SAM_results\bear\selected_by_score_default_no_gt\00005_best.png,bear
6,default_no_gt,2,0,0.9640366033147756,0.8972431617488693,-0.0667934415659063,D:\uwb thesis\RelatedData\DAVIS-data\DAVIS\SAM_results\bear\selected_by_sam\00006_sam_best.png,D:\uwb thesis\RelatedData\DAVIS-data\DAVIS\SAM_results\bear\selected_by_score_default_no_gt\00006_best.png,bear
7,default_no_gt,2,1,0.9644047030501044,0.9627046629900646,-0.0017000400600396,D:\uwb thesis\RelatedData\DAVIS-data\DAVIS\SAM_results\bear\selected_by_sam\00007_sam_best.png,D:\uwb thesis\RelatedData\DAVIS-data\DAVIS\SAM_results\bear\selected_by_score_default_no_gt\00007_best.png,bear
8,default_no_gt,2,1,0.96844414807804,0.9664047741713894,-0.0020393739066505,D:\uwb thesis\RelatedData\DAVIS-data\DAVIS\SAM_results\bear\selected_by_sam\00008_sam_best.png,D:\uwb thesis\RelatedData\DAVIS-data\DAVIS\SAM_results\bear\selected_by_score_default_no_gt\00008_best.png,bear
9,default_no_gt,2,1,0.9716171194259354,0.9691314629002364,-0.0024856565256989,D:\uwb thesis\RelatedData\DAVIS-data\DAVIS\SAM_results\bear\selected_by_sam\00009_sam_best.png,D:\uwb thesis\RelatedData\DAVIS-data\DAVIS\SAM_results\bear\selected_by_score_default_no_gt\00009_best.png,bear
10,default_no_gt,2,1,0.9705353174015198,0.9699632461661948,-0.0005720712353248,D:\uwb thesis\RelatedData\DAVIS-data\DAVIS\SAM_results\bear\selected_by_sam\00010_sam_best.png,D:\uwb thesis\RelatedData\DAVIS-data\DAVIS\SAM_results\bear\selected_by_score_default_no_gt\00010_best.png,bear
11,default_no_gt,2,1,0.970246338495111,0.9687598149039972,-0.0014865235911137,D:\uwb thesis\RelatedData\DAVIS-data\DAVIS\SAM_results\bear\selected_by_sam\00011_sam_best.png,D:\uwb thesis\RelatedData\DAVIS-data\DAVIS\SAM_results\bear\selected_by_score_default_no_gt\00011_best.png,bear
12,default_no_gt,2,1,0.9655637661906344,0.9636092653542818,-0.0019545008363525,D:\uwb thesis\RelatedData\DAVIS-data\DAVIS\SAM_results\bear\selected_by_sam\00012_sam_best.png,D:\uwb thesis\RelatedData\DAVIS-data\DAVIS\SAM_results\bear\selected_by_score_default_no_gt\00012_best.png,bear
13,default_no_gt,2,1,0.966029900332226,0.964561628798078,-0.0014682715341479,D:\uwb thesis\RelatedData\DAVIS-data\DAVIS\SAM_results\bear\selected_by_sam\00013_sam_best.png,D:\uwb thesis\RelatedData\DAVIS-data\DAVIS\SAM_results\bear\selected_by_score_default_no_gt\00013_best.png,bear
14,default_no_gt,2,1,0.9682344864887354,0.9665926125864251,-0.0016418739023101,D:\uwb thesis\RelatedData\DAVIS-data\DAVIS\SAM_results\bear\selected_by_sam\00014_sam_best.png,D:\uwb thesis\RelatedData\DAVIS-data\DAVIS\SAM_results\bear\selected_by_score_default_no_gt\00014_best.png,bear
15,default_no_gt,2,1,0.9674094823981938,0.9665894530353304,-0.0008200293628632,D:\uwb thesis\RelatedData\DAVIS-data\DAVIS\SAM_results\bear\selected_by_sam\00015_sam_best.png,D:\uwb thesis\RelatedData\DAVIS-data\DAVIS\SAM_results\bear\selected_by_score_default_no_gt\00015_best.png,bear
16,default_no_gt,2,1,0.9709243697478992,0.9692543069120174,-0.0016700628358817,D:\uwb thesis\RelatedData\DAVIS-data\DAVIS\SAM_results\bear\selected_by_sam\00016_sam_best.png,D:\uwb thesis\RelatedData\DAVIS-data\DAVIS\SAM_results\bear\selected_by_score_default_no_gt\00016_best.png,bear
17,default_no_gt,2,1,0.9729666892120392,0.9714382145719952,-0.0015284746400441,D:\uwb thesis\RelatedData\DAVIS-data\DAVIS\SAM_results\bear\selected_by_sam\00017_sam_best.png,D:\uwb thesis\RelatedData\DAVIS-data\DAVIS\SAM_results\bear\selected_by_score_default_no_gt\00017_best.png,bear
18,default_no_gt,2,1,0.9727826012938372,0.9726007014560528,-0.0001818998377844,D:\uwb thesis\RelatedData\DAVIS-data\DAVIS\SAM_results\bear\selected_by_sam\00018_sam_best.png,D:\uwb thesis\RelatedData\DAVIS-data\DAVIS\SAM_results\bear\selected_by_score_default_no_gt\00018_best.png,bear
19,default_no_gt,2,1,0.9724351130289174,0.9726952940671786,0.0002601810382611,D:\uwb thesis\RelatedData\DAVIS-data\DAVIS\SAM_results\bear\selected_by_sam\00019_sam_best.png,D:\uwb thesis\RelatedData\DAVIS-data\DAVIS\SAM_results\bear\selected_by_score_default_no_gt\00019_best.png,bear
20,default_no_gt,2,1,0.9716282805478976,0.9717015882646096,7.330771671198999e-05,D:\uwb thesis\RelatedData\DAVIS-data\DAVIS\SAM_results\bear\selected_by_sam\00020_sam_best.png,D:\uwb thesis\RelatedData\DAVIS-data\DAVIS\SAM_results\bear\selected_by_score_default_no_gt\00020_best.png,bear
21,default_no_gt,2,1,0.968738418608707,0.969222732516379,0.000484313907672,D:\uwb thesis\RelatedData\DAVIS-data\DAVIS\SAM_results\bear\selected_by_sam\00021_sam_best.png,D:\uwb thesis\RelatedData\DAVIS-data\DAVIS\SAM_results\bear\selected_by_score_default_no_gt\00021_best.png,bear
22,default_no_gt,2,1,0.9681251622955076,0.9695967131581792,0.0014715508626715,D:\uwb thesis\RelatedData\DAVIS-data\DAVIS\SAM_results\bear\selected_by_sam\00022_sam_best.png,D:\uwb thesis\RelatedData\DAVIS-data\DAVIS\SAM_results\bear\selected_by_score_default_no_gt\00022_best.png,bear
23,default_no_gt,2,1,0.964755820434764,0.9657475595136154,0.0009917390788514,D:\uwb thesis\RelatedData\DAVIS-data\DAVIS\SAM_results\bear\selected_by_sam\00023_sam_best.png,D:\uwb thesis\RelatedData\DAVIS-data\DAVIS\SAM_results\bear\selected_by_score_default_no_gt\00023_best.png,bear
24,default_no_gt,2,1,0.9650853728550468,0.9657039711191336,0.0006185982640866,D:\uwb thesis\RelatedData\DAVIS-data\DAVIS\SAM_results\bear\selected_by_sam\00024_sam_best.png,D:\uwb thesis\RelatedData\DAVIS-data\DAVIS\SAM_results\bear\selected_by_score_default_no_gt\00024_best.png,bear
25,default_no_gt,2,1,0.964475201845444,0.9655930641648516,0.0011178623194075,D:\uwb thesis\RelatedData\DAVIS-data\DAVIS\SAM_results\bear\selected_by_sam\00025_sam_best.png,D:\uwb thesis\RelatedData\DAVIS-data\DAVIS\SAM_results\bear\selected_by_score_default_no_gt\00025_best.png,bear
26,default_no_gt,2,1,0.962971400169818,0.9645679063417862,0.0015965061719682,D:\uwb thesis\RelatedData\DAVIS-data\DAVIS\SAM_results\bear\selected_by_sam\00026_sam_best.png,D:\uwb thesis\RelatedData\DAVIS-data\DAVIS\SAM_results\bear\selected_by_score_default_no_gt\00026_best.png,bear
27,default_no_gt,2,2,0.96349586997069,0.96349586997069,0.0,D:\uwb thesis\RelatedData\DAVIS-data\DAVIS\SAM_results\bear\selected_by_sam\00027_sam_best.png,D:\uwb thesis\RelatedData\DAVIS-data\DAVIS\SAM_results\bear\selected_by_score_default_no_gt\00027_best.png,bear
28,default_no_gt,2,1,0.9646173810779026,0.9666902762319134,0.0020728951540107,D:\uwb thesis\RelatedData\DAVIS-data\DAVIS\SAM_results\bear\selected_by_sam\00028_sam_best.png,D:\uwb thesis\RelatedData\DAVIS-data\DAVIS\SAM_results\bear\selected_by_score_default_no_gt\00028_best.png,bear
29,default_no_gt,2,1,0.9648211877880416,0.9666693422161576,0.001848154428116,D:\uwb thesis\RelatedData\DAVIS-data\DAVIS\SAM_results\bear\selected_by_sam\00029_sam_best.png,D:\uwb thesis\RelatedData\DAVIS-data\DAVIS\SAM_results\bear\selected_by_score_default_no_gt\00029_best.png,bear
30,default_no_gt,2,2,0.9643194185089252,0.9643194185089252,0.0,D:\uwb thesis\RelatedData\DAVIS-data\DAVIS\SAM_results\bear\selected_by_sam\00030_sam_best.png,D:\uwb thesis\RelatedData\DAVIS-data\DAVIS\SAM_results\bear\selected_by_score_default_no_gt\00030_best.png,bear
31,default_no_gt,2,2,0.9636370941819352,0.9636370941819352,0.0,D:\uwb thesis\RelatedData\DAVIS-data\DAVIS\SAM_results\bear\selected_by_sam\00031_sam_best.png,D:\uwb thesis\RelatedData\DAVIS-data\DAVIS\SAM_results\bear\selected_by_score_default_no_gt\00031_best.png,bear
32,default_no_gt,2,2,0.9657196049862392,0.9657196049862392,0.0,D:\uwb thesis\RelatedData\DAVIS-data\DAVIS\SAM_results\bear\selected_by_sam\00032_sam_best.png,D:\uwb thesis\RelatedData\DAVIS-data\DAVIS\SAM_results\bear\selected_by_score_default_no_gt\00032_best.png,bear
33,default_no_gt,2,2,0.9654019449937816,0.9654019449937816,0.0,D:\uwb thesis\RelatedData\DAVIS-data\DAVIS\SAM_results\bear\selected_by_sam\00033_sam_best.png,D:\uwb thesis\RelatedData\DAVIS-data\DAVIS\SAM_results\bear\selected_by_score_default_no_gt\00033_best.png,bear
34,default_no_gt,0,2,0.9505360165506864,0.965968640184131,0.0154326236334445,D:\uwb thesis\RelatedData\DAVIS-data\DAVIS\SAM_results\bear\selected_by_sam\00034_sam_best.png,D:\uwb thesis\RelatedData\DAVIS-data\DAVIS\SAM_results\bear\selected_by_score_default_no_gt\00034_best.png,bear
35,default_no_gt,2,2,0.9664048413504384,0.9664048413504384,0.0,D:\uwb thesis\RelatedData\DAVIS-data\DAVIS\SAM_results\bear\selected_by_sam\00035_sam_best.png,D:\uwb thesis\RelatedData\DAVIS-data\DAVIS\SAM_results\bear\selected_by_score_default_no_gt\00035_best.png,bear
36,default_no_gt,2,2,0.9690050301600884,0.9690050301600884,0.0,D:\uwb thesis\RelatedData\DAVIS-data\DAVIS\SAM_results\bear\selected_by_sam\00036_sam_best.png,D:\uwb thesis\RelatedData\DAVIS-data\DAVIS\SAM_results\bear\selected_by_score_default_no_gt\00036_best.png,bear
37,default_no_gt,2,2,0.967733131796616,0.967733131796616,0.0,D:\uwb thesis\RelatedData\DAVIS-data\DAVIS\SAM_results\bear\selected_by_sam\00037_sam_best.png,D:\uwb thesis\RelatedData\DAVIS-data\DAVIS\SAM_results\bear\selected_by_score_default_no_gt\00037_best.png,bear
38,default_no_gt,2,2,0.9738305113408164,0.9738305113408164,0.0,D:\uwb thesis\RelatedData\DAVIS-data\DAVIS\SAM_results\bear\selected_by_sam\00038_sam_best.png,D:\uwb thesis\RelatedData\DAVIS-data\DAVIS\SAM_results\bear\selected_by_score_default_no_gt\00038_best.png,bear
39,default_no_gt,2,2,0.9699830292745016,0.9699830292745016,0.0,D:\uwb thesis\RelatedData\DAVIS-data\DAVIS\SAM_results\bear\selected_by_sam\00039_sam_best.png,D:\uwb thesis\RelatedData\DAVIS-data\DAVIS\SAM_results\bear\selected_by_score_default_no_gt\00039_best.png,bear
40,default_no_gt,2,2,0.9697085726441182,0.9697085726441182,0.0,D:\uwb thesis\RelatedData\DAVIS-data\DAVIS\SAM_results\bear\selected_by_sam\00040_sam_best.png,D:\uwb thesis\RelatedData\DAVIS-data\DAVIS\SAM_results\bear\selected_by_score_default_no_gt\00040_best.png,bear
41,default_no_gt,2,2,0.9704882273689612,0.9704882273689612,0.0,D:\uwb thesis\RelatedData\DAVIS-data\DAVIS\SAM_results\bear\selected_by_sam\00041_sam_best.png,D:\uwb thesis\RelatedData\DAVIS-data\DAVIS\SAM_results\bear\selected_by_score_default_no_gt\00041_best.png,bear
42,default_no_gt,2,2,0.9700002142841836,0.9700002142841836,0.0,D:\uwb thesis\RelatedData\DAVIS-data\DAVIS\SAM_results\bear\selected_by_sam\00042_sam_best.png,D:\uwb thesis\RelatedData\DAVIS-data\DAVIS\SAM_results\bear\selected_by_score_default_no_gt\00042_best.png,bear
43,default_no_gt,2,2,0.972649351768101,0.972649351768101,0.0,D:\uwb thesis\RelatedData\DAVIS-data\DAVIS\SAM_results\bear\selected_by_sam\00043_sam_best.png,D:\uwb thesis\RelatedData\DAVIS-data\DAVIS\SAM_results\bear\selected_by_score_default_no_gt\00043_best.png,bear
44,default_no_gt,2,2,0.9721628333873232,0.9721628333873232,0.0,D:\uwb thesis\RelatedData\DAVIS-data\DAVIS\SAM_results\bear\selected_by_sam\00044_sam_best.png,D:\uwb thesis\RelatedData\DAVIS-data\DAVIS\SAM_results\bear\selected_by_score_default_no_gt\00044_best.png,bear
45,default_no_gt,2,2,0.9696255620892424,0.9696255620892424,0.0,D:\uwb thesis\RelatedData\DAVIS-data\DAVIS\SAM_results\bear\selected_by_sam\00045_sam_best.png,D:\uwb thesis\RelatedData\DAVIS-data\DAVIS\SAM_results\bear\selected_by_score_default_no_gt\00045_best.png,bear
46,default_no_gt,2,2,0.9679506600302964,0.9679506600302964,0.0,D:\uwb thesis\RelatedData\DAVIS-data\DAVIS\SAM_results\bear\selected_by_sam\00046_sam_best.png,D:\uwb thesis\RelatedData\DAVIS-data\DAVIS\SAM_results\bear\selected_by_score_default_no_gt\00046_best.png,bear
47,default_no_gt,2,2,0.9697872710662548,0.9697872710662548,0.0,D:\uwb thesis\RelatedData\DAVIS-data\DAVIS\SAM_results\bear\selected_by_sam\00047_sam_best.png,D:\uwb thesis\RelatedData\DAVIS-data\DAVIS\SAM_results\bear\selected_by_score_default_no_gt\00047_best.png,bear
48,default_no_gt,2,2,0.968886462882096,0.968886462882096,0.0,D:\uwb thesis\RelatedData\DAVIS-data\DAVIS\SAM_results\bear\selected_by_sam\00048_sam_best.png,D:\uwb thesis\RelatedData\DAVIS-data\DAVIS\SAM_results\bear\selected_by_score_default_no_gt\00048_best.png,bear
49,default_no_gt,2,2,0.9682438799886036,0.9682438799886036,0.0,D:\uwb thesis\RelatedData\DAVIS-data\DAVIS\SAM_results\bear\selected_by_sam\00049_sam_best.png,D:\uwb thesis\RelatedData\DAVIS-data\DAVIS\SAM_results\bear\selected_by_score_default_no_gt\00049_best.png,bear
50,default_no_gt,2,2,0.9735055545759126,0.9735055545759126,0.0,D:\uwb thesis\RelatedData\DAVIS-data\DAVIS\SAM_results\bear\selected_by_sam\00050_sam_best.png,D:\uwb thesis\RelatedData\DAVIS-data\DAVIS\SAM_results\bear\selected_by_score_default_no_gt\00050_best.png,bear
51,default_no_gt,2,2,0.972926267281106,0.972926267281106,0.0,D:\uwb thesis\RelatedData\DAVIS-data\DAVIS\SAM_results\bear\selected_by_sam\00051_sam_best.png,D:\uwb thesis\RelatedData\DAVIS-data\DAVIS\SAM_results\bear\selected_by_score_default_no_gt\00051_best.png,bear
52,default_no_gt,2,2,0.9763730523882554,0.9763730523882554,0.0,D:\uwb thesis\RelatedData\DAVIS-data\DAVIS\SAM_results\bear\selected_by_sam\00052_sam_best.png,D:\uwb thesis\RelatedData\DAVIS-data\DAVIS\SAM_results\bear\selected_by_score_default_no_gt\00052_best.png,bear
53,default_no_gt,2,1,0.9731325328045982,0.9740726764190104,0.0009401436144121,D:\uwb thesis\RelatedData\DAVIS-data\DAVIS\SAM_results\bear\selected_by_sam\00053_sam_best.png,D:\uwb thesis\RelatedData\DAVIS-data\DAVIS\SAM_results\bear\selected_by_score_default_no_gt\00053_best.png,bear
54,default_no_gt,2,1,0.9738263120314172,0.9750839056700228,0.0012575936386055,D:\uwb thesis\RelatedData\DAVIS-data\DAVIS\SAM_results\bear\selected_by_sam\00054_sam_best.png,D:\uwb thesis\RelatedData\DAVIS-data\DAVIS\SAM_results\bear\selected_by_score_default_no_gt\00054_best.png,bear
55,default_no_gt,2,1,0.9734422424567042,0.9743703736635028,0.0009281312067985,D:\uwb thesis\RelatedData\DAVIS-data\DAVIS\SAM_results\bear\selected_by_sam\00055_sam_best.png,D:\uwb thesis\RelatedData\DAVIS-data\DAVIS\SAM_results\bear\selected_by_score_default_no_gt\00055_best.png,bear
56,default_no_gt,2,1,0.9701619017885018,0.9721050059965354,0.0019431042080335,D:\uwb thesis\RelatedData\DAVIS-data\DAVIS\SAM_results\bear\selected_by_sam\00056_sam_best.png,D:\uwb thesis\RelatedData\DAVIS-data\DAVIS\SAM_results\bear\selected_by_score_default_no_gt\00056_best.png,bear
57,default_no_gt,2,1,0.9707960853378514,0.97171842742025,0.0009223420823984,D:\uwb thesis\RelatedData\DAVIS-data\DAVIS\SAM_results\bear\selected_by_sam\00057_sam_best.png,D:\uwb thesis\RelatedData\DAVIS-data\DAVIS\SAM_results\bear\selected_by_score_default_no_gt\00057_best.png,bear
58,default_no_gt,2,1,0.9711684032416066,0.972561448613666,0.0013930453720595,D:\uwb thesis\RelatedData\DAVIS-data\DAVIS\SAM_results\bear\selected_by_sam\00058_sam_best.png,D:\uwb thesis\RelatedData\DAVIS-data\DAVIS\SAM_results\bear\selected_by_score_default_no_gt\00058_best.png,bear
59,default_no_gt,2,1,0.9706778116177224,0.9710080779019586,0.0003302662842363,D:\uwb thesis\RelatedData\DAVIS-data\DAVIS\SAM_results\bear\selected_by_sam\00059_sam_best.png,D:\uwb thesis\RelatedData\DAVIS-data\DAVIS\SAM_results\bear\selected_by_score_default_no_gt\00059_best.png,bear
60,default_no_gt,2,1,0.9711008358527476,0.9709747356311668,-0.0001261002215808,D:\uwb thesis\RelatedData\DAVIS-data\DAVIS\SAM_results\bear\selected_by_sam\00060_sam_best.png,D:\uwb thesis\RelatedData\DAVIS-data\DAVIS\SAM_results\bear\selected_by_score_default_no_gt\00060_best.png,bear
61,default_no_gt,2,1,0.9708048688221812,0.9698712560279608,-0.0009336127942203,D:\uwb thesis\RelatedData\DAVIS-data\DAVIS\SAM_results\bear\selected_by_sam\00061_sam_best.png,D:\uwb thesis\RelatedData\DAVIS-data\DAVIS\SAM_results\bear\selected_by_score_default_no_gt\00061_best.png,bear
62,default_no_gt,2,1,0.969401576551571,0.9703180212014134,0.0009164446498424,D:\uwb thesis\RelatedData\DAVIS-data\DAVIS\SAM_results\bear\selected_by_sam\00062_sam_best.png,D:\uwb thesis\RelatedData\DAVIS-data\DAVIS\SAM_results\bear\selected_by_score_default_no_gt\00062_best.png,bear
63,default_no_gt,2,1,0.9688567499223636,0.9691893442803858,0.0003325943580221,D:\uwb thesis\RelatedData\DAVIS-data\DAVIS\SAM_results\bear\selected_by_sam\00063_sam_best.png,D:\uwb thesis\RelatedData\DAVIS-data\DAVIS\SAM_results\bear\selected_by_score_default_no_gt\00063_best.png,bear
64,default_no_gt,2,1,0.966170410740396,0.965310398059323,-0.0008600126810731,D:\uwb thesis\RelatedData\DAVIS-data\DAVIS\SAM_results\bear\selected_by_sam\00064_sam_best.png,D:\uwb thesis\RelatedData\DAVIS-data\DAVIS\SAM_results\bear\selected_by_score_default_no_gt\00064_best.png,bear
65,default_no_gt,2,1,0.964377938157982,0.9642990531010392,-7.888505694275683e-05,D:\uwb thesis\RelatedData\DAVIS-data\DAVIS\SAM_results\bear\selected_by_sam\00065_sam_best.png,D:\uwb thesis\RelatedData\DAVIS-data\DAVIS\SAM_results\bear\selected_by_score_default_no_gt\00065_best.png,bear
66,default_no_gt,2,1,0.9637452919539216,0.9631311137430364,-0.0006141782108852,D:\uwb thesis\RelatedData\DAVIS-data\DAVIS\SAM_results\bear\selected_by_sam\00066_sam_best.png,D:\uwb thesis\RelatedData\DAVIS-data\DAVIS\SAM_results\bear\selected_by_score_default_no_gt\00066_best.png,bear
67,default_no_gt,2,1,0.9612511773596478,0.961082873410266,-0.0001683039493819,D:\uwb thesis\RelatedData\DAVIS-data\DAVIS\SAM_results\bear\selected_by_sam\00067_sam_best.png,D:\uwb thesis\RelatedData\DAVIS-data\DAVIS\SAM_results\bear\selected_by_score_default_no_gt\00067_best.png,bear
68,default_no_gt,2,1,0.9622851409126604,0.9629009459606394,0.0006158050479789,D:\uwb thesis\RelatedData\DAVIS-data\DAVIS\SAM_results\bear\selected_by_sam\00068_sam_best.png,D:\uwb thesis\RelatedData\DAVIS-data\DAVIS\SAM_results\bear\selected_by_score_default_no_gt\00068_best.png,bear
69,default_no_gt,2,1,0.9658497301062162,0.9665125767736614,0.0006628466674452,D:\uwb thesis\RelatedData\DAVIS-data\DAVIS\SAM_results\bear\selected_by_sam\00069_sam_best.png,D:\uwb thesis\RelatedData\DAVIS-data\DAVIS\SAM_results\bear\selected_by_score_default_no_gt\00069_best.png,bear
70,default_no_gt,2,1,0.966360590104008,0.966594360086768,0.0002337699827599,D:\uwb thesis\RelatedData\DAVIS-data\DAVIS\SAM_results\bear\selected_by_sam\00070_sam_best.png,D:\uwb thesis\RelatedData\DAVIS-data\DAVIS\SAM_results\bear\selected_by_score_default_no_gt\00070_best.png,bear
71,default_no_gt,2,1,0.9648916219634524,0.9649309707576912,3.934879423872495e-05,D:\uwb thesis\RelatedData\DAVIS-data\DAVIS\SAM_results\bear\selected_by_sam\00071_sam_best.png,D:\uwb thesis\RelatedData\DAVIS-data\DAVIS\SAM_results\bear\selected_by_score_default_no_gt\00071_best.png,bear
72,default_no_gt,2,1,0.9656689948109386,0.9675680394596128,0.0018990446486741,D:\uwb thesis\RelatedData\DAVIS-data\DAVIS\SAM_results\bear\selected_by_sam\00072_sam_best.png,D:\uwb thesis\RelatedData\DAVIS-data\DAVIS\SAM_results\bear\selected_by_score_default_no_gt\00072_best.png,bear
73,default_no_gt,2,1,0.9674550365636736,0.9673644377365094,-9.059882716411229e-05,D:\uwb thesis\RelatedData\DAVIS-data\DAVIS\SAM_results\bear\selected_by_sam\00073_sam_best.png,D:\uwb thesis\RelatedData\DAVIS-data\DAVIS\SAM_results\bear\selected_by_score_default_no_gt\00073_best.png,bear
74,default_no_gt,2,1,0.970722600483198,0.9692018286414243,-0.0015207718417734,D:\uwb thesis\RelatedData\DAVIS-data\DAVIS\SAM_results\bear\selected_by_sam\00074_sam_best.png,D:\uwb thesis\RelatedData\DAVIS-data\DAVIS\SAM_results\bear\selected_by_score_default_no_gt\00074_best.png,bear
75,default_no_gt,2,1,0.9653469654122252,0.9637773781927684,-0.0015695872194568,D:\uwb thesis\RelatedData\DAVIS-data\DAVIS\SAM_results\bear\selected_by_sam\00075_sam_best.png,D:\uwb thesis\RelatedData\DAVIS-data\DAVIS\SAM_results\bear\selected_by_score_default_no_gt\00075_best.png,bear
76,default_no_gt,2,1,0.9656176527684908,0.9646219318230668,-0.0009957209454241,D:\uwb thesis\RelatedData\DAVIS-data\DAVIS\SAM_results\bear\selected_by_sam\00076_sam_best.png,D:\uwb thesis\RelatedData\DAVIS-data\DAVIS\SAM_results\bear\selected_by_score_default_no_gt\00076_best.png,bear
77,default_no_gt,2,0,0.1117388758782201,0.1050546448087431,-0.0066842310694769,D:\uwb thesis\RelatedData\DAVIS-data\DAVIS\SAM_results\bear\selected_by_sam\00077_sam_best.png,D:\uwb thesis\RelatedData\DAVIS-data\DAVIS\SAM_results\bear\selected_by_score_default_no_gt\00077_best.png,bear
78,default_no_gt,2,0,0.9660243622936208,0.9163340629157548,-0.049690299377866,D:\uwb thesis\RelatedData\DAVIS-data\DAVIS\SAM_results\bear\selected_by_sam\00078_sam_best.png,D:\uwb thesis\RelatedData\DAVIS-data\DAVIS\SAM_results\bear\selected_by_score_default_no_gt\00078_best.png,bear
79,default_no_gt,2,1,0.9574892951251648,0.9591585175445804,0.0016692224194158,D:\uwb thesis\RelatedData\DAVIS-data\DAVIS\SAM_results\bear\selected_by_sam\00079_sam_best.png,D:\uwb thesis\RelatedData\DAVIS-data\DAVIS\SAM_results\bear\selected_by_score_default_no_gt\00079_best.png,bear
80,default_no_gt,2,1,0.968732435414368,0.9662914360345792,-0.0024409993797888,D:\uwb thesis\RelatedData\DAVIS-data\DAVIS\SAM_results\bear\selected_by_sam\00080_sam_best.png,D:\uwb thesis\RelatedData\DAVIS-data\DAVIS\SAM_results\bear\selected_by_score_default_no_gt\00080_best.png,bear
81,default_no_gt,2,1,0.9690165864540516,0.9661456190867956,-0.0028709673672561,D:\uwb thesis\RelatedData\DAVIS-data\DAVIS\SAM_results\bear\selected_by_sam\00081_sam_best.png,D:\uwb thesis\RelatedData\DAVIS-data\DAVIS\SAM_results\bear\selected_by_score_default_no_gt\00081_best.png,bear
0,default_no_gt,2,1,0.9639354335546996,0.9617895725692812,-0.0021458609854181,D:\uwb thesis\RelatedData\DAVIS-data\DAVIS\SAM_results\blackswan\selected_by_sam\00000_sam_best.png,D:\uwb thesis\RelatedData\DAVIS-data\DAVIS\SAM_results\blackswan\selected_by_score_default_no_gt\00000_best.png,blackswan
1,default_no_gt,2,1,0.9637251647778464,0.963385863923752,-0.0003393008540942,D:\uwb thesis\RelatedData\DAVIS-data\DAVIS\SAM_results\blackswan\selected_by_sam\00001_sam_best.png,D:\uwb thesis\RelatedData\DAVIS-data\DAVIS\SAM_results\blackswan\selected_by_score_default_no_gt\00001_best.png,blackswan
2,default_no_gt,2,1,0.9638396884942304,0.9631520480276063,-0.000687640466624,D:\uwb thesis\RelatedData\DAVIS-data\DAVIS\SAM_results\blackswan\selected_by_sam\00002_sam_best.png,D:\uwb thesis\RelatedData\DAVIS-data\DAVIS\SAM_results\blackswan\selected_by_score_default_no_gt\00002_best.png,blackswan
3,default_no_gt,2,1,0.963370572854766,0.9635864289603902,0.0002158561056242,D:\uwb thesis\RelatedData\DAVIS-data\DAVIS\SAM_results\blackswan\selected_by_sam\00003_sam_best.png,D:\uwb thesis\RelatedData\DAVIS-data\DAVIS\SAM_results\blackswan\selected_by_score_default_no_gt\00003_best.png,blackswan
4,default_no_gt,2,1,0.9615494161207632,0.9620265129138212,0.0004770967930579,D:\uwb thesis\RelatedData\DAVIS-data\DAVIS\SAM_results\blackswan\selected_by_sam\00004_sam_best.png,D:\uwb thesis\RelatedData\DAVIS-data\DAVIS\SAM_results\blackswan\selected_by_score_default_no_gt\00004_best.png,blackswan
5,default_no_gt,2,1,0.9631535072049542,0.962998957049398,-0.0001545501555562,D:\uwb thesis\RelatedData\DAVIS-data\DAVIS\SAM_results\blackswan\selected_by_sam\00005_sam_best.png,D:\uwb thesis\RelatedData\DAVIS-data\DAVIS\SAM_results\blackswan\selected_by_score_default_no_gt\00005_best.png,blackswan
6,default_no_gt,2,1,0.960108729345001,0.9627923542680756,0.0026836249230745,D:\uwb thesis\RelatedData\DAVIS-data\DAVIS\SAM_results\blackswan\selected_by_sam\00006_sam_best.png,D:\uwb thesis\RelatedData\DAVIS-data\DAVIS\SAM_results\blackswan\selected_by_score_default_no_gt\00006_best.png,blackswan
7,default_no_gt,2,1,0.9606683988462732,0.9629893407402133,0.00232094189394,D:\uwb thesis\RelatedData\DAVIS-data\DAVIS\SAM_results\blackswan\selected_by_sam\00007_sam_best.png,D:\uwb thesis\RelatedData\DAVIS-data\DAVIS\SAM_results\blackswan\selected_by_score_default_no_gt\00007_best.png,blackswan
8,default_no_gt,2,1,0.9616531132997878,0.9625884252005888,0.0009353119008009,D:\uwb thesis\RelatedData\DAVIS-data\DAVIS\SAM_results\blackswan\selected_by_sam\00008_sam_best.png,D:\uwb thesis\RelatedData\DAVIS-data\DAVIS\SAM_results\blackswan\selected_by_score_default_no_gt\00008_best.png,blackswan
9,default_no_gt,2,1,0.961808949388514,0.9628926639460949,0.0010837145575807,D:\uwb thesis\RelatedData\DAVIS-data\DAVIS\SAM_results\blackswan\selected_by_sam\00009_sam_best.png,D:\uwb thesis\RelatedData\DAVIS-data\DAVIS\SAM_results\blackswan\selected_by_score_default_no_gt\00009_best.png,blackswan
10,default_no_gt,2,1,0.9601486386698744,0.96113074204947,0.0009821033795954,D:\uwb thesis\RelatedData\DAVIS-data\DAVIS\SAM_results\blackswan\selected_by_sam\00010_sam_best.png,D:\uwb thesis\RelatedData\DAVIS-data\DAVIS\SAM_results\blackswan\selected_by_score_default_no_gt\00010_best.png,blackswan
11,default_no_gt,2,1,0.9594475532801524,0.9595449697831496,9.741650299721628e-05,D:\uwb thesis\RelatedData\DAVIS-data\DAVIS\SAM_results\blackswan\selected_by_sam\00011_sam_best.png,D:\uwb thesis\RelatedData\DAVIS-data\DAVIS\SAM_results\blackswan\selected_by_score_default_no_gt\00011_best.png,blackswan
12,default_no_gt,2,1,0.9601535673407096,0.9607056365449452,0.0005520692042354,D:\uwb thesis\RelatedData\DAVIS-data\DAVIS\SAM_results\blackswan\selected_by_sam\00012_sam_best.png,D:\uwb thesis\RelatedData\DAVIS-data\DAVIS\SAM_results\blackswan\selected_by_score_default_no_gt\00012_best.png,blackswan
13,default_no_gt,2,1,0.9594253912381676,0.9591426340817149,-0.0002827571564529,D:\uwb thesis\RelatedData\DAVIS-data\DAVIS\SAM_results\blackswan\selected_by_sam\00013_sam_best.png,D:\uwb thesis\RelatedData\DAVIS-data\DAVIS\SAM_results\blackswan\selected_by_score_default_no_gt\00013_best.png,blackswan
14,default_no_gt,2,1,0.958207464142147,0.956412801966624,-0.0017946621755228,D:\uwb thesis\RelatedData\DAVIS-data\DAVIS\SAM_results\blackswan\selected_by_sam\00014_sam_best.png,D:\uwb thesis\RelatedData\DAVIS-data\DAVIS\SAM_results\blackswan\selected_by_score_default_no_gt\00014_best.png,blackswan
15,default_no_gt,2,1,0.9585905594073512,0.9566675325288686,-0.0019230268784825,D:\uwb thesis\RelatedData\DAVIS-data\DAVIS\SAM_results\blackswan\selected_by_sam\00015_sam_best.png,D:\uwb thesis\RelatedData\DAVIS-data\DAVIS\SAM_results\blackswan\selected_by_score_default_no_gt\00015_best.png,blackswan
16,default_no_gt,2,1,0.9567259786476868,0.9556346997499882,-0.0010912788976986,D:\uwb thesis\RelatedData\DAVIS-data\DAVIS\SAM_results\blackswan\selected_by_sam\00016_sam_best.png,D:\uwb thesis\RelatedData\DAVIS-data\DAVIS\SAM_results\blackswan\selected_by_score_default_no_gt\00016_best.png,blackswan
17,default_no_gt,2,1,0.9563275198403268,0.9574417723915924,0.0011142525512655,D:\uwb thesis\RelatedData\DAVIS-data\DAVIS\SAM_results\blackswan\selected_by_sam\00017_sam_best.png,D:\uwb thesis\RelatedData\DAVIS-data\DAVIS\SAM_results\blackswan\selected_by_score_default_no_gt\00017_best.png,blackswan
18,default_no_gt,2,1,0.9569603387975542,0.9574180706618328,0.0004577318642785,D:\uwb thesis\RelatedData\DAVIS-data\DAVIS\SAM_results\blackswan\selected_by_sam\00018_sam_best.png,D:\uwb thesis\RelatedData\DAVIS-data\DAVIS\SAM_results\blackswan\selected_by_score_default_no_gt\00018_best.png,blackswan
19,default_no_gt,2,1,0.9627974768230908,0.9611152045254676,-0.0016822722976232,D:\uwb thesis\RelatedData\DAVIS-data\DAVIS\SAM_results\blackswan\selected_by_sam\00019_sam_best.png,D:\uwb thesis\RelatedData\DAVIS-data\DAVIS\SAM_results\blackswan\selected_by_score_default_no_gt\00019_best.png,blackswan
20,default_no_gt,2,1,0.9639267982634976,0.9616182820066316,-0.0023085162568659,D:\uwb thesis\RelatedData\DAVIS-data\DAVIS\SAM_results\blackswan\selected_by_sam\00020_sam_best.png,D:\uwb thesis\RelatedData\DAVIS-data\DAVIS\SAM_results\blackswan\selected_by_score_default_no_gt\00020_best.png,blackswan
21,default_no_gt,2,1,0.9641491740604486,0.9593049621691292,-0.0048442118913195,D:\uwb thesis\RelatedData\DAVIS-data\DAVIS\SAM_results\blackswan\selected_by_sam\00021_sam_best.png,D:\uwb thesis\RelatedData\DAVIS-data\DAVIS\SAM_results\blackswan\selected_by_score_default_no_gt\00021_best.png,blackswan
22,default_no_gt,2,1,0.9663111562552904,0.9633607226947288,-0.0029504335605615,D:\uwb thesis\RelatedData\DAVIS-data\DAVIS\SAM_results\blackswan\selected_by_sam\00022_sam_best.png,D:\uwb thesis\RelatedData\DAVIS-data\DAVIS\SAM_results\blackswan\selected_by_score_default_no_gt\00022_best.png,blackswan
23,default_no_gt,2,1,0.9668410599234608,0.9642779770358424,-0.0025630828876183,D:\uwb thesis\RelatedData\DAVIS-data\DAVIS\SAM_results\blackswan\selected_by_sam\00023_sam_best.png,D:\uwb thesis\RelatedData\DAVIS-data\DAVIS\SAM_results\blackswan\selected_by_score_default_no_gt\00023_best.png,blackswan
24,default_no_gt,2,1,0.9649927571221631,0.9607499940058024,-0.0042427631163608,D:\uwb thesis\RelatedData\DAVIS-data\DAVIS\SAM_results\blackswan\selected_by_sam\00024_sam_best.png,D:\uwb thesis\RelatedData\DAVIS-data\DAVIS\SAM_results\blackswan\selected_by_score_default_no_gt\00024_best.png,blackswan
25,default_no_gt,2,1,0.9649283612330553,0.9629807231226624,-0.0019476381103927,D:\uwb thesis\RelatedData\DAVIS-data\DAVIS\SAM_results\blackswan\selected_by_sam\00025_sam_best.png,D:\uwb thesis\RelatedData\DAVIS-data\DAVIS\SAM_results\blackswan\selected_by_score_default_no_gt\00025_best.png,blackswan
26,default_no_gt,2,1,0.962325883513364,0.96086072922893,-0.0014651542844339,D:\uwb thesis\RelatedData\DAVIS-data\DAVIS\SAM_results\blackswan\selected_by_sam\00026_sam_best.png,D:\uwb thesis\RelatedData\DAVIS-data\DAVIS\SAM_results\blackswan\selected_by_score_default_no_gt\00026_best.png,blackswan
27,default_no_gt,2,1,0.9569541979244062,0.9547184170471842,-0.0022357808772219,D:\uwb thesis\RelatedData\DAVIS-data\DAVIS\SAM_results\blackswan\selected_by_sam\00027_sam_best.png,D:\uwb thesis\RelatedData\DAVIS-data\DAVIS\SAM_results\blackswan\selected_by_score_default_no_gt\00027_best.png,blackswan
28,default_no_gt,2,2,0.9569023407521106,0.9569023407521106,0.0,D:\uwb thesis\RelatedData\DAVIS-data\DAVIS\SAM_results\blackswan\selected_by_sam\00028_sam_best.png,D:\uwb thesis\RelatedData\DAVIS-data\DAVIS\SAM_results\blackswan\selected_by_score_default_no_gt\00028_best.png,blackswan
29,default_no_gt,2,1,0.9551494219791816,0.954287891052807,-0.0008615309263746,D:\uwb thesis\RelatedData\DAVIS-data\DAVIS\SAM_results\blackswan\selected_by_sam\00029_sam_best.png,D:\uwb thesis\RelatedData\DAVIS-data\DAVIS\SAM_results\blackswan\selected_by_score_default_no_gt\00029_best.png,blackswan
30,default_no_gt,2,1,0.9589774508621728,0.960970692014114,0.0019932411519409,D:\uwb thesis\RelatedData\DAVIS-data\DAVIS\SAM_results\blackswan\selected_by_sam\00030_sam_best.png,D:\uwb thesis\RelatedData\DAVIS-data\DAVIS\SAM_results\blackswan\selected_by_score_default_no_gt\00030_best.png,blackswan
31,default_no_gt,2,1,0.9563598559029036,0.957541953166322,0.0011820972634183,D:\uwb thesis\RelatedData\DAVIS-data\DAVIS\SAM_results\blackswan\selected_by_sam\00031_sam_best.png,D:\uwb thesis\RelatedData\DAVIS-data\DAVIS\SAM_results\blackswan\selected_by_score_default_no_gt\00031_best.png,blackswan
32,default_no_gt,2,1,0.9529664701903564,0.9545388979709588,0.0015724277806021,D:\uwb thesis\RelatedData\DAVIS-data\DAVIS\SAM_results\blackswan\selected_by_sam\00032_sam_best.png,D:\uwb thesis\RelatedData\DAVIS-data\DAVIS\SAM_results\blackswan\selected_by_score_default_no_gt\00032_best.png,blackswan
33,default_no_gt,2,1,0.9521952873368368,0.9502316759897246,-0.0019636113471122,D:\uwb thesis\RelatedData\DAVIS-data\DAVIS\SAM_results\blackswan\selected_by_sam\00033_sam_best.png,D:\uwb thesis\RelatedData\DAVIS-data\DAVIS\SAM_results\blackswan\selected_by_score_default_no_gt\00033_best.png,blackswan
34,default_no_gt,2,2,0.9495553994136604,0.9495553994136604,0.0,D:\uwb thesis\RelatedData\DAVIS-data\DAVIS\SAM_results\blackswan\selected_by_sam\00034_sam_best.png,D:\uwb thesis\RelatedData\DAVIS-data\DAVIS\SAM_results\blackswan\selected_by_score_default_no_gt\00034_best.png,blackswan
35,default_no_gt,2,2,0.9457383069192116,0.9457383069192116,0.0,D:\uwb thesis\RelatedData\DAVIS-data\DAVIS\SAM_results\blackswan\selected_by_sam\00035_sam_best.png,D:\uwb thesis\RelatedData\DAVIS-data\DAVIS\SAM_results\blackswan\selected_by_score_default_no_gt\00035_best.png,blackswan
36,default_no_gt,2,1,0.9384615384615383,0.9361119054427604,-0.0023496330187779,D:\uwb thesis\RelatedData\DAVIS-data\DAVIS\SAM_results\blackswan\selected_by_sam\00036_sam_best.png,D:\uwb thesis\RelatedData\DAVIS-data\DAVIS\SAM_results\blackswan\selected_by_score_default_no_gt\00036_best.png,blackswan
37,default_no_gt,2,1,0.9342874323511726,0.9344634117225736,0.0001759793714011,D:\uwb thesis\RelatedData\DAVIS-data\DAVIS\SAM_results\blackswan\selected_by_sam\00037_sam_best.png,D:\uwb thesis\RelatedData\DAVIS-data\DAVIS\SAM_results\blackswan\selected_by_score_default_no_gt\00037_best.png,blackswan
38,default_no_gt,2,1,0.9323433137575816,0.9332105791764312,0.0008672654188496,D:\uwb thesis\RelatedData\DAVIS-data\DAVIS\SAM_results\blackswan\selected_by_sam\00038_sam_best.png,D:\uwb thesis\RelatedData\DAVIS-data\DAVIS\SAM_results\blackswan\selected_by_score_default_no_gt\00038_best.png,blackswan
39,default_no_gt,2,1,0.927924039706517,0.9306330804828014,0.0027090407762843,D:\uwb thesis\RelatedData\DAVIS-data\DAVIS\SAM_results\blackswan\selected_by_sam\00039_sam_best.png,D:\uwb thesis\RelatedData\DAVIS-data\DAVIS\SAM_results\blackswan\selected_by_score_default_no_gt\00039_best.png,blackswan
40,default_no_gt,2,1,0.9284306657053591,0.9310666379743204,0.002635972268961,D:\uwb thesis\RelatedData\DAVIS-data\DAVIS\SAM_results\blackswan\selected_by_sam\00040_sam_best.png,D:\uwb thesis\RelatedData\DAVIS-data\DAVIS\SAM_results\blackswan\selected_by_score_default_no_gt\00040_best.png,blackswan
41,default_no_gt,2,1,0.9279659999519774,0.9297998375770314,0.001833837625054,D:\uwb thesis\RelatedData\DAVIS-data\DAVIS\SAM_results\blackswan\selected_by_sam\00041_sam_best.png,D:\uwb thesis\RelatedData\DAVIS-data\DAVIS\SAM_results\blackswan\selected_by_score_default_no_gt\00041_best.png,blackswan
42,default_no_gt,2,1,0.9296028447178109,0.9311746699827818,0.001571825264971,D:\uwb thesis\RelatedData\DAVIS-data\DAVIS\SAM_results\blackswan\selected_by_sam\00042_sam_best.png,D:\uwb thesis\RelatedData\DAVIS-data\DAVIS\SAM_results\blackswan\selected_by_score_default_no_gt\00042_best.png,blackswan
43,default_no_gt,2,1,0.9341597530387806,0.9338332175454568,-0.0003265354933239,D:\uwb thesis\RelatedData\DAVIS-data\DAVIS\SAM_results\blackswan\selected_by_sam\00043_sam_best.png,D:\uwb thesis\RelatedData\DAVIS-data\DAVIS\SAM_results\blackswan\selected_by_score_default_no_gt\00043_best.png,blackswan
44,default_no_gt,2,1,0.9364654215530138,0.9340619831739412,-0.0024034383790726,D:\uwb thesis\RelatedData\DAVIS-data\DAVIS\SAM_results\blackswan\selected_by_sam\00044_sam_best.png,D:\uwb thesis\RelatedData\DAVIS-data\DAVIS\SAM_results\blackswan\selected_by_score_default_no_gt\00044_best.png,blackswan
45,default_no_gt,2,1,0.9313711275433764,0.9322995552350042,0.0009284276916278,D:\uwb thesis\RelatedData\DAVIS-data\DAVIS\SAM_results\blackswan\selected_by_sam\00045_sam_best.png,D:\uwb thesis\RelatedData\DAVIS-data\DAVIS\SAM_results\blackswan\selected_by_score_default_no_gt\00045_best.png,blackswan
46,default_no_gt,2,1,0.9302510672165544,0.932036036036036,0.0017849688194815,D:\uwb thesis\RelatedData\DAVIS-data\DAVIS\SAM_results\blackswan\selected_by_sam\00046_sam_best.png,D:\uwb thesis\RelatedData\DAVIS-data\DAVIS\SAM_results\blackswan\selected_by_score_default_no_gt\00046_best.png,blackswan
47,default_no_gt,2,1,0.931374915516076,0.9340746624305004,0.0026997469144243,D:\uwb thesis\RelatedData\DAVIS-data\DAVIS\SAM_results\blackswan\selected_by_sam\00047_sam_best.png,D:\uwb thesis\RelatedData\DAVIS-data\DAVIS\SAM_results\blackswan\selected_by_score_default_no_gt\00047_best.png,blackswan
48,default_no_gt,2,1,0.9335898739078874,0.934466136418414,0.0008762625105266,D:\uwb thesis\RelatedData\DAVIS-data\DAVIS\SAM_results\blackswan\selected_by_sam\00048_sam_best.png,D:\uwb thesis\RelatedData\DAVIS-data\DAVIS\SAM_results\blackswan\selected_by_score_default_no_gt\00048_best.png,blackswan
49,default_no_gt,2,1,0.9319183989921016,0.9343395315141272,0.0024211325220254,D:\uwb thesis\RelatedData\DAVIS-data\DAVIS\SAM_results\blackswan\selected_by_sam\00049_sam_best.png,D:\uwb thesis\RelatedData\DAVIS-data\DAVIS\SAM_results\blackswan\selected_by_score_default_no_gt\00049_best.png,blackswan
0,default_no_gt,0,1,0.318586387434555,0.2189842913245269,-0.099602096110028,D:\uwb thesis\RelatedData\DAVIS-data\DAVIS\SAM_results\bmx-bumps\selected_by_sam\00000_sam_best.png,D:\uwb thesis\RelatedData\DAVIS-data\DAVIS\SAM_results\bmx-bumps\selected_by_score_default_no_gt\00000_best.png,bmx-bumps
1,default_no_gt,0,1,0.3131945331459956,0.2151711539297986,-0.098023379216197,D:\uwb thesis\RelatedData\DAVIS-data\DAVIS\SAM_results\bmx-bumps\selected_by_sam\00001_sam_best.png,D:\uwb thesis\RelatedData\DAVIS-data\DAVIS\SAM_results\bmx-bumps\selected_by_score_default_no_gt\00001_best.png,bmx-bumps
2,default_no_gt,0,1,0.3133785140562249,0.2205250393566778,-0.092853474699547,D:\uwb thesis\RelatedData\DAVIS-data\DAVIS\SAM_results\bmx-bumps\selected_by_sam\00002_sam_best.png,D:\uwb thesis\RelatedData\DAVIS-data\DAVIS\SAM_results\bmx-bumps\selected_by_score_default_no_gt\00002_best.png,bmx-bumps
3,default_no_gt,0,1,0.3319550728215255,0.2253028599975022,-0.1066522128240233,D:\uwb thesis\RelatedData\DAVIS-data\DAVIS\SAM_results\bmx-bumps\selected_by_sam\00003_sam_best.png,D:\uwb thesis\RelatedData\DAVIS-data\DAVIS\SAM_results\bmx-bumps\selected_by_score_default_no_gt\00003_best.png,bmx-bumps
4,default_no_gt,0,1,0.3333333333333333,0.2295810238017606,-0.1037523095315726,D:\uwb thesis\RelatedData\DAVIS-data\DAVIS\SAM_results\bmx-bumps\selected_by_sam\00004_sam_best.png,D:\uwb thesis\RelatedData\DAVIS-data\DAVIS\SAM_results\bmx-bumps\selected_by_score_default_no_gt\00004_best.png,bmx-bumps
5,default_no_gt,0,1,0.3310063302372359,0.2283805812890143,-0.1026257489482216,D:\uwb thesis\RelatedData\DAVIS-data\DAVIS\SAM_results\bmx-bumps\selected_by_sam\00005_sam_best.png,D:\uwb thesis\RelatedData\DAVIS-data\DAVIS\SAM_results\bmx-bumps\selected_by_score_default_no_gt\00005_best.png,bmx-bumps
6,default_no_gt,0,1,0.3135667268596726,0.2179896683623171,-0.0955770584973555,D:\uwb thesis\RelatedData\DAVIS-data\DAVIS\SAM_results\bmx-bumps\selected_by_sam\00006_sam_best.png,D:\uwb thesis\RelatedData\DAVIS-data\DAVIS\SAM_results\bmx-bumps\selected_by_score_default_no_gt\00006_best.png,bmx-bumps
7,default_no_gt,0,1,0.3136222729133766,0.2164915758176412,-0.0971306970957354,D:\uwb thesis\RelatedData\DAVIS-data\DAVIS\SAM_results\bmx-bumps\selected_by_sam\00007_sam_best.png,D:\uwb thesis\RelatedData\DAVIS-data\DAVIS\SAM_results\bmx-bumps\selected_by_score_default_no_gt\00007_best.png,bmx-bumps
8,default_no_gt,0,1,0.3270306104801983,0.2236240340640277,-0.1034065764161705,D:\uwb thesis\RelatedData\DAVIS-data\DAVIS\SAM_results\bmx-bumps\selected_by_sam\00008_sam_best.png,D:\uwb thesis\RelatedData\DAVIS-data\DAVIS\SAM_results\bmx-bumps\selected_by_score_default_no_gt\00008_best.png,bmx-bumps
9,default_no_gt,0,1,0.3237250554323725,0.2263299217807526,-0.0973951336516198,D:\uwb thesis\RelatedData\DAVIS-data\DAVIS\SAM_results\bmx-bumps\selected_by_sam\00009_sam_best.png,D:\uwb thesis\RelatedData\DAVIS-data\DAVIS\SAM_results\bmx-bumps\selected_by_score_default_no_gt\00009_best.png,bmx-bumps
10,default_no_gt,0,1,0.3078828828828829,0.2162642457021441,-0.0916186371807388,D:\uwb thesis\RelatedData\DAVIS-data\DAVIS\SAM_results\bmx-bumps\selected_by_sam\00010_sam_best.png,D:\uwb thesis\RelatedData\DAVIS-data\DAVIS\SAM_results\bmx-bumps\selected_by_score_default_no_gt\00010_best.png,bmx-bumps
11,default_no_gt,0,1,0.3093500570125427,0.2140451198496005,-0.0953049371629422,D:\uwb thesis\RelatedData\DAVIS-data\DAVIS\SAM_results\bmx-bumps\selected_by_sam\00011_sam_best.png,D:\uwb thesis\RelatedData\DAVIS-data\DAVIS\SAM_results\bmx-bumps\selected_by_score_default_no_gt\00011_best.png,bmx-bumps
12,default_no_gt,0,1,0.3050767968108805,0.2132637200589853,-0.0918130767518952,D:\uwb thesis\RelatedData\DAVIS-data\DAVIS\SAM_results\bmx-bumps\selected_by_sam\00012_sam_best.png,D:\uwb thesis\RelatedData\DAVIS-data\DAVIS\SAM_results\bmx-bumps\selected_by_score_default_no_gt\00012_best.png,bmx-bumps
13,default_no_gt,0,1,0.3173871958421922,0.2209878034053858,-0.0963993924368064,D:\uwb thesis\RelatedData\DAVIS-data\DAVIS\SAM_results\bmx-bumps\selected_by_sam\00013_sam_best.png,D:\uwb thesis\RelatedData\DAVIS-data\DAVIS\SAM_results\bmx-bumps\selected_by_score_default_no_gt\00013_best.png,bmx-bumps
14,default_no_gt,0,1,0.3202250449509889,0.2245186640471513,-0.0957063809038376,D:\uwb thesis\RelatedData\DAVIS-data\DAVIS\SAM_results\bmx-bumps\selected_by_sam\00014_sam_best.png,D:\uwb thesis\RelatedData\DAVIS-data\DAVIS\SAM_results\bmx-bumps\selected_by_score_default_no_gt\00014_best.png,bmx-bumps
15,default_no_gt,2,1,0.2746171738709052,0.2276891486337071,-0.046928025237198,D:\uwb thesis\RelatedData\DAVIS-data\DAVIS\SAM_results\bmx-bumps\selected_by_sam\00015_sam_best.png,D:\uwb thesis\RelatedData\DAVIS-data\DAVIS\SAM_results\bmx-bumps\selected_by_score_default_no_gt\00015_best.png,bmx-bumps
16,default_no_gt,0,1,0.3387228102826567,0.2405540561993967,-0.0981687540832599,D:\uwb thesis\RelatedData\DAVIS-data\DAVIS\SAM_results\bmx-bumps\selected_by_sam\00016_sam_best.png,D:\uwb thesis\RelatedData\DAVIS-data\DAVIS\SAM_results\bmx-bumps\selected_by_score_default_no_gt\00016_best.png,bmx-bumps
17,default_no_gt,0,1,0.3417820121037809,0.2381279276368922,-0.1036540844668887,D:\uwb thesis\RelatedData\DAVIS-data\DAVIS\SAM_results\bmx-bumps\selected_by_sam\00017_sam_best.png,D:\uwb thesis\RelatedData\DAVIS-data\DAVIS\SAM_results\bmx-bumps\selected_by_score_default_no_gt\00017_best.png,bmx-bumps
18,default_no_gt,0,1,0.3602914389799636,0.2518774101887558,-0.1084140287912077,D:\uwb thesis\RelatedData\DAVIS-data\DAVIS\SAM_results\bmx-bumps\selected_by_sam\00018_sam_best.png,D:\uwb thesis\RelatedData\DAVIS-data\DAVIS\SAM_results\bmx-bumps\selected_by_score_default_no_gt\00018_best.png,bmx-bumps
19,default_no_gt,0,1,0.3753692205678461,0.2723945134950323,-0.1029747070728138,D:\uwb thesis\RelatedData\DAVIS-data\DAVIS\SAM_results\bmx-bumps\selected_by_sam\00019_sam_best.png,D:\uwb thesis\RelatedData\DAVIS-data\DAVIS\SAM_results\bmx-bumps\selected_by_score_default_no_gt\00019_best.png,bmx-bumps
20,default_no_gt,0,1,0.3596717186844785,0.2497885877662787,-0.1098831309181997,D:\uwb thesis\RelatedData\DAVIS-data\DAVIS\SAM_results\bmx-bumps\selected_by_sam\00020_sam_best.png,D:\uwb thesis\RelatedData\DAVIS-data\DAVIS\SAM_results\bmx-bumps\selected_by_score_default_no_gt\00020_best.png,bmx-bumps
21,default_no_gt,0,1,0.3585399203376731,0.2502664929527419,-0.1082734273849312,D:\uwb thesis\RelatedData\DAVIS-data\DAVIS\SAM_results\bmx-bumps\selected_by_sam\00021_sam_best.png,D:\uwb thesis\RelatedData\DAVIS-data\DAVIS\SAM_results\bmx-bumps\selected_by_score_default_no_gt\00021_best.png,bmx-bumps
22,default_no_gt,0,1,0.3276297657326596,0.2355720421710269,-0.0920577235616326,D:\uwb thesis\RelatedData\DAVIS-data\DAVIS\SAM_results\bmx-bumps\selected_by_sam\00022_sam_best.png,D:\uwb thesis\RelatedData\DAVIS-data\DAVIS\SAM_results\bmx-bumps\selected_by_score_default_no_gt\00022_best.png,bmx-bumps
23,default_no_gt,0,1,0.3109965635738831,0.2170055167624706,-0.0939910468114125,D:\uwb thesis\RelatedData\DAVIS-data\DAVIS\SAM_results\bmx-bumps\selected_by_sam\00023_sam_best.png,D:\uwb thesis\RelatedData\DAVIS-data\DAVIS\SAM_results\bmx-bumps\selected_by_score_default_no_gt\00023_best.png,bmx-bumps
24,default_no_gt,0,1,0.2839680833003226,0.2020186631117882,-0.0819494201885343,D:\uwb thesis\RelatedData\DAVIS-data\DAVIS\SAM_results\bmx-bumps\selected_by_sam\00024_sam_best.png,D:\uwb thesis\RelatedData\DAVIS-data\DAVIS\SAM_results\bmx-bumps\selected_by_score_default_no_gt\00024_best.png,bmx-bumps
25,default_no_gt,0,1,0.3186516853932584,0.224170199763187,-0.0944814856300713,D:\uwb thesis\RelatedData\DAVIS-data\DAVIS\SAM_results\bmx-bumps\selected_by_sam\00025_sam_best.png,D:\uwb thesis\RelatedData\DAVIS-data\DAVIS\SAM_results\bmx-bumps\selected_by_score_default_no_gt\00025_best.png,bmx-bumps
26,default_no_gt,0,1,0.3083333333333333,0.2219694384408296,-0.0863638948925037,D:\uwb thesis\RelatedData\DAVIS-data\DAVIS\SAM_results\bmx-bumps\selected_by_sam\00026_sam_best.png,D:\uwb thesis\RelatedData\DAVIS-data\DAVIS\SAM_results\bmx-bumps\selected_by_score_default_no_gt\00026_best.png,bmx-bumps
27,default_no_gt,0,1,0.3212356515867657,0.226023189741227,-0.0952124618455386,D:\uwb thesis\RelatedData\DAVIS-data\DAVIS\SAM_results\bmx-bumps\selected_by_sam\00027_sam_best.png,D:\uwb thesis\RelatedData\DAVIS-data\DAVIS\SAM_results\bmx-bumps\selected_by_score_default_no_gt\00027_best.png,bmx-bumps
28,default_no_gt,2,1,0.3256295989221681,0.2409429186657096,-0.0846866802564584,D:\uwb thesis\RelatedData\DAVIS-data\DAVIS\SAM_results\bmx-bumps\selected_by_sam\00028_sam_best.png,D:\uwb thesis\RelatedData\DAVIS-data\DAVIS\SAM_results\bmx-bumps\selected_by_score_default_no_gt\00028_best.png,bmx-bumps
29,default_no_gt,2,1,0.2522063954681663,0.232657216106168,-0.0195491793619983,D:\uwb thesis\RelatedData\DAVIS-data\DAVIS\SAM_results\bmx-bumps\selected_by_sam\00029_sam_best.png,D:\uwb thesis\RelatedData\DAVIS-data\DAVIS\SAM_results\bmx-bumps\selected_by_score_default_no_gt\00029_best.png,bmx-bumps
30,default_no_gt,2,1,0.2884427563754748,0.2162018483683651,-0.0722409080071097,D:\uwb thesis\RelatedData\DAVIS-data\DAVIS\SAM_results\bmx-bumps\selected_by_sam\00030_sam_best.png,D:\uwb thesis\RelatedData\DAVIS-data\DAVIS\SAM_results\bmx-bumps\selected_by_score_default_no_gt\00030_best.png,bmx-bumps
31,default_no_gt,2,1,0.2806281467274035,0.2089361096618128,-0.0716920370655906,D:\uwb thesis\RelatedData\DAVIS-data\DAVIS\SAM_results\bmx-bumps\selected_by_sam\00031_sam_best.png,D:\uwb thesis\RelatedData\DAVIS-data\DAVIS\SAM_results\bmx-bumps\selected_by_score_default_no_gt\00031_best.png,bmx-bumps
32,default_no_gt,2,1,0.3616896879339326,0.213756553453385,-0.1479331344805476,D:\uwb thesis\RelatedData\DAVIS-data\DAVIS\SAM_results\bmx-bumps\selected_by_sam\00032_sam_best.png,D:\uwb thesis\RelatedData\DAVIS-data\DAVIS\SAM_results\bmx-bumps\selected_by_score_default_no_gt\00032_best.png,bmx-bumps
33,default_no_gt,2,1,0.8427115640230395,0.5702436495593571,-0.2724679144636823,D:\uwb thesis\RelatedData\DAVIS-data\DAVIS\SAM_results\bmx-bumps\selected_by_sam\00033_sam_best.png,D:\uwb thesis\RelatedData\DAVIS-data\DAVIS\SAM_results\bmx-bumps\selected_by_score_default_no_gt\00033_best.png,bmx-bumps
34,default_no_gt,0,1,0.7008106116433309,0.3545344619105199,-0.3462761497328109,D:\uwb thesis\RelatedData\DAVIS-data\DAVIS\SAM_results\bmx-bumps\selected_by_sam\00034_sam_best.png,D:\uwb thesis\RelatedData\DAVIS-data\DAVIS\SAM_results\bmx-bumps\selected_by_score_default_no_gt\00034_best.png,bmx-bumps
35,default_no_gt,0,1,0.7419527896995708,0.2778552920071756,-0.4640974976923951,D:\uwb thesis\RelatedData\DAVIS-data\DAVIS\SAM_results\bmx-bumps\selected_by_sam\00035_sam_best.png,D:\uwb thesis\RelatedData\DAVIS-data\DAVIS\SAM_results\bmx-bumps\selected_by_score_default_no_gt\00035_best.png,bmx-bumps
36,default_no_gt,2,1,0.2894935752078609,0.2846039970392301,-0.0048895781686307,D:\uwb thesis\RelatedData\DAVIS-data\DAVIS\SAM_results\bmx-bumps\selected_by_sam\00036_sam_best.png,D:\uwb thesis\RelatedData\DAVIS-data\DAVIS\SAM_results\bmx-bumps\selected_by_score_default_no_gt\00036_best.png,bmx-bumps
37,default_no_gt,1,2,0.0,0.0,0.0,D:\uwb thesis\RelatedData\DAVIS-data\DAVIS\SAM_results\bmx-bumps\selected_by_sam\00037_sam_best.png,D:\uwb thesis\RelatedData\DAVIS-data\DAVIS\SAM_results\bmx-bumps\selected_by_score_default_no_gt\00037_best.png,bmx-bumps
38,default_no_gt,1,2,0.0,0.0,0.0,D:\uwb thesis\RelatedData\DAVIS-data\DAVIS\SAM_results\bmx-bumps\selected_by_sam\00038_sam_best.png,D:\uwb thesis\RelatedData\DAVIS-data\DAVIS\SAM_results\bmx-bumps\selected_by_score_default_no_gt\00038_best.png,bmx-bumps
39,default_no_gt,1,2,0.0,0.0,0.0,D:\uwb thesis\RelatedData\DAVIS-data\DAVIS\SAM_results\bmx-bumps\selected_by_sam\00039_sam_best.png,D:\uwb thesis\RelatedData\DAVIS-data\DAVIS\SAM_results\bmx-bumps\selected_by_score_default_no_gt\00039_best.png,bmx-bumps
40,default_no_gt,1,2,0.0,0.0,0.0,D:\uwb thesis\RelatedData\DAVIS-data\DAVIS\SAM_results\bmx-bumps\selected_by_sam\00040_sam_best.png,D:\uwb thesis\RelatedData\DAVIS-data\DAVIS\SAM_results\bmx-bumps\selected_by_score_default_no_gt\00040_best.png,bmx-bumps
41,default_no_gt,4,5,0.0,0.0,0.0,D:\uwb thesis\RelatedData\DAVIS-data\DAVIS\SAM_results\bmx-bumps\selected_by_sam\00041_sam_best.png,D:\uwb thesis\RelatedData\DAVIS-data\DAVIS\SAM_results\bmx-bumps\selected_by_score_default_no_gt\00041_best.png,bmx-bumps
42,default_no_gt,2,1,0.2895330112721417,0.2904564315352697,0.000923420263128,D:\uwb thesis\RelatedData\DAVIS-data\DAVIS\SAM_results\bmx-bumps\selected_by_sam\00042_sam_best.png,D:\uwb thesis\RelatedData\DAVIS-data\DAVIS\SAM_results\bmx-bumps\selected_by_score_default_no_gt\00042_best.png,bmx-bumps
43,default_no_gt,1,2,0.3019057171514543,0.3053977272727273,0.0034920101212729,D:\uwb thesis\RelatedData\DAVIS-data\DAVIS\SAM_results\bmx-bumps\selected_by_sam\00043_sam_best.png,D:\uwb thesis\RelatedData\DAVIS-data\DAVIS\SAM_results\bmx-bumps\selected_by_score_default_no_gt\00043_best.png,bmx-bumps
44,default_no_gt,5,1,0.3688191623476677,0.3537178596247394,-0.0151013027229283,D:\uwb thesis\RelatedData\DAVIS-data\DAVIS\SAM_results\bmx-bumps\selected_by_sam\00044_sam_best.png,D:\uwb thesis\RelatedData\DAVIS-data\DAVIS\SAM_results\bmx-bumps\selected_by_score_default_no_gt\00044_best.png,bmx-bumps
45,default_no_gt,1,1,0.5422410745846589,0.5422410745846589,0.0,D:\uwb thesis\RelatedData\DAVIS-data\DAVIS\SAM_results\bmx-bumps\selected_by_sam\00045_sam_best.png,D:\uwb thesis\RelatedData\DAVIS-data\DAVIS\SAM_results\bmx-bumps\selected_by_score_default_no_gt\00045_best.png,bmx-bumps
46,default_no_gt,4,2,0.6060686718126165,0.2051998881744478,-0.4008687836381686,D:\uwb thesis\RelatedData\DAVIS-data\DAVIS\SAM_results\bmx-bumps\selected_by_sam\00046_sam_best.png,D:\uwb thesis\RelatedData\DAVIS-data\DAVIS\SAM_results\bmx-bumps\selected_by_score_default_no_gt\00046_best.png,bmx-bumps
47,default_no_gt,5,1,0.8700401606425703,0.1122897313582726,-0.7577504292842976,D:\uwb thesis\RelatedData\DAVIS-data\DAVIS\SAM_results\bmx-bumps\selected_by_sam\00047_sam_best.png,D:\uwb thesis\RelatedData\DAVIS-data\DAVIS\SAM_results\bmx-bumps\selected_by_score_default_no_gt\00047_best.png,bmx-bumps
48,default_no_gt,2,1,0.917163394109397,0.76529574189798,-0.1518676522114169,D:\uwb thesis\RelatedData\DAVIS-data\DAVIS\SAM_results\bmx-bumps\selected_by_sam\00048_sam_best.png,D:\uwb thesis\RelatedData\DAVIS-data\DAVIS\SAM_results\bmx-bumps\selected_by_score_default_no_gt\00048_best.png,bmx-bumps
49,default_no_gt,2,1,0.8845227670753065,0.8763644223495083,-0.0081583447257982,D:\uwb thesis\RelatedData\DAVIS-data\DAVIS\SAM_results\bmx-bumps\selected_by_sam\00049_sam_best.png,D:\uwb thesis\RelatedData\DAVIS-data\DAVIS\SAM_results\bmx-bumps\selected_by_score_default_no_gt\00049_best.png,bmx-bumps
50,default_no_gt,2,1,0.9494695700725851,0.9425764494257644,-0.0068931206468206,D:\uwb thesis\RelatedData\DAVIS-data\DAVIS\SAM_results\bmx-bumps\selected_by_sam\00050_sam_best.png,D:\uwb thesis\RelatedData\DAVIS-data\DAVIS\SAM_results\bmx-bumps\selected_by_score_default_no_gt\00050_best.png,bmx-bumps
51,default_no_gt,2,1,0.9637288691941572,0.9594132029339854,-0.0043156662601718,D:\uwb thesis\RelatedData\DAVIS-data\DAVIS\SAM_results\bmx-bumps\selected_by_sam\00051_sam_best.png,D:\uwb thesis\RelatedData\DAVIS-data\DAVIS\SAM_results\bmx-bumps\selected_by_score_default_no_gt\00051_best.png,bmx-bumps
52,default_no_gt,2,1,0.9629629629629628,0.9579413392363032,-0.0050216237266595,D:\uwb thesis\RelatedData\DAVIS-data\DAVIS\SAM_results\bmx-bumps\selected_by_sam\00052_sam_best.png,D:\uwb thesis\RelatedData\DAVIS-data\DAVIS\SAM_results\bmx-bumps\selected_by_score_default_no_gt\00052_best.png,bmx-bumps
53,default_no_gt,2,1,0.966952264381885,0.9607605177993528,-0.0061917465825321,D:\uwb thesis\RelatedData\DAVIS-data\DAVIS\SAM_results\bmx-bumps\selected_by_sam\00053_sam_best.png,D:\uwb thesis\RelatedData\DAVIS-data\DAVIS\SAM_results\bmx-bumps\selected_by_score_default_no_gt\00053_best.png,bmx-bumps
54,default_no_gt,2,1,0.9571222428365286,0.950010201999592,-0.0071120408369366,D:\uwb thesis\RelatedData\DAVIS-data\DAVIS\SAM_results\bmx-bumps\selected_by_sam\00054_sam_best.png,D:\uwb thesis\RelatedData\DAVIS-data\DAVIS\SAM_results\bmx-bumps\selected_by_score_default_no_gt\00054_best.png,bmx-bumps
55,default_no_gt,2,1,0.9581060015588464,0.9543520309477757,-0.0037539706110707,D:\uwb thesis\RelatedData\DAVIS-data\DAVIS\SAM_results\bmx-bumps\selected_by_sam\00055_sam_best.png,D:\uwb thesis\RelatedData\DAVIS-data\DAVIS\SAM_results\bmx-bumps\selected_by_score_default_no_gt\00055_best.png,bmx-bumps
56,default_no_gt,2,1,0.9536283185840708,0.9482546921592704,-0.0053736264248005,D:\uwb thesis\RelatedData\DAVIS-data\DAVIS\SAM_results\bmx-bumps\selected_by_sam\00056_sam_best.png,D:\uwb thesis\RelatedData\DAVIS-data\DAVIS\SAM_results\bmx-bumps\selected_by_score_default_no_gt\00056_best.png,bmx-bumps
57,default_no_gt,2,1,0.9314567430025446,0.9232583739581696,-0.0081983690443749,D:\uwb thesis\RelatedData\DAVIS-data\DAVIS\SAM_results\bmx-bumps\selected_by_sam\00057_sam_best.png,D:\uwb thesis\RelatedData\DAVIS-data\DAVIS\SAM_results\bmx-bumps\selected_by_score_default_no_gt\00057_best.png,bmx-bumps
58,default_no_gt,2,1,0.9060483870967742,0.900796812749004,-0.0052515743477701,D:\uwb thesis\RelatedData\DAVIS-data\DAVIS\SAM_results\bmx-bumps\selected_by_sam\00058_sam_best.png,D:\uwb thesis\RelatedData\DAVIS-data\DAVIS\SAM_results\bmx-bumps\selected_by_score_default_no_gt\00058_best.png,bmx-bumps
60,default_no_gt,4,1,0.0,0.0,0.0,D:\uwb thesis\RelatedData\DAVIS-data\DAVIS\SAM_results\bmx-bumps\selected_by_sam\00060_sam_best.png,D:\uwb thesis\RelatedData\DAVIS-data\DAVIS\SAM_results\bmx-bumps\selected_by_score_default_no_gt\00060_best.png,bmx-bumps
61,default_no_gt,1,2,1.3826668878933689e-05,0.0,-1.3826668878933689e-05,D:\uwb thesis\RelatedData\DAVIS-data\DAVIS\SAM_results\bmx-bumps\selected_by_sam\00061_sam_best.png,D:\uwb thesis\RelatedData\DAVIS-data\DAVIS\SAM_results\bmx-bumps\selected_by_score_default_no_gt\00061_best.png,bmx-bumps
62,default_no_gt,1,2,0.0,0.0,0.0,D:\uwb thesis\RelatedData\DAVIS-data\DAVIS\SAM_results\bmx-bumps\selected_by_sam\00062_sam_best.png,D:\uwb thesis\RelatedData\DAVIS-data\DAVIS\SAM_results\bmx-bumps\selected_by_score_default_no_gt\00062_best.png,bmx-bumps
63,default_no_gt,1,0,0.0,0.0,0.0,D:\uwb thesis\RelatedData\DAVIS-data\DAVIS\SAM_results\bmx-bumps\selected_by_sam\00063_sam_best.png,D:\uwb thesis\RelatedData\DAVIS-data\DAVIS\SAM_results\bmx-bumps\selected_by_score_default_no_gt\00063_best.png,bmx-bumps
64,default_no_gt,1,0,0.0,0.0,0.0,D:\uwb thesis\RelatedData\DAVIS-data\DAVIS\SAM_results\bmx-bumps\selected_by_sam\00064_sam_best.png,D:\uwb thesis\RelatedData\DAVIS-data\DAVIS\SAM_results\bmx-bumps\selected_by_score_default_no_gt\00064_best.png,bmx-bumps
65,default_no_gt,1,0,0.0,0.0,0.0,D:\uwb thesis\RelatedData\DAVIS-data\DAVIS\SAM_results\bmx-bumps\selected_by_sam\00065_sam_best.png,D:\uwb thesis\RelatedData\DAVIS-data\DAVIS\SAM_results\bmx-bumps\selected_by_score_default_no_gt\00065_best.png,bmx-bumps
66,default_no_gt,1,0,0.0,0.0,0.0,D:\uwb thesis\RelatedData\DAVIS-data\DAVIS\SAM_results\bmx-bumps\selected_by_sam\00066_sam_best.png,D:\uwb thesis\RelatedData\DAVIS-data\DAVIS\SAM_results\bmx-bumps\selected_by_score_default_no_gt\00066_best.png,bmx-bumps
67,default_no_gt,1,2,0.0,0.0,0.0,D:\uwb thesis\RelatedData\DAVIS-data\DAVIS\SAM_results\bmx-bumps\selected_by_sam\00067_sam_best.png,D:\uwb thesis\RelatedData\DAVIS-data\DAVIS\SAM_results\bmx-bumps\selected_by_score_default_no_gt\00067_best.png,bmx-bumps
68,default_no_gt,2,2,0.0,0.0,0.0,D:\uwb thesis\RelatedData\DAVIS-data\DAVIS\SAM_results\bmx-bumps\selected_by_sam\00068_sam_best.png,D:\uwb thesis\RelatedData\DAVIS-data\DAVIS\SAM_results\bmx-bumps\selected_by_score_default_no_gt\00068_best.png,bmx-bumps
69,default_no_gt,2,2,0.0,0.0,0.0,D:\uwb thesis\RelatedData\DAVIS-data\DAVIS\SAM_results\bmx-bumps\selected_by_sam\00069_sam_best.png,D:\uwb thesis\RelatedData\DAVIS-data\DAVIS\SAM_results\bmx-bumps\selected_by_score_default_no_gt\00069_best.png,bmx-bumps
70,default_no_gt,1,2,0.0,0.0,0.0,D:\uwb thesis\RelatedData\DAVIS-data\DAVIS\SAM_results\bmx-bumps\selected_by_sam\00070_sam_best.png,D:\uwb thesis\RelatedData\DAVIS-data\DAVIS\SAM_results\bmx-bumps\selected_by_score_default_no_gt\00070_best.png,bmx-bumps
71,default_no_gt,2,0,0.0,0.0,0.0,D:\uwb thesis\RelatedData\DAVIS-data\DAVIS\SAM_results\bmx-bumps\selected_by_sam\00071_sam_best.png,D:\uwb thesis\RelatedData\DAVIS-data\DAVIS\SAM_results\bmx-bumps\selected_by_score_default_no_gt\00071_best.png,bmx-bumps
72,default_no_gt,1,2,0.0,0.0,0.0,D:\uwb thesis\RelatedData\DAVIS-data\DAVIS\SAM_results\bmx-bumps\selected_by_sam\00072_sam_best.png,D:\uwb thesis\RelatedData\DAVIS-data\DAVIS\SAM_results\bmx-bumps\selected_by_score_default_no_gt\00072_best.png,bmx-bumps
73,default_no_gt,1,1,0.0,0.0,0.0,D:\uwb thesis\RelatedData\DAVIS-data\DAVIS\SAM_results\bmx-bumps\selected_by_sam\00073_sam_best.png,D:\uwb thesis\RelatedData\DAVIS-data\DAVIS\SAM_results\bmx-bumps\selected_by_score_default_no_gt\00073_best.png,bmx-bumps
74,default_no_gt,1,4,0.0,0.0,0.0,D:\uwb thesis\RelatedData\DAVIS-data\DAVIS\SAM_results\bmx-bumps\selected_by_sam\00074_sam_best.png,D:\uwb thesis\RelatedData\DAVIS-data\DAVIS\SAM_results\bmx-bumps\selected_by_score_default_no_gt\00074_best.png,bmx-bumps
75,default_no_gt,1,2,0.0005480167014613,0.0,-0.0005480167014613,D:\uwb thesis\RelatedData\DAVIS-data\DAVIS\SAM_results\bmx-bumps\selected_by_sam\00075_sam_best.png,D:\uwb thesis\RelatedData\DAVIS-data\DAVIS\SAM_results\bmx-bumps\selected_by_score_default_no_gt\00075_best.png,bmx-bumps
76,default_no_gt,8,5,0.0006769621324307,0.3459935155164428,0.345316553384012,D:\uwb thesis\RelatedData\DAVIS-data\DAVIS\SAM_results\bmx-bumps\selected_by_sam\00076_sam_best.png,D:\uwb thesis\RelatedData\DAVIS-data\DAVIS\SAM_results\bmx-bumps\selected_by_score_default_no_gt\00076_best.png,bmx-bumps
77,default_no_gt,2,1,0.4462498186566082,0.34513375071144,-0.1011160679451682,D:\uwb thesis\RelatedData\DAVIS-data\DAVIS\SAM_results\bmx-bumps\selected_by_sam\00077_sam_best.png,D:\uwb thesis\RelatedData\DAVIS-data\DAVIS\SAM_results\bmx-bumps\selected_by_score_default_no_gt\00077_best.png,bmx-bumps
78,default_no_gt,2,1,0.279274100837576,0.3876095676719655,0.1083354668343895,D:\uwb thesis\RelatedData\DAVIS-data\DAVIS\SAM_results\bmx-bumps\selected_by_sam\00078_sam_best.png,D:\uwb thesis\RelatedData\DAVIS-data\DAVIS\SAM_results\bmx-bumps\selected_by_score_default_no_gt\00078_best.png,bmx-bumps
79,default_no_gt,2,1,0.24855265216711,0.220459629855603,-0.0280930223115069,D:\uwb thesis\RelatedData\DAVIS-data\DAVIS\SAM_results\bmx-bumps\selected_by_sam\00079_sam_best.png,D:\uwb thesis\RelatedData\DAVIS-data\DAVIS\SAM_results\bmx-bumps\selected_by_score_default_no_gt\00079_best.png,bmx-bumps
80,default_no_gt,0,1,0.3127188940092166,0.226509853782581,-0.0862090402266355,D:\uwb thesis\RelatedData\DAVIS-data\DAVIS\SAM_results\bmx-bumps\selected_by_sam\00080_sam_best.png,D:\uwb thesis\RelatedData\DAVIS-data\DAVIS\SAM_results\bmx-bumps\selected_by_score_default_no_gt\00080_best.png,bmx-bumps
81,default_no_gt,0,1,0.3217897091722595,0.2360143153136183,-0.0857753938586411,D:\uwb thesis\RelatedData\DAVIS-data\DAVIS\SAM_results\bmx-bumps\selected_by_sam\00081_sam_best.png,D:\uwb thesis\RelatedData\DAVIS-data\DAVIS\SAM_results\bmx-bumps\selected_by_score_default_no_gt\00081_best.png,bmx-bumps
82,default_no_gt,0,1,0.3249440214957456,0.2460327455919395,-0.078911275903806,D:\uwb thesis\RelatedData\DAVIS-data\DAVIS\SAM_results\bmx-bumps\selected_by_sam\00082_sam_best.png,D:\uwb thesis\RelatedData\DAVIS-data\DAVIS\SAM_results\bmx-bumps\selected_by_score_default_no_gt\00082_best.png,bmx-bumps
83,default_no_gt,0,1,0.3208725561187545,0.2423550310874254,-0.078517525031329,D:\uwb thesis\RelatedData\DAVIS-data\DAVIS\SAM_results\bmx-bumps\selected_by_sam\00083_sam_best.png,D:\uwb thesis\RelatedData\DAVIS-data\DAVIS\SAM_results\bmx-bumps\selected_by_score_default_no_gt\00083_best.png,bmx-bumps
84,default_no_gt,0,1,0.3260968712943537,0.2477129235923205,-0.0783839477020331,D:\uwb thesis\RelatedData\DAVIS-data\DAVIS\SAM_results\bmx-bumps\selected_by_sam\00084_sam_best.png,D:\uwb thesis\RelatedData\DAVIS-data\DAVIS\SAM_results\bmx-bumps\selected_by_score_default_no_gt\00084_best.png,bmx-bumps
85,default_no_gt,0,1,0.3099097439675815,0.2398116046313861,-0.0700981393361953,D:\uwb thesis\RelatedData\DAVIS-data\DAVIS\SAM_results\bmx-bumps\selected_by_sam\00085_sam_best.png,D:\uwb thesis\RelatedData\DAVIS-data\DAVIS\SAM_results\bmx-bumps\selected_by_score_default_no_gt\00085_best.png,bmx-bumps
86,default_no_gt,2,1,0.2624372432679142,0.2297467098736856,-0.0326905333942285,D:\uwb thesis\RelatedData\DAVIS-data\DAVIS\SAM_results\bmx-bumps\selected_by_sam\00086_sam_best.png,D:\uwb thesis\RelatedData\DAVIS-data\DAVIS\SAM_results\bmx-bumps\selected_by_score_default_no_gt\00086_best.png,bmx-bumps
87,default_no_gt,2,1,0.2691635645369596,0.2373381632789964,-0.0318254012579632,D:\uwb thesis\RelatedData\DAVIS-data\DAVIS\SAM_results\bmx-bumps\selected_by_sam\00087_sam_best.png,D:\uwb thesis\RelatedData\DAVIS-data\DAVIS\SAM_results\bmx-bumps\selected_by_score_default_no_gt\00087_best.png,bmx-bumps
88,default_no_gt,2,2,0.3148678228658023,0.3148678228658023,0.0,D:\uwb thesis\RelatedData\DAVIS-data\DAVIS\SAM_results\bmx-bumps\selected_by_sam\00088_sam_best.png,D:\uwb thesis\RelatedData\DAVIS-data\DAVIS\SAM_results\bmx-bumps\selected_by_score_default_no_gt\00088_best.png,bmx-bumps
89,default_no_gt,2,2,0.3088881653915025,0.3088881653915025,0.0,D:\uwb thesis\RelatedData\DAVIS-data\DAVIS\SAM_results\bmx-bumps\selected_by_sam\00089_sam_best.png,D:\uwb thesis\RelatedData\DAVIS-data\DAVIS\SAM_results\bmx-bumps\selected_by_score_default_no_gt\00089_best.png,bmx-bumps
0,default_no_gt,5,1,0.0,0.2895281352510724,0.2895281352510724,D:\uwb thesis\RelatedData\DAVIS-data\DAVIS\SAM_results\bmx-trees\selected_by_sam\00000_sam_best.png,D:\uwb thesis\RelatedData\DAVIS-data\DAVIS\SAM_results\bmx-trees\selected_by_score_default_no_gt\00000_best.png,bmx-trees
1,default_no_gt,5,6,0.0,0.0,0.0,D:\uwb thesis\RelatedData\DAVIS-data\DAVIS\SAM_results\bmx-trees\selected_by_sam\00001_sam_best.png,D:\uwb thesis\RelatedData\DAVIS-data\DAVIS\SAM_results\bmx-trees\selected_by_score_default_no_gt\00001_best.png,bmx-trees
2,default_no_gt,5,1,0.0,0.3023663919170433,0.3023663919170433,D:\uwb thesis\RelatedData\DAVIS-data\DAVIS\SAM_results\bmx-trees\selected_by_sam\00002_sam_best.png,D:\uwb thesis\RelatedData\DAVIS-data\DAVIS\SAM_results\bmx-trees\selected_by_score_default_no_gt\00002_best.png,bmx-trees
3,default_no_gt,8,1,0.0,0.3156456636974698,0.3156456636974698,D:\uwb thesis\RelatedData\DAVIS-data\DAVIS\SAM_results\bmx-trees\selected_by_sam\00003_sam_best.png,D:\uwb thesis\RelatedData\DAVIS-data\DAVIS\SAM_results\bmx-trees\selected_by_score_default_no_gt\00003_best.png,bmx-trees
4,default_no_gt,5,1,0.0,0.3094653718920072,0.3094653718920072,D:\uwb thesis\RelatedData\DAVIS-data\DAVIS\SAM_results\bmx-trees\selected_by_sam\00004_sam_best.png,D:\uwb thesis\RelatedData\DAVIS-data\DAVIS\SAM_results\bmx-trees\selected_by_score_default_no_gt\00004_best.png,bmx-trees
5,default_no_gt,5,1,0.0,0.3102263113367174,0.3102263113367174,D:\uwb thesis\RelatedData\DAVIS-data\DAVIS\SAM_results\bmx-trees\selected_by_sam\00005_sam_best.png,D:\uwb thesis\RelatedData\DAVIS-data\DAVIS\SAM_results\bmx-trees\selected_by_score_default_no_gt\00005_best.png,bmx-trees
6,default_no_gt,5,1,0.0,0.3379185050609914,0.3379185050609914,D:\uwb thesis\RelatedData\DAVIS-data\DAVIS\SAM_results\bmx-trees\selected_by_sam\00006_sam_best.png,D:\uwb thesis\RelatedData\DAVIS-data\DAVIS\SAM_results\bmx-trees\selected_by_score_default_no_gt\00006_best.png,bmx-trees
7,default_no_gt,11,1,0.0,0.3258785942492013,0.3258785942492013,D:\uwb thesis\RelatedData\DAVIS-data\DAVIS\SAM_results\bmx-trees\selected_by_sam\00007_sam_best.png,D:\uwb thesis\RelatedData\DAVIS-data\DAVIS\SAM_results\bmx-trees\selected_by_score_default_no_gt\00007_best.png,bmx-trees
8,default_no_gt,8,4,0.0,0.2998453633960193,0.2998453633960193,D:\uwb thesis\RelatedData\DAVIS-data\DAVIS\SAM_results\bmx-trees\selected_by_sam\00008_sam_best.png,D:\uwb thesis\RelatedData\DAVIS-data\DAVIS\SAM_results\bmx-trees\selected_by_score_default_no_gt\00008_best.png,bmx-trees
9,default_no_gt,17,21,0.0,0.0,0.0,D:\uwb thesis\RelatedData\DAVIS-data\DAVIS\SAM_results\bmx-trees\selected_by_sam\00009_sam_best.png,D:\uwb thesis\RelatedData\DAVIS-data\DAVIS\SAM_results\bmx-trees\selected_by_score_default_no_gt\00009_best.png,bmx-trees
10,default_no_gt,20,19,0.0,0.0,0.0,D:\uwb thesis\RelatedData\DAVIS-data\DAVIS\SAM_results\bmx-trees\selected_by_sam\00010_sam_best.png,D:\uwb thesis\RelatedData\DAVIS-data\DAVIS\SAM_results\bmx-trees\selected_by_score_default_no_gt\00010_best.png,bmx-trees
11,default_no_gt,2,4,0.0,0.3240092073658927,0.3240092073658927,D:\uwb thesis\RelatedData\DAVIS-data\DAVIS\SAM_results\bmx-trees\selected_by_sam\00011_sam_best.png,D:\uwb thesis\RelatedData\DAVIS-data\DAVIS\SAM_results\bmx-trees\selected_by_score_default_no_gt\00011_best.png,bmx-trees
12,default_no_gt,8,6,0.0005091793725778,0.0,-0.0005091793725778,D:\uwb thesis\RelatedData\DAVIS-data\DAVIS\SAM_results\bmx-trees\selected_by_sam\00012_sam_best.png,D:\uwb thesis\RelatedData\DAVIS-data\DAVIS\SAM_results\bmx-trees\selected_by_score_default_no_gt\00012_best.png,bmx-trees
13,default_no_gt,8,6,0.0005255781359495,0.0001220479648501,-0.0004035301710993,D:\uwb thesis\RelatedData\DAVIS-data\DAVIS\SAM_results\bmx-trees\selected_by_sam\00013_sam_best.png,D:\uwb thesis\RelatedData\DAVIS-data\DAVIS\SAM_results\bmx-trees\selected_by_score_default_no_gt\00013_best.png,bmx-trees
14,default_no_gt,2,5,0.0054274930596712,0.2713140467061694,0.2658865536464981,D:\uwb thesis\RelatedData\DAVIS-data\DAVIS\SAM_results\bmx-trees\selected_by_sam\00014_sam_best.png,D:\uwb thesis\RelatedData\DAVIS-data\DAVIS\SAM_results\bmx-trees\selected_by_score_default_no_gt\00014_best.png,bmx-trees
15,default_no_gt,11,13,0.0,0.2919938414164742,0.2919938414164742,D:\uwb thesis\RelatedData\DAVIS-data\DAVIS\SAM_results\bmx-trees\selected_by_sam\00015_sam_best.png,D:\uwb thesis\RelatedData\DAVIS-data\DAVIS\SAM_results\bmx-trees\selected_by_score_default_no_gt\00015_best.png,bmx-trees
16,default_no_gt,16,5,2.4545057361799053e-05,0.3838433292533659,0.3838187841960041,D:\uwb thesis\RelatedData\DAVIS-data\DAVIS\SAM_results\bmx-trees\selected_by_sam\00016_sam_best.png,D:\uwb thesis\RelatedData\DAVIS-data\DAVIS\SAM_results\bmx-trees\selected_by_score_default_no_gt\00016_best.png,bmx-trees
17,default_no_gt,13,5,1.5531165872851523e-05,0.3887159165959052,0.3887003854300324,D:\uwb thesis\RelatedData\DAVIS-data\DAVIS\SAM_results\bmx-trees\selected_by_sam\00017_sam_best.png,D:\uwb thesis\RelatedData\DAVIS-data\DAVIS\SAM_results\bmx-trees\selected_by_score_default_no_gt\00017_best.png,bmx-trees
18,default_no_gt,2,7,0.0094474874094768,0.3046622426408031,0.2952147552313262,D:\uwb thesis\RelatedData\DAVIS-data\DAVIS\SAM_results\bmx-trees\selected_by_sam\00018_sam_best.png,D:\uwb thesis\RelatedData\DAVIS-data\DAVIS\SAM_results\bmx-trees\selected_by_score_default_no_gt\00018_best.png,bmx-trees
19,default_no_gt,2,13,0.0020940946530783,0.0105700831580002,0.0084759885049218,D:\uwb thesis\RelatedData\DAVIS-data\DAVIS\SAM_results\bmx-trees\selected_by_sam\00019_sam_best.png,D:\uwb thesis\RelatedData\DAVIS-data\DAVIS\SAM_results\bmx-trees\selected_by_score_default_no_gt\00019_best.png,bmx-trees
20,default_no_gt,14,8,0.0007813827076609,0.2892291810048176,0.2884477982971566,D:\uwb thesis\RelatedData\DAVIS-data\DAVIS\SAM_results\bmx-trees\selected_by_sam\00020_sam_best.png,D:\uwb thesis\RelatedData\DAVIS-data\DAVIS\SAM_results\bmx-trees\selected_by_score_default_no_gt\00020_best.png,bmx-trees
21,default_no_gt,17,7,0.0002324423044994,0.2270673161570514,0.226834873852552,D:\uwb thesis\RelatedData\DAVIS-data\DAVIS\SAM_results\bmx-trees\selected_by_sam\00021_sam_best.png,D:\uwb thesis\RelatedData\DAVIS-data\DAVIS\SAM_results\bmx-trees\selected_by_score_default_no_gt\00021_best.png,bmx-trees
22,default_no_gt,17,2,0.0,0.3425409966565833,0.3425409966565833,D:\uwb thesis\RelatedData\DAVIS-data\DAVIS\SAM_results\bmx-trees\selected_by_sam\00022_sam_best.png,D:\uwb thesis\RelatedData\DAVIS-data\DAVIS\SAM_results\bmx-trees\selected_by_score_default_no_gt\00022_best.png,bmx-trees
23,default_no_gt,26,19,0.0,0.5982911643926347,0.5982911643926347,D:\uwb thesis\RelatedData\DAVIS-data\DAVIS\SAM_results\bmx-trees\selected_by_sam\00023_sam_best.png,D:\uwb thesis\RelatedData\DAVIS-data\DAVIS\SAM_results\bmx-trees\selected_by_score_default_no_gt\00023_best.png,bmx-trees
24,default_no_gt,8,5,0.0,0.3285603715170279,0.3285603715170279,D:\uwb thesis\RelatedData\DAVIS-data\DAVIS\SAM_results\bmx-trees\selected_by_sam\00024_sam_best.png,D:\uwb thesis\RelatedData\DAVIS-data\DAVIS\SAM_results\bmx-trees\selected_by_score_default_no_gt\00024_best.png,bmx-trees
25,default_no_gt,17,7,0.0,0.2947727947727948,0.2947727947727948,D:\uwb thesis\RelatedData\DAVIS-data\DAVIS\SAM_results\bmx-trees\selected_by_sam\00025_sam_best.png,D:\uwb thesis\RelatedData\DAVIS-data\DAVIS\SAM_results\bmx-trees\selected_by_score_default_no_gt\00025_best.png,bmx-trees
26,default_no_gt,8,4,0.0,0.2682209469153515,0.2682209469153515,D:\uwb thesis\RelatedData\DAVIS-data\DAVIS\SAM_results\bmx-trees\selected_by_sam\00026_sam_best.png,D:\uwb thesis\RelatedData\DAVIS-data\DAVIS\SAM_results\bmx-trees\selected_by_score_default_no_gt\00026_best.png,bmx-trees
27,default_no_gt,8,1,0.0,0.2965060684075027,0.2965060684075027,D:\uwb thesis\RelatedData\DAVIS-data\DAVIS\SAM_results\bmx-trees\selected_by_sam\00027_sam_best.png,D:\uwb thesis\RelatedData\DAVIS-data\DAVIS\SAM_results\bmx-trees\selected_by_score_default_no_gt\00027_best.png,bmx-trees
28,default_no_gt,8,25,0.0,0.2707841875759525,0.2707841875759525,D:\uwb thesis\RelatedData\DAVIS-data\DAVIS\SAM_results\bmx-trees\selected_by_sam\00028_sam_best.png,D:\uwb thesis\RelatedData\DAVIS-data\DAVIS\SAM_results\bmx-trees\selected_by_score_default_no_gt\00028_best.png,bmx-trees
29,default_no_gt,23,11,0.0,0.0,0.0,D:\uwb thesis\RelatedData\DAVIS-data\DAVIS\SAM_results\bmx-trees\selected_by_sam\00029_sam_best.png,D:\uwb thesis\RelatedData\DAVIS-data\DAVIS\SAM_results\bmx-trees\selected_by_score_default_no_gt\00029_best.png,bmx-trees
30,default_no_gt,6,19,0.0,0.6434812055536743,0.6434812055536743,D:\uwb thesis\RelatedData\DAVIS-data\DAVIS\SAM_results\bmx-trees\selected_by_sam\00030_sam_best.png,D:\uwb thesis\RelatedData\DAVIS-data\DAVIS\SAM_results\bmx-trees\selected_by_score_default_no_gt\00030_best.png,bmx-trees
31,default_no_gt,5,11,0.0,0.0,0.0,D:\uwb thesis\RelatedData\DAVIS-data\DAVIS\SAM_results\bmx-trees\selected_by_sam\00031_sam_best.png,D:\uwb thesis\RelatedData\DAVIS-data\DAVIS\SAM_results\bmx-trees\selected_by_score_default_no_gt\00031_best.png,bmx-trees
32,default_no_gt,29,5,0.0,0.0,0.0,D:\uwb thesis\RelatedData\DAVIS-data\DAVIS\SAM_results\bmx-trees\selected_by_sam\00032_sam_best.png,D:\uwb thesis\RelatedData\DAVIS-data\DAVIS\SAM_results\bmx-trees\selected_by_score_default_no_gt\00032_best.png,bmx-trees
33,default_no_gt,11,1,0.0,0.3191291934332619,0.3191291934332619,D:\uwb thesis\RelatedData\DAVIS-data\DAVIS\SAM_results\bmx-trees\selected_by_sam\00033_sam_best.png,D:\uwb thesis\RelatedData\DAVIS-data\DAVIS\SAM_results\bmx-trees\selected_by_score_default_no_gt\00033_best.png,bmx-trees
34,default_no_gt,26,1,0.0,0.2839426523297491,0.2839426523297491,D:\uwb thesis\RelatedData\DAVIS-data\DAVIS\SAM_results\bmx-trees\selected_by_sam\00034_sam_best.png,D:\uwb thesis\RelatedData\DAVIS-data\DAVIS\SAM_results\bmx-trees\selected_by_score_default_no_gt\00034_best.png,bmx-trees
35,default_no_gt,9,1,0.0,0.2729508196721311,0.2729508196721311,D:\uwb thesis\RelatedData\DAVIS-data\DAVIS\SAM_results\bmx-trees\selected_by_sam\00035_sam_best.png,D:\uwb thesis\RelatedData\DAVIS-data\DAVIS\SAM_results\bmx-trees\selected_by_score_default_no_gt\00035_best.png,bmx-trees
36,default_no_gt,17,2,0.0,0.3203602710295818,0.3203602710295818,D:\uwb thesis\RelatedData\DAVIS-data\DAVIS\SAM_results\bmx-trees\selected_by_sam\00036_sam_best.png,D:\uwb thesis\RelatedData\DAVIS-data\DAVIS\SAM_results\bmx-trees\selected_by_score_default_no_gt\00036_best.png,bmx-trees
37,default_no_gt,8,14,0.0,7.5759297559793024e-06,7.5759297559793024e-06,D:\uwb thesis\RelatedData\DAVIS-data\DAVIS\SAM_results\bmx-trees\selected_by_sam\00037_sam_best.png,D:\uwb thesis\RelatedData\DAVIS-data\DAVIS\SAM_results\bmx-trees\selected_by_score_default_no_gt\00037_best.png,bmx-trees
38,default_no_gt,14,4,0.0,0.2914693982956012,0.2914693982956012,D:\uwb thesis\RelatedData\DAVIS-data\DAVIS\SAM_results\bmx-trees\selected_by_sam\00038_sam_best.png,D:\uwb thesis\RelatedData\DAVIS-data\DAVIS\SAM_results\bmx-trees\selected_by_score_default_no_gt\00038_best.png,bmx-trees
39,default_no_gt,6,1,0.0,0.2804360993337371,0.2804360993337371,D:\uwb thesis\RelatedData\DAVIS-data\DAVIS\SAM_results\bmx-trees\selected_by_sam\00039_sam_best.png,D:\uwb thesis\RelatedData\DAVIS-data\DAVIS\SAM_results\bmx-trees\selected_by_score_default_no_gt\00039_best.png,bmx-trees
40,default_no_gt,11,4,0.0,0.2440508628519527,0.2440508628519527,D:\uwb thesis\RelatedData\DAVIS-data\DAVIS\SAM_results\bmx-trees\selected_by_sam\00040_sam_best.png,D:\uwb thesis\RelatedData\DAVIS-data\DAVIS\SAM_results\bmx-trees\selected_by_score_default_no_gt\00040_best.png,bmx-trees
41,default_no_gt,17,7,0.0,0.2389090909090909,0.2389090909090909,D:\uwb thesis\RelatedData\DAVIS-data\DAVIS\SAM_results\bmx-trees\selected_by_sam\00041_sam_best.png,D:\uwb thesis\RelatedData\DAVIS-data\DAVIS\SAM_results\bmx-trees\selected_by_score_default_no_gt\00041_best.png,bmx-trees
42,default_no_gt,6,4,0.0,0.2467839576239122,0.2467839576239122,D:\uwb thesis\RelatedData\DAVIS-data\DAVIS\SAM_results\bmx-trees\selected_by_sam\00042_sam_best.png,D:\uwb thesis\RelatedData\DAVIS-data\DAVIS\SAM_results\bmx-trees\selected_by_score_default_no_gt\00042_best.png,bmx-trees
43,default_no_gt,17,4,0.0,0.247230375911372,0.247230375911372,D:\uwb thesis\RelatedData\DAVIS-data\DAVIS\SAM_results\bmx-trees\selected_by_sam\00043_sam_best.png,D:\uwb thesis\RelatedData\DAVIS-data\DAVIS\SAM_results\bmx-trees\selected_by_score_default_no_gt\00043_best.png,bmx-trees
44,default_no_gt,9,4,0.0,0.2721657322056448,0.2721657322056448,D:\uwb thesis\RelatedData\DAVIS-data\DAVIS\SAM_results\bmx-trees\selected_by_sam\00044_sam_best.png,D:\uwb thesis\RelatedData\DAVIS-data\DAVIS\SAM_results\bmx-trees\selected_by_score_default_no_gt\00044_best.png,bmx-trees
45,default_no_gt,9,7,0.0,0.2793247307654992,0.2793247307654992,D:\uwb thesis\RelatedData\DAVIS-data\DAVIS\SAM_results\bmx-trees\selected_by_sam\00045_sam_best.png,D:\uwb thesis\RelatedData\DAVIS-data\DAVIS\SAM_results\bmx-trees\selected_by_score_default_no_gt\00045_best.png,bmx-trees
46,default_no_gt,9,7,0.0,0.2718792075399115,0.2718792075399115,D:\uwb thesis\RelatedData\DAVIS-data\DAVIS\SAM_results\bmx-trees\selected_by_sam\00046_sam_best.png,D:\uwb thesis\RelatedData\DAVIS-data\DAVIS\SAM_results\bmx-trees\selected_by_score_default_no_gt\00046_best.png,bmx-trees
47,default_no_gt,12,4,0.0,0.3005496662740479,0.3005496662740479,D:\uwb thesis\RelatedData\DAVIS-data\DAVIS\SAM_results\bmx-trees\selected_by_sam\00047_sam_best.png,D:\uwb thesis\RelatedData\DAVIS-data\DAVIS\SAM_results\bmx-trees\selected_by_score_default_no_gt\00047_best.png,bmx-trees
48,default_no_gt,8,4,0.0,0.3078088695827861,0.3078088695827861,D:\uwb thesis\RelatedData\DAVIS-data\DAVIS\SAM_results\bmx-trees\selected_by_sam\00048_sam_best.png,D:\uwb thesis\RelatedData\DAVIS-data\DAVIS\SAM_results\bmx-trees\selected_by_score_default_no_gt\00048_best.png,bmx-trees
49,default_no_gt,14,4,0.0,0.2876049063912201,0.2876049063912201,D:\uwb thesis\RelatedData\DAVIS-data\DAVIS\SAM_results\bmx-trees\selected_by_sam\00049_sam_best.png,D:\uwb thesis\RelatedData\DAVIS-data\DAVIS\SAM_results\bmx-trees\selected_by_score_default_no_gt\00049_best.png,bmx-trees
50,default_no_gt,11,7,0.0,0.3422360966585732,0.3422360966585732,D:\uwb thesis\RelatedData\DAVIS-data\DAVIS\SAM_results\bmx-trees\selected_by_sam\00050_sam_best.png,D:\uwb thesis\RelatedData\DAVIS-data\DAVIS\SAM_results\bmx-trees\selected_by_score_default_no_gt\00050_best.png,bmx-trees
51,default_no_gt,6,13,0.0,0.0,0.0,D:\uwb thesis\RelatedData\DAVIS-data\DAVIS\SAM_results\bmx-trees\selected_by_sam\00051_sam_best.png,D:\uwb thesis\RelatedData\DAVIS-data\DAVIS\SAM_results\bmx-trees\selected_by_score_default_no_gt\00051_best.png,bmx-trees
52,default_no_gt,6,6,0.0,0.0,0.0,D:\uwb thesis\RelatedData\DAVIS-data\DAVIS\SAM_results\bmx-trees\selected_by_sam\00052_sam_best.png,D:\uwb thesis\RelatedData\DAVIS-data\DAVIS\SAM_results\bmx-trees\selected_by_score_default_no_gt\00052_best.png,bmx-trees
53,default_no_gt,30,22,0.0,0.3459373900809004,0.3459373900809004,D:\uwb thesis\RelatedData\DAVIS-data\DAVIS\SAM_results\bmx-trees\selected_by_sam\00053_sam_best.png,D:\uwb thesis\RelatedData\DAVIS-data\DAVIS\SAM_results\bmx-trees\selected_by_score_default_no_gt\00053_best.png,bmx-trees
54,default_no_gt,3,8,0.0,0.3069990412272291,0.3069990412272291,D:\uwb thesis\RelatedData\DAVIS-data\DAVIS\SAM_results\bmx-trees\selected_by_sam\00054_sam_best.png,D:\uwb thesis\RelatedData\DAVIS-data\DAVIS\SAM_results\bmx-trees\selected_by_score_default_no_gt\00054_best.png,bmx-trees
55,default_no_gt,2,17,0.0,0.2279475982532751,0.2279475982532751,D:\uwb thesis\RelatedData\DAVIS-data\DAVIS\SAM_results\bmx-trees\selected_by_sam\00055_sam_best.png,D:\uwb thesis\RelatedData\DAVIS-data\DAVIS\SAM_results\bmx-trees\selected_by_score_default_no_gt\00055_best.png,bmx-trees
56,default_no_gt,0,11,0.0,0.2378651438611904,0.2378651438611904,D:\uwb thesis\RelatedData\DAVIS-data\DAVIS\SAM_results\bmx-trees\selected_by_sam\00056_sam_best.png,D:\uwb thesis\RelatedData\DAVIS-data\DAVIS\SAM_results\bmx-trees\selected_by_score_default_no_gt\00056_best.png,bmx-trees
57,default_no_gt,0,0,0.0,0.0,0.0,D:\uwb thesis\RelatedData\DAVIS-data\DAVIS\SAM_results\bmx-trees\selected_by_sam\00057_sam_best.png,D:\uwb thesis\RelatedData\DAVIS-data\DAVIS\SAM_results\bmx-trees\selected_by_score_default_no_gt\00057_best.png,bmx-trees
58,default_no_gt,0,0,0.0,0.0,0.0,D:\uwb thesis\RelatedData\DAVIS-data\DAVIS\SAM_results\bmx-trees\selected_by_sam\00058_sam_best.png,D:\uwb thesis\RelatedData\DAVIS-data\DAVIS\SAM_results\bmx-trees\selected_by_score_default_no_gt\00058_best.png,bmx-trees
59,default_no_gt,11,3,0.0,0.0,0.0,D:\uwb thesis\RelatedData\DAVIS-data\DAVIS\SAM_results\bmx-trees\selected_by_sam\00059_sam_best.png,D:\uwb thesis\RelatedData\DAVIS-data\DAVIS\SAM_results\bmx-trees\selected_by_score_default_no_gt\00059_best.png,bmx-trees
60,default_no_gt,3,5,0.0,0.0,0.0,D:\uwb thesis\RelatedData\DAVIS-data\DAVIS\SAM_results\bmx-trees\selected_by_sam\00060_sam_best.png,D:\uwb thesis\RelatedData\DAVIS-data\DAVIS\SAM_results\bmx-trees\selected_by_score_default_no_gt\00060_best.png,bmx-trees
61,default_no_gt,3,4,0.0,0.0,0.0,D:\uwb thesis\RelatedData\DAVIS-data\DAVIS\SAM_results\bmx-trees\selected_by_sam\00061_sam_best.png,D:\uwb thesis\RelatedData\DAVIS-data\DAVIS\SAM_results\bmx-trees\selected_by_score_default_no_gt\00061_best.png,bmx-trees
62,default_no_gt,20,17,0.0,0.0,0.0,D:\uwb thesis\RelatedData\DAVIS-data\DAVIS\SAM_results\bmx-trees\selected_by_sam\00062_sam_best.png,D:\uwb thesis\RelatedData\DAVIS-data\DAVIS\SAM_results\bmx-trees\selected_by_score_default_no_gt\00062_best.png,bmx-trees
63,default_no_gt,12,10,0.0,0.0,0.0,D:\uwb thesis\RelatedData\DAVIS-data\DAVIS\SAM_results\bmx-trees\selected_by_sam\00063_sam_best.png,D:\uwb thesis\RelatedData\DAVIS-data\DAVIS\SAM_results\bmx-trees\selected_by_score_default_no_gt\00063_best.png,bmx-trees
64,default_no_gt,9,9,0.0001592779400053,0.0001592779400053,0.0,D:\uwb thesis\RelatedData\DAVIS-data\DAVIS\SAM_results\bmx-trees\selected_by_sam\00064_sam_best.png,D:\uwb thesis\RelatedData\DAVIS-data\DAVIS\SAM_results\bmx-trees\selected_by_score_default_no_gt\00064_best.png,bmx-trees
65,default_no_gt,15,4,0.0,7.051440256672426e-05,7.051440256672426e-05,D:\uwb thesis\RelatedData\DAVIS-data\DAVIS\SAM_results\bmx-trees\selected_by_sam\00065_sam_best.png,D:\uwb thesis\RelatedData\DAVIS-data\DAVIS\SAM_results\bmx-trees\selected_by_score_default_no_gt\00065_best.png,bmx-trees
66,default_no_gt,3,16,0.0020329552749839,0.0276098117512835,0.0255768564762995,D:\uwb thesis\RelatedData\DAVIS-data\DAVIS\SAM_results\bmx-trees\selected_by_sam\00066_sam_best.png,D:\uwb thesis\RelatedData\DAVIS-data\DAVIS\SAM_results\bmx-trees\selected_by_score_default_no_gt\00066_best.png,bmx-trees
67,default_no_gt,11,1,0.0002067159722541,5.125970730707128e-05,-0.000155456264947,D:\uwb thesis\RelatedData\DAVIS-data\DAVIS\SAM_results\bmx-trees\selected_by_sam\00067_sam_best.png,D:\uwb thesis\RelatedData\DAVIS-data\DAVIS\SAM_results\bmx-trees\selected_by_score_default_no_gt\00067_best.png,bmx-trees
68,default_no_gt,2,1,0.0,4.4162458965715214e-05,4.4162458965715214e-05,D:\uwb thesis\RelatedData\DAVIS-data\DAVIS\SAM_results\bmx-trees\selected_by_sam\00068_sam_best.png,D:\uwb thesis\RelatedData\DAVIS-data\DAVIS\SAM_results\bmx-trees\selected_by_score_default_no_gt\00068_best.png,bmx-trees
69,default_no_gt,2,4,0.0,0.0207321682998458,0.0207321682998458,D:\uwb thesis\RelatedData\DAVIS-data\DAVIS\SAM_results\bmx-trees\selected_by_sam\00069_sam_best.png,D:\uwb thesis\RelatedData\DAVIS-data\DAVIS\SAM_results\bmx-trees\selected_by_score_default_no_gt\00069_best.png,bmx-trees
70,default_no_gt,2,11,0.0,0.2469635627530364,0.2469635627530364,D:\uwb thesis\RelatedData\DAVIS-data\DAVIS\SAM_results\bmx-trees\selected_by_sam\00070_sam_best.png,D:\uwb thesis\RelatedData\DAVIS-data\DAVIS\SAM_results\bmx-trees\selected_by_score_default_no_gt\00070_best.png,bmx-trees
71,default_no_gt,2,7,3.413726594637036e-05,0.2757676510854684,0.275733513819522,D:\uwb thesis\RelatedData\DAVIS-data\DAVIS\SAM_results\bmx-trees\selected_by_sam\00071_sam_best.png,D:\uwb thesis\RelatedData\DAVIS-data\DAVIS\SAM_results\bmx-trees\selected_by_score_default_no_gt\00071_best.png,bmx-trees
72,default_no_gt,6,4,0.0032289891470087,0.3905123339658444,0.3872833448188357,D:\uwb thesis\RelatedData\DAVIS-data\DAVIS\SAM_results\bmx-trees\selected_by_sam\00072_sam_best.png,D:\uwb thesis\RelatedData\DAVIS-data\DAVIS\SAM_results\bmx-trees\selected_by_score_default_no_gt\00072_best.png,bmx-trees
73,default_no_gt,14,4,0.0,0.3207941483803553,0.3207941483803553,D:\uwb thesis\RelatedData\DAVIS-data\DAVIS\SAM_results\bmx-trees\selected_by_sam\00073_sam_best.png,D:\uwb thesis\RelatedData\DAVIS-data\DAVIS\SAM_results\bmx-trees\selected_by_score_default_no_gt\00073_best.png,bmx-trees
74,default_no_gt,2,4,0.0001162858305715,0.3009151265027813,0.3007988406722097,D:\uwb thesis\RelatedData\DAVIS-data\DAVIS\SAM_results\bmx-trees\selected_by_sam\00074_sam_best.png,D:\uwb thesis\RelatedData\DAVIS-data\DAVIS\SAM_results\bmx-trees\selected_by_score_default_no_gt\00074_best.png,bmx-trees
75,default_no_gt,2,7,0.0,0.2568276361005607,0.2568276361005607,D:\uwb thesis\RelatedData\DAVIS-data\DAVIS\SAM_results\bmx-trees\selected_by_sam\00075_sam_best.png,D:\uwb thesis\RelatedData\DAVIS-data\DAVIS\SAM_results\bmx-trees\selected_by_score_default_no_gt\00075_best.png,bmx-trees
76,default_no_gt,11,7,0.0,0.2883183065464523,0.2883183065464523,D:\uwb thesis\RelatedData\DAVIS-data\DAVIS\SAM_results\bmx-trees\selected_by_sam\00076_sam_best.png,D:\uwb thesis\RelatedData\DAVIS-data\DAVIS\SAM_results\bmx-trees\selected_by_score_default_no_gt\00076_best.png,bmx-trees
77,default_no_gt,2,7,7.544322897019993e-05,0.3194552529182879,0.3193798096893177,D:\uwb thesis\RelatedData\DAVIS-data\DAVIS\SAM_results\bmx-trees\selected_by_sam\00077_sam_best.png,D:\uwb thesis\RelatedData\DAVIS-data\DAVIS\SAM_results\bmx-trees\selected_by_score_default_no_gt\00077_best.png,bmx-trees
78,default_no_gt,2,10,3.654503261644161e-05,0.3451481696687972,0.3451116246361807,D:\uwb thesis\RelatedData\DAVIS-data\DAVIS\SAM_results\bmx-trees\selected_by_sam\00078_sam_best.png,D:\uwb thesis\RelatedData\DAVIS-data\DAVIS\SAM_results\bmx-trees\selected_by_score_default_no_gt\00078_best.png,bmx-trees
79,default_no_gt,2,13,0.0,0.338680926916221,0.338680926916221,D:\uwb thesis\RelatedData\DAVIS-data\DAVIS\SAM_results\bmx-trees\selected_by_sam\00079_sam_best.png,D:\uwb thesis\RelatedData\DAVIS-data\DAVIS\SAM_results\bmx-trees\selected_by_score_default_no_gt\00079_best.png,bmx-trees
0,default_no_gt,2,1,0.8267383388243454,0.7838473601672765,-0.0428909786570689,D:\uwb thesis\RelatedData\DAVIS-data\DAVIS\SAM_results\boat\selected_by_sam\00000_sam_best.png,D:\uwb thesis\RelatedData\DAVIS-data\DAVIS\SAM_results\boat\selected_by_score_default_no_gt\00000_best.png,boat
1,default_no_gt,1,1,0.7672812519799784,0.7672812519799784,0.0,D:\uwb thesis\RelatedData\DAVIS-data\DAVIS\SAM_results\boat\selected_by_sam\00001_sam_best.png,D:\uwb thesis\RelatedData\DAVIS-data\DAVIS\SAM_results\boat\selected_by_score_default_no_gt\00001_best.png,boat
2,default_no_gt,2,1,0.8334558180227472,0.792239555790587,-0.0412162622321601,D:\uwb thesis\RelatedData\DAVIS-data\DAVIS\SAM_results\boat\selected_by_sam\00002_sam_best.png,D:\uwb thesis\RelatedData\DAVIS-data\DAVIS\SAM_results\boat\selected_by_score_default_no_gt\00002_best.png,boat
3,default_no_gt,1,1,0.7879534700315457,0.7879534700315457,0.0,D:\uwb thesis\RelatedData\DAVIS-data\DAVIS\SAM_results\boat\selected_by_sam\00003_sam_best.png,D:\uwb thesis\RelatedData\DAVIS-data\DAVIS\SAM_results\boat\selected_by_score_default_no_gt\00003_best.png,boat
4,default_no_gt,2,1,0.8236704067808386,0.7865564484257673,-0.0371139583550712,D:\uwb thesis\RelatedData\DAVIS-data\DAVIS\SAM_results\boat\selected_by_sam\00004_sam_best.png,D:\uwb thesis\RelatedData\DAVIS-data\DAVIS\SAM_results\boat\selected_by_score_default_no_gt\00004_best.png,boat
5,default_no_gt,1,1,0.7774737050347852,0.7774737050347852,0.0,D:\uwb thesis\RelatedData\DAVIS-data\DAVIS\SAM_results\boat\selected_by_sam\00005_sam_best.png,D:\uwb thesis\RelatedData\DAVIS-data\DAVIS\SAM_results\boat\selected_by_score_default_no_gt\00005_best.png,boat
6,default_no_gt,1,1,0.7602882975642717,0.7602882975642717,0.0,D:\uwb thesis\RelatedData\DAVIS-data\DAVIS\SAM_results\boat\selected_by_sam\00006_sam_best.png,D:\uwb thesis\RelatedData\DAVIS-data\DAVIS\SAM_results\boat\selected_by_score_default_no_gt\00006_best.png,boat
7,default_no_gt,1,4,0.7595235061791311,0.7420494699646644,-0.0174740362144667,D:\uwb thesis\RelatedData\DAVIS-data\DAVIS\SAM_results\boat\selected_by_sam\00007_sam_best.png,D:\uwb thesis\RelatedData\DAVIS-data\DAVIS\SAM_results\boat\selected_by_score_default_no_gt\00007_best.png,boat
8,default_no_gt,2,1,0.8191007319623562,0.7613941876840353,-0.0577065442783208,D:\uwb thesis\RelatedData\DAVIS-data\DAVIS\SAM_results\boat\selected_by_sam\00008_sam_best.png,D:\uwb thesis\RelatedData\DAVIS-data\DAVIS\SAM_results\boat\selected_by_score_default_no_gt\00008_best.png,boat
9,default_no_gt,2,1,0.8385515439939886,0.7965709300764998,-0.0419806139174887,D:\uwb thesis\RelatedData\DAVIS-data\DAVIS\SAM_results\boat\selected_by_sam\00009_sam_best.png,D:\uwb thesis\RelatedData\DAVIS-data\DAVIS\SAM_results\boat\selected_by_score_default_no_gt\00009_best.png,boat
10,default_no_gt,2,1,0.8313270175938458,0.7828803083671164,-0.0484467092267293,D:\uwb thesis\RelatedData\DAVIS-data\DAVIS\SAM_results\boat\selected_by_sam\00010_sam_best.png,D:\uwb thesis\RelatedData\DAVIS-data\DAVIS\SAM_results\boat\selected_by_score_default_no_gt\00010_best.png,boat
11,default_no_gt,2,1,0.8424253393665159,0.7779025969735016,-0.0645227423930142,D:\uwb thesis\RelatedData\DAVIS-data\DAVIS\SAM_results\boat\selected_by_sam\00011_sam_best.png,D:\uwb thesis\RelatedData\DAVIS-data\DAVIS\SAM_results\boat\selected_by_score_default_no_gt\00011_best.png,boat
12,default_no_gt,1,1,0.7642690361914645,0.7642690361914645,0.0,D:\uwb thesis\RelatedData\DAVIS-data\DAVIS\SAM_results\boat\selected_by_sam\00012_sam_best.png,D:\uwb thesis\RelatedData\DAVIS-data\DAVIS\SAM_results\boat\selected_by_score_default_no_gt\00012_best.png,boat
13,default_no_gt,1,1,0.7579307451511924,0.7579307451511924,0.0,D:\uwb thesis\RelatedData\DAVIS-data\DAVIS\SAM_results\boat\selected_by_sam\00013_sam_best.png,D:\uwb thesis\RelatedData\DAVIS-data\DAVIS\SAM_results\boat\selected_by_score_default_no_gt\00013_best.png,boat
14,default_no_gt,1,1,0.7708429143945864,0.7708429143945864,0.0,D:\uwb thesis\RelatedData\DAVIS-data\DAVIS\SAM_results\boat\selected_by_sam\00014_sam_best.png,D:\uwb thesis\RelatedData\DAVIS-data\DAVIS\SAM_results\boat\selected_by_score_default_no_gt\00014_best.png,boat
15,default_no_gt,2,1,0.8494044765662451,0.8143205574912892,-0.0350839190749558,D:\uwb thesis\RelatedData\DAVIS-data\DAVIS\SAM_results\boat\selected_by_sam\00015_sam_best.png,D:\uwb thesis\RelatedData\DAVIS-data\DAVIS\SAM_results\boat\selected_by_score_default_no_gt\00015_best.png,boat
16,default_no_gt,1,1,0.7756665440069581,0.7756665440069581,0.0,D:\uwb thesis\RelatedData\DAVIS-data\DAVIS\SAM_results\boat\selected_by_sam\00016_sam_best.png,D:\uwb thesis\RelatedData\DAVIS-data\DAVIS\SAM_results\boat\selected_by_score_default_no_gt\00016_best.png,boat
17,default_no_gt,1,1,0.7931678495025298,0.7931678495025298,0.0,D:\uwb thesis\RelatedData\DAVIS-data\DAVIS\SAM_results\boat\selected_by_sam\00017_sam_best.png,D:\uwb thesis\RelatedData\DAVIS-data\DAVIS\SAM_results\boat\selected_by_score_default_no_gt\00017_best.png,boat
18,default_no_gt,2,1,0.8472181227863046,0.7953938813222914,-0.0518242414640132,D:\uwb thesis\RelatedData\DAVIS-data\DAVIS\SAM_results\boat\selected_by_sam\00018_sam_best.png,D:\uwb thesis\RelatedData\DAVIS-data\DAVIS\SAM_results\boat\selected_by_score_default_no_gt\00018_best.png,boat
19,default_no_gt,1,1,0.7897913433350577,0.7897913433350577,0.0,D:\uwb thesis\RelatedData\DAVIS-data\DAVIS\SAM_results\boat\selected_by_sam\00019_sam_best.png,D:\uwb thesis\RelatedData\DAVIS-data\DAVIS\SAM_results\boat\selected_by_score_default_no_gt\00019_best.png,boat
20,default_no_gt,1,1,0.774253416568247,0.774253416568247,0.0,D:\uwb thesis\RelatedData\DAVIS-data\DAVIS\SAM_results\boat\selected_by_sam\00020_sam_best.png,D:\uwb thesis\RelatedData\DAVIS-data\DAVIS\SAM_results\boat\selected_by_score_default_no_gt\00020_best.png,boat
21,default_no_gt,2,1,0.8490002984183825,0.8102228324004647,-0.0387774660179178,D:\uwb thesis\RelatedData\DAVIS-data\DAVIS\SAM_results\boat\selected_by_sam\00021_sam_best.png,D:\uwb thesis\RelatedData\DAVIS-data\DAVIS\SAM_results\boat\selected_by_score_default_no_gt\00021_best.png,boat
22,default_no_gt,2,1,0.8468410976388002,0.8032953193871126,-0.0435457782516875,D:\uwb thesis\RelatedData\DAVIS-data\DAVIS\SAM_results\boat\selected_by_sam\00022_sam_best.png,D:\uwb thesis\RelatedData\DAVIS-data\DAVIS\SAM_results\boat\selected_by_score_default_no_gt\00022_best.png,boat
23,default_no_gt,1,1,0.7658164955283207,0.7658164955283207,0.0,D:\uwb thesis\RelatedData\DAVIS-data\DAVIS\SAM_results\boat\selected_by_sam\00023_sam_best.png,D:\uwb thesis\RelatedData\DAVIS-data\DAVIS\SAM_results\boat\selected_by_score_default_no_gt\00023_best.png,boat
24,default_no_gt,2,1,0.8507019237911313,0.794861239751638,-0.0558406840394932,D:\uwb thesis\RelatedData\DAVIS-data\DAVIS\SAM_results\boat\selected_by_sam\00024_sam_best.png,D:\uwb thesis\RelatedData\DAVIS-data\DAVIS\SAM_results\boat\selected_by_score_default_no_gt\00024_best.png,boat
25,default_no_gt,2,1,0.8494149313993047,0.7770247488030211,-0.0723901825962836,D:\uwb thesis\RelatedData\DAVIS-data\DAVIS\SAM_results\boat\selected_by_sam\00025_sam_best.png,D:\uwb thesis\RelatedData\DAVIS-data\DAVIS\SAM_results\boat\selected_by_score_default_no_gt\00025_best.png,boat
26,default_no_gt,2,1,0.855357617654879,0.7972584490253821,-0.0580991686294969,D:\uwb thesis\RelatedData\DAVIS-data\DAVIS\SAM_results\boat\selected_by_sam\00026_sam_best.png,D:\uwb thesis\RelatedData\DAVIS-data\DAVIS\SAM_results\boat\selected_by_score_default_no_gt\00026_best.png,boat
27,default_no_gt,2,1,0.8582191262209434,0.815647226173542,-0.0425719000474014,D:\uwb thesis\RelatedData\DAVIS-data\DAVIS\SAM_results\boat\selected_by_sam\00027_sam_best.png,D:\uwb thesis\RelatedData\DAVIS-data\DAVIS\SAM_results\boat\selected_by_score_default_no_gt\00027_best.png,boat
28,default_no_gt,1,1,0.7583656806317762,0.7583656806317762,0.0,D:\uwb thesis\RelatedData\DAVIS-data\DAVIS\SAM_results\boat\selected_by_sam\00028_sam_best.png,D:\uwb thesis\RelatedData\DAVIS-data\DAVIS\SAM_results\boat\selected_by_score_default_no_gt\00028_best.png,boat
29,default_no_gt,1,1,0.755772379456678,0.755772379456678,0.0,D:\uwb thesis\RelatedData\DAVIS-data\DAVIS\SAM_results\boat\selected_by_sam\00029_sam_best.png,D:\uwb thesis\RelatedData\DAVIS-data\DAVIS\SAM_results\boat\selected_by_score_default_no_gt\00029_best.png,boat
30,default_no_gt,1,1,0.7556435112199376,0.7556435112199376,0.0,D:\uwb thesis\RelatedData\DAVIS-data\DAVIS\SAM_results\boat\selected_by_sam\00030_sam_best.png,D:\uwb thesis\RelatedData\DAVIS-data\DAVIS\SAM_results\boat\selected_by_score_default_no_gt\00030_best.png,boat
31,default_no_gt,1,1,0.7573707592891761,0.7573707592891761,0.0,D:\uwb thesis\RelatedData\DAVIS-data\DAVIS\SAM_results\boat\selected_by_sam\00031_sam_best.png,D:\uwb thesis\RelatedData\DAVIS-data\DAVIS\SAM_results\boat\selected_by_score_default_no_gt\00031_best.png,boat
32,default_no_gt,1,1,0.7548565829926687,0.7548565829926687,0.0,D:\uwb thesis\RelatedData\DAVIS-data\DAVIS\SAM_results\boat\selected_by_sam\00032_sam_best.png,D:\uwb thesis\RelatedData\DAVIS-data\DAVIS\SAM_results\boat\selected_by_score_default_no_gt\00032_best.png,boat
33,default_no_gt,1,1,0.7534278880167099,0.7534278880167099,0.0,D:\uwb thesis\RelatedData\DAVIS-data\DAVIS\SAM_results\boat\selected_by_sam\00033_sam_best.png,D:\uwb thesis\RelatedData\DAVIS-data\DAVIS\SAM_results\boat\selected_by_score_default_no_gt\00033_best.png,boat
34,default_no_gt,1,1,0.745245735517649,0.745245735517649,0.0,D:\uwb thesis\RelatedData\DAVIS-data\DAVIS\SAM_results\boat\selected_by_sam\00034_sam_best.png,D:\uwb thesis\RelatedData\DAVIS-data\DAVIS\SAM_results\boat\selected_by_score_default_no_gt\00034_best.png,boat
35,default_no_gt,1,1,0.7495972303157029,0.7495972303157029,0.0,D:\uwb thesis\RelatedData\DAVIS-data\DAVIS\SAM_results\boat\selected_by_sam\00035_sam_best.png,D:\uwb thesis\RelatedData\DAVIS-data\DAVIS\SAM_results\boat\selected_by_score_default_no_gt\00035_best.png,boat
36,default_no_gt,1,1,0.7660444630872483,0.7660444630872483,0.0,D:\uwb thesis\RelatedData\DAVIS-data\DAVIS\SAM_results\boat\selected_by_sam\00036_sam_best.png,D:\uwb thesis\RelatedData\DAVIS-data\DAVIS\SAM_results\boat\selected_by_score_default_no_gt\00036_best.png,boat
37,default_no_gt,1,1,0.7679382379654859,0.7679382379654859,0.0,D:\uwb thesis\RelatedData\DAVIS-data\DAVIS\SAM_results\boat\selected_by_sam\00037_sam_best.png,D:\uwb thesis\RelatedData\DAVIS-data\DAVIS\SAM_results\boat\selected_by_score_default_no_gt\00037_best.png,boat
38,default_no_gt,2,1,0.8432633454714497,0.8030138375715424,-0.0402495078999072,D:\uwb thesis\RelatedData\DAVIS-data\DAVIS\SAM_results\boat\selected_by_sam\00038_sam_best.png,D:\uwb thesis\RelatedData\DAVIS-data\DAVIS\SAM_results\boat\selected_by_score_default_no_gt\00038_best.png,boat
39,default_no_gt,2,1,0.861310133060389,0.8383872799545713,-0.0229228531058176,D:\uwb thesis\RelatedData\DAVIS-data\DAVIS\SAM_results\boat\selected_by_sam\00039_sam_best.png,D:\uwb thesis\RelatedData\DAVIS-data\DAVIS\SAM_results\boat\selected_by_score_default_no_gt\00039_best.png,boat
40,default_no_gt,2,1,0.8547556822681556,0.82633117006338,-0.0284245122047755,D:\uwb thesis\RelatedData\DAVIS-data\DAVIS\SAM_results\boat\selected_by_sam\00040_sam_best.png,D:\uwb thesis\RelatedData\DAVIS-data\DAVIS\SAM_results\boat\selected_by_score_default_no_gt\00040_best.png,boat
41,default_no_gt,1,1,0.8419570166300112,0.8419570166300112,0.0,D:\uwb thesis\RelatedData\DAVIS-data\DAVIS\SAM_results\boat\selected_by_sam\00041_sam_best.png,D:\uwb thesis\RelatedData\DAVIS-data\DAVIS\SAM_results\boat\selected_by_score_default_no_gt\00041_best.png,boat
42,default_no_gt,2,1,0.860513560068902,0.8413982657169402,-0.0191152943519617,D:\uwb thesis\RelatedData\DAVIS-data\DAVIS\SAM_results\boat\selected_by_sam\00042_sam_best.png,D:\uwb thesis\RelatedData\DAVIS-data\DAVIS\SAM_results\boat\selected_by_score_default_no_gt\00042_best.png,boat
43,default_no_gt,1,1,0.8362068965517241,0.8362068965517241,0.0,D:\uwb thesis\RelatedData\DAVIS-data\DAVIS\SAM_results\boat\selected_by_sam\00043_sam_best.png,D:\uwb thesis\RelatedData\DAVIS-data\DAVIS\SAM_results\boat\selected_by_score_default_no_gt\00043_best.png,boat
44,default_no_gt,2,1,0.8681261919898283,0.8405802634090476,-0.0275459285807807,D:\uwb thesis\RelatedData\DAVIS-data\DAVIS\SAM_results\boat\selected_by_sam\00044_sam_best.png,D:\uwb thesis\RelatedData\DAVIS-data\DAVIS\SAM_results\boat\selected_by_score_default_no_gt\00044_best.png,boat
45,default_no_gt,2,1,0.8646233974358974,0.8339706332211686,-0.0306527642147288,D:\uwb thesis\RelatedData\DAVIS-data\DAVIS\SAM_results\boat\selected_by_sam\00045_sam_best.png,D:\uwb thesis\RelatedData\DAVIS-data\DAVIS\SAM_results\boat\selected_by_score_default_no_gt\00045_best.png,boat
46,default_no_gt,1,1,0.8185636287274255,0.8185636287274255,0.0,D:\uwb thesis\RelatedData\DAVIS-data\DAVIS\SAM_results\boat\selected_by_sam\00046_sam_best.png,D:\uwb thesis\RelatedData\DAVIS-data\DAVIS\SAM_results\boat\selected_by_score_default_no_gt\00046_best.png,boat
47,default_no_gt,2,1,0.8457021888480588,0.7870941825220027,-0.0586080063260561,D:\uwb thesis\RelatedData\DAVIS-data\DAVIS\SAM_results\boat\selected_by_sam\00047_sam_best.png,D:\uwb thesis\RelatedData\DAVIS-data\DAVIS\SAM_results\boat\selected_by_score_default_no_gt\00047_best.png,boat
48,default_no_gt,2,1,0.8456675793203414,0.7917101147028154,-0.053957464617526,D:\uwb thesis\RelatedData\DAVIS-data\DAVIS\SAM_results\boat\selected_by_sam\00048_sam_best.png,D:\uwb thesis\RelatedData\DAVIS-data\DAVIS\SAM_results\boat\selected_by_score_default_no_gt\00048_best.png,boat
49,default_no_gt,2,1,0.8502009646302251,0.7833637358628238,-0.0668372287674012,D:\uwb thesis\RelatedData\DAVIS-data\DAVIS\SAM_results\boat\selected_by_sam\00049_sam_best.png,D:\uwb thesis\RelatedData\DAVIS-data\DAVIS\SAM_results\boat\selected_by_score_default_no_gt\00049_best.png,boat
50,default_no_gt,1,1,0.791335820068693,0.791335820068693,0.0,D:\uwb thesis\RelatedData\DAVIS-data\DAVIS\SAM_results\boat\selected_by_sam\00050_sam_best.png,D:\uwb thesis\RelatedData\DAVIS-data\DAVIS\SAM_results\boat\selected_by_score_default_no_gt\00050_best.png,boat
51,default_no_gt,1,1,0.7918072289156627,0.7918072289156627,0.0,D:\uwb thesis\RelatedData\DAVIS-data\DAVIS\SAM_results\boat\selected_by_sam\00051_sam_best.png,D:\uwb thesis\RelatedData\DAVIS-data\DAVIS\SAM_results\boat\selected_by_score_default_no_gt\00051_best.png,boat
52,default_no_gt,2,1,0.8550973654066437,0.8126124746333806,-0.0424848907732631,D:\uwb thesis\RelatedData\DAVIS-data\DAVIS\SAM_results\boat\selected_by_sam\00052_sam_best.png,D:\uwb thesis\RelatedData\DAVIS-data\DAVIS\SAM_results\boat\selected_by_score_default_no_gt\00052_best.png,boat
53,default_no_gt,2,1,0.8489769139295527,0.8134666821723456,-0.035510231757207,D:\uwb thesis\RelatedData\DAVIS-data\DAVIS\SAM_results\boat\selected_by_sam\00053_sam_best.png,D:\uwb thesis\RelatedData\DAVIS-data\DAVIS\SAM_results\boat\selected_by_score_default_no_gt\00053_best.png,boat
54,default_no_gt,2,1,0.8474830042084817,0.8023180940115905,-0.0451649101968911,D:\uwb thesis\RelatedData\DAVIS-data\DAVIS\SAM_results\boat\selected_by_sam\00054_sam_best.png,D:\uwb thesis\RelatedData\DAVIS-data\DAVIS\SAM_results\boat\selected_by_score_default_no_gt\00054_best.png,boat
55,default_no_gt,2,1,0.8485529758011773,0.7828138351227849,-0.0657391406783923,D:\uwb thesis\RelatedData\DAVIS-data\DAVIS\SAM_results\boat\selected_by_sam\00055_sam_best.png,D:\uwb thesis\RelatedData\DAVIS-data\DAVIS\SAM_results\boat\selected_by_score_default_no_gt\00055_best.png,boat
56,default_no_gt,2,1,0.8572759305009923,0.8083368006959942,-0.048939129804998,D:\uwb thesis\RelatedData\DAVIS-data\DAVIS\SAM_results\boat\selected_by_sam\00056_sam_best.png,D:\uwb thesis\RelatedData\DAVIS-data\DAVIS\SAM_results\boat\selected_by_score_default_no_gt\00056_best.png,boat
57,default_no_gt,2,1,0.855358746224798,0.7976145542386955,-0.0577441919861024,D:\uwb thesis\RelatedData\DAVIS-data\DAVIS\SAM_results\boat\selected_by_sam\00057_sam_best.png,D:\uwb thesis\RelatedData\DAVIS-data\DAVIS\SAM_results\boat\selected_by_score_default_no_gt\00057_best.png,boat
58,default_no_gt,2,1,0.854720663576482,0.7907887376468394,-0.0639319259296425,D:\uwb thesis\RelatedData\DAVIS-data\DAVIS\SAM_results\boat\selected_by_sam\00058_sam_best.png,D:\uwb thesis\RelatedData\DAVIS-data\DAVIS\SAM_results\boat\selected_by_score_default_no_gt\00058_best.png,boat
59,default_no_gt,1,1,0.7566618174076571,0.7566618174076571,0.0,D:\uwb thesis\RelatedData\DAVIS-data\DAVIS\SAM_results\boat\selected_by_sam\00059_sam_best.png,D:\uwb thesis\RelatedData\DAVIS-data\DAVIS\SAM_results\boat\selected_by_score_default_no_gt\00059_best.png,boat
60,default_no_gt,1,1,0.7576504560340881,0.7576504560340881,0.0,D:\uwb thesis\RelatedData\DAVIS-data\DAVIS\SAM_results\boat\selected_by_sam\00060_sam_best.png,D:\uwb thesis\RelatedData\DAVIS-data\DAVIS\SAM_results\boat\selected_by_score_default_no_gt\00060_best.png,boat
61,default_no_gt,2,1,0.8491342432267264,0.7847255724199355,-0.0644086708067909,D:\uwb thesis\RelatedData\DAVIS-data\DAVIS\SAM_results\boat\selected_by_sam\00061_sam_best.png,D:\uwb thesis\RelatedData\DAVIS-data\DAVIS\SAM_results\boat\selected_by_score_default_no_gt\00061_best.png,boat
62,default_no_gt,1,1,0.7858667648141332,0.7858667648141332,0.0,D:\uwb thesis\RelatedData\DAVIS-data\DAVIS\SAM_results\boat\selected_by_sam\00062_sam_best.png,D:\uwb thesis\RelatedData\DAVIS-data\DAVIS\SAM_results\boat\selected_by_score_default_no_gt\00062_best.png,boat
63,default_no_gt,2,1,0.8563792317573448,0.8206011271133375,-0.0357781046440072,D:\uwb thesis\RelatedData\DAVIS-data\DAVIS\SAM_results\boat\selected_by_sam\00063_sam_best.png,D:\uwb thesis\RelatedData\DAVIS-data\DAVIS\SAM_results\boat\selected_by_score_default_no_gt\00063_best.png,boat
64,default_no_gt,2,1,0.8556837447793905,0.8023899515137632,-0.0532937932656272,D:\uwb thesis\RelatedData\DAVIS-data\DAVIS\SAM_results\boat\selected_by_sam\00064_sam_best.png,D:\uwb thesis\RelatedData\DAVIS-data\DAVIS\SAM_results\boat\selected_by_score_default_no_gt\00064_best.png,boat
65,default_no_gt,2,1,0.8578667756436453,0.8021841461118433,-0.055682629531802,D:\uwb thesis\RelatedData\DAVIS-data\DAVIS\SAM_results\boat\selected_by_sam\00065_sam_best.png,D:\uwb thesis\RelatedData\DAVIS-data\DAVIS\SAM_results\boat\selected_by_score_default_no_gt\00065_best.png,boat
66,default_no_gt,1,1,0.8134314063517604,0.8134314063517604,0.0,D:\uwb thesis\RelatedData\DAVIS-data\DAVIS\SAM_results\boat\selected_by_sam\00066_sam_best.png,D:\uwb thesis\RelatedData\DAVIS-data\DAVIS\SAM_results\boat\selected_by_score_default_no_gt\00066_best.png,boat
67,default_no_gt,1,1,0.786938501176207,0.786938501176207,0.0,D:\uwb thesis\RelatedData\DAVIS-data\DAVIS\SAM_results\boat\selected_by_sam\00067_sam_best.png,D:\uwb thesis\RelatedData\DAVIS-data\DAVIS\SAM_results\boat\selected_by_score_default_no_gt\00067_best.png,boat
68,default_no_gt,2,1,0.8569755771160923,0.8321372729823999,-0.0248383041336923,D:\uwb thesis\RelatedData\DAVIS-data\DAVIS\SAM_results\boat\selected_by_sam\00068_sam_best.png,D:\uwb thesis\RelatedData\DAVIS-data\DAVIS\SAM_results\boat\selected_by_score_default_no_gt\00068_best.png,boat
69,default_no_gt,2,1,0.8522486607699016,0.8188677754513491,-0.0333808853185524,D:\uwb thesis\RelatedData\DAVIS-data\DAVIS\SAM_results\boat\selected_by_sam\00069_sam_best.png,D:\uwb thesis\RelatedData\DAVIS-data\DAVIS\SAM_results\boat\selected_by_score_default_no_gt\00069_best.png,boat
70,default_no_gt,2,1,0.8543899895724714,0.7910436374732988,-0.0633463520991726,D:\uwb thesis\RelatedData\DAVIS-data\DAVIS\SAM_results\boat\selected_by_sam\00070_sam_best.png,D:\uwb thesis\RelatedData\DAVIS-data\DAVIS\SAM_results\boat\selected_by_score_default_no_gt\00070_best.png,boat
71,default_no_gt,1,1,0.8113084506501975,0.8113084506501975,0.0,D:\uwb thesis\RelatedData\DAVIS-data\DAVIS\SAM_results\boat\selected_by_sam\00071_sam_best.png,D:\uwb thesis\RelatedData\DAVIS-data\DAVIS\SAM_results\boat\selected_by_score_default_no_gt\00071_best.png,boat
72,default_no_gt,1,1,0.7837696725591109,0.7837696725591109,0.0,D:\uwb thesis\RelatedData\DAVIS-data\DAVIS\SAM_results\boat\selected_by_sam\00072_sam_best.png,D:\uwb thesis\RelatedData\DAVIS-data\DAVIS\SAM_results\boat\selected_by_score_default_no_gt\00072_best.png,boat
73,default_no_gt,2,1,0.8615146313894587,0.8090937281959841,-0.0524209031934745,D:\uwb thesis\RelatedData\DAVIS-data\DAVIS\SAM_results\boat\selected_by_sam\00073_sam_best.png,D:\uwb thesis\RelatedData\DAVIS-data\DAVIS\SAM_results\boat\selected_by_score_default_no_gt\00073_best.png,boat
74,default_no_gt,1,1,0.7702416750194899,0.7702416750194899,0.0,D:\uwb thesis\RelatedData\DAVIS-data\DAVIS\SAM_results\boat\selected_by_sam\00074_sam_best.png,D:\uwb thesis\RelatedData\DAVIS-data\DAVIS\SAM_results\boat\selected_by_score_default_no_gt\00074_best.png,boat
0,default_no_gt,5,11,0.0,0.0,0.0,D:\uwb thesis\RelatedData\DAVIS-data\DAVIS\SAM_results\breakdance\selected_by_sam\00000_sam_best.png,D:\uwb thesis\RelatedData\DAVIS-data\DAVIS\SAM_results\breakdance\selected_by_score_default_no_gt\00000_best.png,breakdance
1,default_no_gt,5,7,0.0,0.0,0.0,D:\uwb thesis\RelatedData\DAVIS-data\DAVIS\SAM_results\breakdance\selected_by_sam\00001_sam_best.png,D:\uwb thesis\RelatedData\DAVIS-data\DAVIS\SAM_results\breakdance\selected_by_score_default_no_gt\00001_best.png,breakdance
2,default_no_gt,5,11,0.0,0.0,0.0,D:\uwb thesis\RelatedData\DAVIS-data\DAVIS\SAM_results\breakdance\selected_by_sam\00002_sam_best.png,D:\uwb thesis\RelatedData\DAVIS-data\DAVIS\SAM_results\breakdance\selected_by_score_default_no_gt\00002_best.png,breakdance
3,default_no_gt,2,10,0.9523701918248468,0.0,-0.9523701918248468,D:\uwb thesis\RelatedData\DAVIS-data\DAVIS\SAM_results\breakdance\selected_by_sam\00003_sam_best.png,D:\uwb thesis\RelatedData\DAVIS-data\DAVIS\SAM_results\breakdance\selected_by_score_default_no_gt\00003_best.png,breakdance
4,default_no_gt,2,8,0.9567653276955602,0.0,-0.9567653276955602,D:\uwb thesis\RelatedData\DAVIS-data\DAVIS\SAM_results\breakdance\selected_by_sam\00004_sam_best.png,D:\uwb thesis\RelatedData\DAVIS-data\DAVIS\SAM_results\breakdance\selected_by_score_default_no_gt\00004_best.png,breakdance
5,default_no_gt,2,7,0.9498613989288692,0.0,-0.9498613989288692,D:\uwb thesis\RelatedData\DAVIS-data\DAVIS\SAM_results\breakdance\selected_by_sam\00005_sam_best.png,D:\uwb thesis\RelatedData\DAVIS-data\DAVIS\SAM_results\breakdance\selected_by_score_default_no_gt\00005_best.png,breakdance
6,default_no_gt,5,7,0.0,0.0,0.0,D:\uwb thesis\RelatedData\DAVIS-data\DAVIS\SAM_results\breakdance\selected_by_sam\00006_sam_best.png,D:\uwb thesis\RelatedData\DAVIS-data\DAVIS\SAM_results\breakdance\selected_by_score_default_no_gt\00006_best.png,breakdance
7,default_no_gt,5,8,0.0,0.0,0.0,D:\uwb thesis\RelatedData\DAVIS-data\DAVIS\SAM_results\breakdance\selected_by_sam\00007_sam_best.png,D:\uwb thesis\RelatedData\DAVIS-data\DAVIS\SAM_results\breakdance\selected_by_score_default_no_gt\00007_best.png,breakdance
8,default_no_gt,8,10,0.0,0.0,0.0,D:\uwb thesis\RelatedData\DAVIS-data\DAVIS\SAM_results\breakdance\selected_by_sam\00008_sam_best.png,D:\uwb thesis\RelatedData\DAVIS-data\DAVIS\SAM_results\breakdance\selected_by_score_default_no_gt\00008_best.png,breakdance
9,default_no_gt,5,0,0.0,0.6771036636368706,0.6771036636368706,D:\uwb thesis\RelatedData\DAVIS-data\DAVIS\SAM_results\breakdance\selected_by_sam\00009_sam_best.png,D:\uwb thesis\RelatedData\DAVIS-data\DAVIS\SAM_results\breakdance\selected_by_score_default_no_gt\00009_best.png,breakdance
10,default_no_gt,5,7,0.0,0.0,0.0,D:\uwb thesis\RelatedData\DAVIS-data\DAVIS\SAM_results\breakdance\selected_by_sam\00010_sam_best.png,D:\uwb thesis\RelatedData\DAVIS-data\DAVIS\SAM_results\breakdance\selected_by_score_default_no_gt\00010_best.png,breakdance
11,default_no_gt,5,8,0.0,0.0,0.0,D:\uwb thesis\RelatedData\DAVIS-data\DAVIS\SAM_results\breakdance\selected_by_sam\00011_sam_best.png,D:\uwb thesis\RelatedData\DAVIS-data\DAVIS\SAM_results\breakdance\selected_by_score_default_no_gt\00011_best.png,breakdance
12,default_no_gt,5,8,0.0,0.0,0.0,D:\uwb thesis\RelatedData\DAVIS-data\DAVIS\SAM_results\breakdance\selected_by_sam\00012_sam_best.png,D:\uwb thesis\RelatedData\DAVIS-data\DAVIS\SAM_results\breakdance\selected_by_score_default_no_gt\00012_best.png,breakdance
13,default_no_gt,5,11,0.0,0.0,0.0,D:\uwb thesis\RelatedData\DAVIS-data\DAVIS\SAM_results\breakdance\selected_by_sam\00013_sam_best.png,D:\uwb thesis\RelatedData\DAVIS-data\DAVIS\SAM_results\breakdance\selected_by_score_default_no_gt\00013_best.png,breakdance
14,default_no_gt,5,17,0.0,0.0,0.0,D:\uwb thesis\RelatedData\DAVIS-data\DAVIS\SAM_results\breakdance\selected_by_sam\00014_sam_best.png,D:\uwb thesis\RelatedData\DAVIS-data\DAVIS\SAM_results\breakdance\selected_by_score_default_no_gt\00014_best.png,breakdance
15,default_no_gt,5,14,0.0,3.4314734747100405e-05,3.4314734747100405e-05,D:\uwb thesis\RelatedData\DAVIS-data\DAVIS\SAM_results\breakdance\selected_by_sam\00015_sam_best.png,D:\uwb thesis\RelatedData\DAVIS-data\DAVIS\SAM_results\breakdance\selected_by_score_default_no_gt\00015_best.png,breakdance
16,default_no_gt,5,0,0.0,0.5557221631034149,0.5557221631034149,D:\uwb thesis\RelatedData\DAVIS-data\DAVIS\SAM_results\breakdance\selected_by_sam\00016_sam_best.png,D:\uwb thesis\RelatedData\DAVIS-data\DAVIS\SAM_results\breakdance\selected_by_score_default_no_gt\00016_best.png,breakdance
17,default_no_gt,5,1,0.0,0.9524149586993264,0.9524149586993264,D:\uwb thesis\RelatedData\DAVIS-data\DAVIS\SAM_results\breakdance\selected_by_sam\00017_sam_best.png,D:\uwb thesis\RelatedData\DAVIS-data\DAVIS\SAM_results\breakdance\selected_by_score_default_no_gt\00017_best.png,breakdance
18,default_no_gt,5,10,0.0,6.972406700482839e-05,6.972406700482839e-05,D:\uwb thesis\RelatedData\DAVIS-data\DAVIS\SAM_results\breakdance\selected_by_sam\00018_sam_best.png,D:\uwb thesis\RelatedData\DAVIS-data\DAVIS\SAM_results\breakdance\selected_by_score_default_no_gt\00018_best.png,breakdance
19,default_no_gt,5,11,0.0,3.278527285543334e-05,3.278527285543334e-05,D:\uwb thesis\RelatedData\DAVIS-data\DAVIS\SAM_results\breakdance\selected_by_sam\00019_sam_best.png,D:\uwb thesis\RelatedData\DAVIS-data\DAVIS\SAM_results\breakdance\selected_by_score_default_no_gt\00019_best.png,breakdance
20,default_no_gt,2,5,0.0,0.0003013661934101,0.0003013661934101,D:\uwb thesis\RelatedData\DAVIS-data\DAVIS\SAM_results\breakdance\selected_by_sam\00020_sam_best.png,D:\uwb thesis\RelatedData\DAVIS-data\DAVIS\SAM_results\breakdance\selected_by_score_default_no_gt\00020_best.png,breakdance
21,default_no_gt,14,6,0.0,0.0,0.0,D:\uwb thesis\RelatedData\DAVIS-data\DAVIS\SAM_results\breakdance\selected_by_sam\00021_sam_best.png,D:\uwb thesis\RelatedData\DAVIS-data\DAVIS\SAM_results\breakdance\selected_by_score_default_no_gt\00021_best.png,breakdance
22,default_no_gt,11,17,0.0,1.96382631920033e-05,1.96382631920033e-05,D:\uwb thesis\RelatedData\DAVIS-data\DAVIS\SAM_results\breakdance\selected_by_sam\00022_sam_best.png,D:\uwb thesis\RelatedData\DAVIS-data\DAVIS\SAM_results\breakdance\selected_by_score_default_no_gt\00022_best.png,breakdance
23,default_no_gt,8,11,0.0,0.0,0.0,D:\uwb thesis\RelatedData\DAVIS-data\DAVIS\SAM_results\breakdance\selected_by_sam\00023_sam_best.png,D:\uwb thesis\RelatedData\DAVIS-data\DAVIS\SAM_results\breakdance\selected_by_score_default_no_gt\00023_best.png,breakdance
24,default_no_gt,8,0,0.0,0.5997987161353499,0.5997987161353499,D:\uwb thesis\RelatedData\DAVIS-data\DAVIS\SAM_results\breakdance\selected_by_sam\00024_sam_best.png,D:\uwb thesis\RelatedData\DAVIS-data\DAVIS\SAM_results\breakdance\selected_by_score_default_no_gt\00024_best.png,breakdance
25,default_no_gt,11,14,0.0,0.0,0.0,D:\uwb thesis\RelatedData\DAVIS-data\DAVIS\SAM_results\breakdance\selected_by_sam\00025_sam_best.png,D:\uwb thesis\RelatedData\DAVIS-data\DAVIS\SAM_results\breakdance\selected_by_score_default_no_gt\00025_best.png,breakdance
26,default_no_gt,17,7,0.0,0.5762735882477976,0.5762735882477976,D:\uwb thesis\RelatedData\DAVIS-data\DAVIS\SAM_results\breakdance\selected_by_sam\00026_sam_best.png,D:\uwb thesis\RelatedData\DAVIS-data\DAVIS\SAM_results\breakdance\selected_by_score_default_no_gt\00026_best.png,breakdance
27,default_no_gt,11,14,0.0,0.0,0.0,D:\uwb thesis\RelatedData\DAVIS-data\DAVIS\SAM_results\breakdance\selected_by_sam\00027_sam_best.png,D:\uwb thesis\RelatedData\DAVIS-data\DAVIS\SAM_results\breakdance\selected_by_score_default_no_gt\00027_best.png,breakdance
28,default_no_gt,8,1,0.0,0.9645059549027916,0.9645059549027916,D:\uwb thesis\RelatedData\DAVIS-data\DAVIS\SAM_results\breakdance\selected_by_sam\00028_sam_best.png,D:\uwb thesis\RelatedData\DAVIS-data\DAVIS\SAM_results\breakdance\selected_by_score_default_no_gt\00028_best.png,breakdance
29,default_no_gt,5,8,0.0,0.933522592855453,0.933522592855453,D:\uwb thesis\RelatedData\DAVIS-data\DAVIS\SAM_results\breakdance\selected_by_sam\00029_sam_best.png,D:\uwb thesis\RelatedData\DAVIS-data\DAVIS\SAM_results\breakdance\selected_by_score_default_no_gt\00029_best.png,breakdance
30,default_no_gt,8,1,0.0,0.9493908388162008,0.9493908388162008,D:\uwb thesis\RelatedData\DAVIS-data\DAVIS\SAM_results\breakdance\selected_by_sam\00030_sam_best.png,D:\uwb thesis\RelatedData\DAVIS-data\DAVIS\SAM_results\breakdance\selected_by_score_default_no_gt\00030_best.png,breakdance
31,default_no_gt,8,1,0.0,0.9011295849727122,0.9011295849727122,D:\uwb thesis\RelatedData\DAVIS-data\DAVIS\SAM_results\breakdance\selected_by_sam\00031_sam_best.png,D:\uwb thesis\RelatedData\DAVIS-data\DAVIS\SAM_results\breakdance\selected_by_score_default_no_gt\00031_best.png,breakdance
32,default_no_gt,8,1,0.0,0.8963986186482487,0.8963986186482487,D:\uwb thesis\RelatedData\DAVIS-data\DAVIS\SAM_results\breakdance\selected_by_sam\00032_sam_best.png,D:\uwb thesis\RelatedData\DAVIS-data\DAVIS\SAM_results\breakdance\selected_by_score_default_no_gt\00032_best.png,breakdance
33,default_no_gt,8,2,0.0,0.9669621652126884,0.9669621652126884,D:\uwb thesis\RelatedData\DAVIS-data\DAVIS\SAM_results\breakdance\selected_by_sam\00033_sam_best.png,D:\uwb thesis\RelatedData\DAVIS-data\DAVIS\SAM_results\breakdance\selected_by_score_default_no_gt\00033_best.png,breakdance
34,default_no_gt,8,1,0.0,0.9667651403249632,0.9667651403249632,D:\uwb thesis\RelatedData\DAVIS-data\DAVIS\SAM_results\breakdance\selected_by_sam\00034_sam_best.png,D:\uwb thesis\RelatedData\DAVIS-data\DAVIS\SAM_results\breakdance\selected_by_score_default_no_gt\00034_best.png,breakdance
35,default_no_gt,8,2,0.0,0.9545192138751536,0.9545192138751536,D:\uwb thesis\RelatedData\DAVIS-data\DAVIS\SAM_results\breakdance\selected_by_sam\00035_sam_best.png,D:\uwb thesis\RelatedData\DAVIS-data\DAVIS\SAM_results\breakdance\selected_by_score_default_no_gt\00035_best.png,breakdance
36,default_no_gt,8,2,0.0,0.9663371556609992,0.9663371556609992,D:\uwb thesis\RelatedData\DAVIS-data\DAVIS\SAM_results\breakdance\selected_by_sam\00036_sam_best.png,D:\uwb thesis\RelatedData\DAVIS-data\DAVIS\SAM_results\breakdance\selected_by_score_default_no_gt\00036_best.png,breakdance
37,default_no_gt,11,1,0.0,0.9543977529327532,0.9543977529327532,D:\uwb thesis\RelatedData\DAVIS-data\DAVIS\SAM_results\breakdance\selected_by_sam\00037_sam_best.png,D:\uwb thesis\RelatedData\DAVIS-data\DAVIS\SAM_results\breakdance\selected_by_score_default_no_gt\00037_best.png,breakdance
38,default_no_gt,8,1,0.0,0.9354413332585152,0.9354413332585152,D:\uwb thesis\RelatedData\DAVIS-data\DAVIS\SAM_results\breakdance\selected_by_sam\00038_sam_best.png,D:\uwb thesis\RelatedData\DAVIS-data\DAVIS\SAM_results\breakdance\selected_by_score_default_no_gt\00038_best.png,breakdance
39,default_no_gt,8,1,0.0,0.963360462689682,0.963360462689682,D:\uwb thesis\RelatedData\DAVIS-data\DAVIS\SAM_results\breakdance\selected_by_sam\00039_sam_best.png,D:\uwb thesis\RelatedData\DAVIS-data\DAVIS\SAM_results\breakdance\selected_by_score_default_no_gt\00039_best.png,breakdance
40,default_no_gt,8,1,0.0,0.930215874258136,0.930215874258136,D:\uwb thesis\RelatedData\DAVIS-data\DAVIS\SAM_results\breakdance\selected_by_sam\00040_sam_best.png,D:\uwb thesis\RelatedData\DAVIS-data\DAVIS\SAM_results\breakdance\selected_by_score_default_no_gt\00040_best.png,breakdance
41,default_no_gt,8,1,0.0,0.9204020476963416,0.9204020476963416,D:\uwb thesis\RelatedData\DAVIS-data\DAVIS\SAM_results\breakdance\selected_by_sam\00041_sam_best.png,D:\uwb thesis\RelatedData\DAVIS-data\DAVIS\SAM_results\breakdance\selected_by_score_default_no_gt\00041_best.png,breakdance
42,default_no_gt,5,19,0.0,0.9066707749191188,0.9066707749191188,D:\uwb thesis\RelatedData\DAVIS-data\DAVIS\SAM_results\breakdance\selected_by_sam\00042_sam_best.png,D:\uwb thesis\RelatedData\DAVIS-data\DAVIS\SAM_results\breakdance\selected_by_score_default_no_gt\00042_best.png,breakdance
43,default_no_gt,5,2,0.0,0.915873689314504,0.915873689314504,D:\uwb thesis\RelatedData\DAVIS-data\DAVIS\SAM_results\breakdance\selected_by_sam\00043_sam_best.png,D:\uwb thesis\RelatedData\DAVIS-data\DAVIS\SAM_results\breakdance\selected_by_score_default_no_gt\00043_best.png,breakdance
44,default_no_gt,11,0,0.0,0.1027547393364928,0.1027547393364928,D:\uwb thesis\RelatedData\DAVIS-data\DAVIS\SAM_results\breakdance\selected_by_sam\00044_sam_best.png,D:\uwb thesis\RelatedData\DAVIS-data\DAVIS\SAM_results\breakdance\selected_by_score_default_no_gt\00044_best.png,breakdance
45,default_no_gt,8,4,0.0,0.0,0.0,D:\uwb thesis\RelatedData\DAVIS-data\DAVIS\SAM_results\breakdance\selected_by_sam\00045_sam_best.png,D:\uwb thesis\RelatedData\DAVIS-data\DAVIS\SAM_results\breakdance\selected_by_score_default_no_gt\00045_best.png,breakdance
46,default_no_gt,14,10,0.0,0.0003817522427944,0.0003817522427944,D:\uwb thesis\RelatedData\DAVIS-data\DAVIS\SAM_results\breakdance\selected_by_sam\00046_sam_best.png,D:\uwb thesis\RelatedData\DAVIS-data\DAVIS\SAM_results\breakdance\selected_by_score_default_no_gt\00046_best.png,breakdance
47,default_no_gt,14,10,0.0,7.37354372511429e-05,7.37354372511429e-05,D:\uwb thesis\RelatedData\DAVIS-data\DAVIS\SAM_results\breakdance\selected_by_sam\00047_sam_best.png,D:\uwb thesis\RelatedData\DAVIS-data\DAVIS\SAM_results\breakdance\selected_by_score_default_no_gt\00047_best.png,breakdance
48,default_no_gt,11,8,0.0,1.8385056625974408e-05,1.8385056625974408e-05,D:\uwb thesis\RelatedData\DAVIS-data\DAVIS\SAM_results\breakdance\selected_by_sam\00048_sam_best.png,D:\uwb thesis\RelatedData\DAVIS-data\DAVIS\SAM_results\breakdance\selected_by_score_default_no_gt\00048_best.png,breakdance
49,default_no_gt,5,1,0.0,0.9593986800293328,0.9593986800293328,D:\uwb thesis\RelatedData\DAVIS-data\DAVIS\SAM_results\breakdance\selected_by_sam\00049_sam_best.png,D:\uwb thesis\RelatedData\DAVIS-data\DAVIS\SAM_results\breakdance\selected_by_score_default_no_gt\00049_best.png,breakdance
50,default_no_gt,5,8,0.0,0.0,0.0,D:\uwb thesis\RelatedData\DAVIS-data\DAVIS\SAM_results\breakdance\selected_by_sam\00050_sam_best.png,D:\uwb thesis\RelatedData\DAVIS-data\DAVIS\SAM_results\breakdance\selected_by_score_default_no_gt\00050_best.png,breakdance
51,default_no_gt,5,11,0.0,7.125679166295538e-05,7.125679166295538e-05,D:\uwb thesis\RelatedData\DAVIS-data\DAVIS\SAM_results\breakdance\selected_by_sam\00051_sam_best.png,D:\uwb thesis\RelatedData\DAVIS-data\DAVIS\SAM_results\breakdance\selected_by_score_default_no_gt\00051_best.png,breakdance
52,default_no_gt,5,14,0.0,5.508731339172588e-05,5.508731339172588e-05,D:\uwb thesis\RelatedData\DAVIS-data\DAVIS\SAM_results\breakdance\selected_by_sam\00052_sam_best.png,D:\uwb thesis\RelatedData\DAVIS-data\DAVIS\SAM_results\breakdance\selected_by_score_default_no_gt\00052_best.png,breakdance
53,default_no_gt,5,11,0.0,0.0,0.0,D:\uwb thesis\RelatedData\DAVIS-data\DAVIS\SAM_results\breakdance\selected_by_sam\00053_sam_best.png,D:\uwb thesis\RelatedData\DAVIS-data\DAVIS\SAM_results\breakdance\selected_by_score_default_no_gt\00053_best.png,breakdance
54,default_no_gt,5,8,0.0,0.0,0.0,D:\uwb thesis\RelatedData\DAVIS-data\DAVIS\SAM_results\breakdance\selected_by_sam\00054_sam_best.png,D:\uwb thesis\RelatedData\DAVIS-data\DAVIS\SAM_results\breakdance\selected_by_score_default_no_gt\00054_best.png,breakdance
55,default_no_gt,8,8,0.0,0.0,0.0,D:\uwb thesis\RelatedData\DAVIS-data\DAVIS\SAM_results\breakdance\selected_by_sam\00055_sam_best.png,D:\uwb thesis\RelatedData\DAVIS-data\DAVIS\SAM_results\breakdance\selected_by_score_default_no_gt\00055_best.png,breakdance
56,default_no_gt,5,7,0.0,0.0,0.0,D:\uwb thesis\RelatedData\DAVIS-data\DAVIS\SAM_results\breakdance\selected_by_sam\00056_sam_best.png,D:\uwb thesis\RelatedData\DAVIS-data\DAVIS\SAM_results\breakdance\selected_by_score_default_no_gt\00056_best.png,breakdance
57,default_no_gt,5,7,0.0,0.0,0.0,D:\uwb thesis\RelatedData\DAVIS-data\DAVIS\SAM_results\breakdance\selected_by_sam\00057_sam_best.png,D:\uwb thesis\RelatedData\DAVIS-data\DAVIS\SAM_results\breakdance\selected_by_score_default_no_gt\00057_best.png,breakdance
58,default_no_gt,2,7,0.9695135619816184,0.0,-0.9695135619816184,D:\uwb thesis\RelatedData\DAVIS-data\DAVIS\SAM_results\breakdance\selected_by_sam\00058_sam_best.png,D:\uwb thesis\RelatedData\DAVIS-data\DAVIS\SAM_results\breakdance\selected_by_score_default_no_gt\00058_best.png,breakdance
59,default_no_gt,2,7,0.9690906375989248,0.0,-0.9690906375989248,D:\uwb thesis\RelatedData\DAVIS-data\DAVIS\SAM_results\breakdance\selected_by_sam\00059_sam_best.png,D:\uwb thesis\RelatedData\DAVIS-data\DAVIS\SAM_results\breakdance\selected_by_score_default_no_gt\00059_best.png,breakdance
60,default_no_gt,5,11,0.0,0.0,0.0,D:\uwb thesis\RelatedData\DAVIS-data\DAVIS\SAM_results\breakdance\selected_by_sam\00060_sam_best.png,D:\uwb thesis\RelatedData\DAVIS-data\DAVIS\SAM_results\breakdance\selected_by_score_default_no_gt\00060_best.png,breakdance
61,default_no_gt,17,4,0.0,0.0,0.0,D:\uwb thesis\RelatedData\DAVIS-data\DAVIS\SAM_results\breakdance\selected_by_sam\00061_sam_best.png,D:\uwb thesis\RelatedData\DAVIS-data\DAVIS\SAM_results\breakdance\selected_by_score_default_no_gt\00061_best.png,breakdance
62,default_no_gt,2,5,0.0,0.0,0.0,D:\uwb thesis\RelatedData\DAVIS-data\DAVIS\SAM_results\breakdance\selected_by_sam\00062_sam_best.png,D:\uwb thesis\RelatedData\DAVIS-data\DAVIS\SAM_results\breakdance\selected_by_score_default_no_gt\00062_best.png,breakdance
63,default_no_gt,5,1,0.0,0.9524995655448067,0.9524995655448067,D:\uwb thesis\RelatedData\DAVIS-data\DAVIS\SAM_results\breakdance\selected_by_sam\00063_sam_best.png,D:\uwb thesis\RelatedData\DAVIS-data\DAVIS\SAM_results\breakdance\selected_by_score_default_no_gt\00063_best.png,breakdance
64,default_no_gt,8,2,0.0,0.953382554945055,0.953382554945055,D:\uwb thesis\RelatedData\DAVIS-data\DAVIS\SAM_results\breakdance\selected_by_sam\00064_sam_best.png,D:\uwb thesis\RelatedData\DAVIS-data\DAVIS\SAM_results\breakdance\selected_by_score_default_no_gt\00064_best.png,breakdance
65,default_no_gt,5,2,0.0,0.9453185581709485,0.9453185581709485,D:\uwb thesis\RelatedData\DAVIS-data\DAVIS\SAM_results\breakdance\selected_by_sam\00065_sam_best.png,D:\uwb thesis\RelatedData\DAVIS-data\DAVIS\SAM_results\breakdance\selected_by_score_default_no_gt\00065_best.png,breakdance
66,default_no_gt,5,1,0.0,0.8864921419349094,0.8864921419349094,D:\uwb thesis\RelatedData\DAVIS-data\DAVIS\SAM_results\breakdance\selected_by_sam\00066_sam_best.png,D:\uwb thesis\RelatedData\DAVIS-data\DAVIS\SAM_results\breakdance\selected_by_score_default_no_gt\00066_best.png,breakdance
67,default_no_gt,8,1,0.0,0.9355383211678832,0.9355383211678832,D:\uwb thesis\RelatedData\DAVIS-data\DAVIS\SAM_results\breakdance\selected_by_sam\00067_sam_best.png,D:\uwb thesis\RelatedData\DAVIS-data\DAVIS\SAM_results\breakdance\selected_by_score_default_no_gt\00067_best.png,breakdance
68,default_no_gt,2,11,0.965216780268428,0.0,-0.965216780268428,D:\uwb thesis\RelatedData\DAVIS-data\DAVIS\SAM_results\breakdance\selected_by_sam\00068_sam_best.png,D:\uwb thesis\RelatedData\DAVIS-data\DAVIS\SAM_results\breakdance\selected_by_score_default_no_gt\00068_best.png,breakdance
69,default_no_gt,2,1,0.9701956352849778,0.9572187550750528,-0.0129768802099249,D:\uwb thesis\RelatedData\DAVIS-data\DAVIS\SAM_results\breakdance\selected_by_sam\00069_sam_best.png,D:\uwb thesis\RelatedData\DAVIS-data\DAVIS\SAM_results\breakdance\selected_by_score_default_no_gt\00069_best.png,breakdance
70,default_no_gt,2,1,0.9660968320382546,0.9559468233844404,-0.0101500086538142,D:\uwb thesis\RelatedData\DAVIS-data\DAVIS\SAM_results\breakdance\selected_by_sam\00070_sam_best.png,D:\uwb thesis\RelatedData\DAVIS-data\DAVIS\SAM_results\breakdance\selected_by_score_default_no_gt\00070_best.png,breakdance
71,default_no_gt,2,2,0.9609603140408828,0.9609603140408828,0.0,D:\uwb thesis\RelatedData\DAVIS-data\DAVIS\SAM_results\breakdance\selected_by_sam\00071_sam_best.png,D:\uwb thesis\RelatedData\DAVIS-data\DAVIS\SAM_results\breakdance\selected_by_score_default_no_gt\00071_best.png,breakdance
72,default_no_gt,5,1,0.0,0.9416368895695084,0.9416368895695084,D:\uwb thesis\RelatedData\DAVIS-data\DAVIS\SAM_results\breakdance\selected_by_sam\00072_sam_best.png,D:\uwb thesis\RelatedData\DAVIS-data\DAVIS\SAM_results\breakdance\selected_by_score_default_no_gt\00072_best.png,breakdance
73,default_no_gt,11,1,0.0,0.9572100114343792,0.9572100114343792,D:\uwb thesis\RelatedData\DAVIS-data\DAVIS\SAM_results\breakdance\selected_by_sam\00073_sam_best.png,D:\uwb thesis\RelatedData\DAVIS-data\DAVIS\SAM_results\breakdance\selected_by_score_default_no_gt\00073_best.png,breakdance
74,default_no_gt,5,2,0.0,0.92376207309266,0.92376207309266,D:\uwb thesis\RelatedData\DAVIS-data\DAVIS\SAM_results\breakdance\selected_by_sam\00074_sam_best.png,D:\uwb thesis\RelatedData\DAVIS-data\DAVIS\SAM_results\breakdance\selected_by_score_default_no_gt\00074_best.png,breakdance
75,default_no_gt,11,0,0.0,0.7429565217391304,0.7429565217391304,D:\uwb thesis\RelatedData\DAVIS-data\DAVIS\SAM_results\breakdance\selected_by_sam\00075_sam_best.png,D:\uwb thesis\RelatedData\DAVIS-data\DAVIS\SAM_results\breakdance\selected_by_score_default_no_gt\00075_best.png,breakdance
76,default_no_gt,2,0,0.9619935170178282,0.6928538143143006,-0.2691397027035276,D:\uwb thesis\RelatedData\DAVIS-data\DAVIS\SAM_results\breakdance\selected_by_sam\00076_sam_best.png,D:\uwb thesis\RelatedData\DAVIS-data\DAVIS\SAM_results\breakdance\selected_by_score_default_no_gt\00076_best.png,breakdance
77,default_no_gt,2,2,0.9722860465775962,0.9722860465775962,0.0,D:\uwb thesis\RelatedData\DAVIS-data\DAVIS\SAM_results\breakdance\selected_by_sam\00077_sam_best.png,D:\uwb thesis\RelatedData\DAVIS-data\DAVIS\SAM_results\breakdance\selected_by_score_default_no_gt\00077_best.png,breakdance
78,default_no_gt,11,2,0.0,0.9528984471072726,0.9528984471072726,D:\uwb thesis\RelatedData\DAVIS-data\DAVIS\SAM_results\breakdance\selected_by_sam\00078_sam_best.png,D:\uwb thesis\RelatedData\DAVIS-data\DAVIS\SAM_results\breakdance\selected_by_score_default_no_gt\00078_best.png,breakdance
79,default_no_gt,2,2,0.9560911585729628,0.9560911585729628,0.0,D:\uwb thesis\RelatedData\DAVIS-data\DAVIS\SAM_results\breakdance\selected_by_sam\00079_sam_best.png,D:\uwb thesis\RelatedData\DAVIS-data\DAVIS\SAM_results\breakdance\selected_by_score_default_no_gt\00079_best.png,breakdance
80,default_no_gt,2,2,0.9540312443885796,0.9540312443885796,0.0,D:\uwb thesis\RelatedData\DAVIS-data\DAVIS\SAM_results\breakdance\selected_by_sam\00080_sam_best.png,D:\uwb thesis\RelatedData\DAVIS-data\DAVIS\SAM_results\breakdance\selected_by_score_default_no_gt\00080_best.png,breakdance
81,default_no_gt,2,2,0.9714327960964068,0.9714327960964068,0.0,D:\uwb thesis\RelatedData\DAVIS-data\DAVIS\SAM_results\breakdance\selected_by_sam\00081_sam_best.png,D:\uwb thesis\RelatedData\DAVIS-data\DAVIS\SAM_results\breakdance\selected_by_score_default_no_gt\00081_best.png,breakdance
82,default_no_gt,2,1,0.9623406064040804,0.9655779108374244,0.0032373044333439,D:\uwb thesis\RelatedData\DAVIS-data\DAVIS\SAM_results\breakdance\selected_by_sam\00082_sam_best.png,D:\uwb thesis\RelatedData\DAVIS-data\DAVIS\SAM_results\breakdance\selected_by_score_default_no_gt\00082_best.png,breakdance
83,default_no_gt,2,1,0.9626624767890302,0.962443593990975,-0.0002188827980551,D:\uwb thesis\RelatedData\DAVIS-data\DAVIS\SAM_results\breakdance\selected_by_sam\00083_sam_best.png,D:\uwb thesis\RelatedData\DAVIS-data\DAVIS\SAM_results\breakdance\selected_by_score_default_no_gt\00083_best.png,breakdance
0,default_no_gt,2,1,0.9668478260869564,0.964759560545116,-0.0020882655418403,D:\uwb thesis\RelatedData\DAVIS-data\DAVIS\SAM_results\breakdance-flare\selected_by_sam\00000_sam_best.png,D:\uwb thesis\RelatedData\DAVIS-data\DAVIS\SAM_results\breakdance-flare\selected_by_score_default_no_gt\00000_best.png,breakdance-flare
1,default_no_gt,2,1,0.9656000800774082,0.9622760451227604,-0.0033240349546477,D:\uwb thesis\RelatedData\DAVIS-data\DAVIS\SAM_results\breakdance-flare\selected_by_sam\00001_sam_best.png,D:\uwb thesis\RelatedData\DAVIS-data\DAVIS\SAM_results\breakdance-flare\selected_by_score_default_no_gt\00001_best.png,breakdance-flare
2,default_no_gt,2,1,0.9629178614919276,0.9630717418546366,0.000153880362709,D:\uwb thesis\RelatedData\DAVIS-data\DAVIS\SAM_results\breakdance-flare\selected_by_sam\00002_sam_best.png,D:\uwb thesis\RelatedData\DAVIS-data\DAVIS\SAM_results\breakdance-flare\selected_by_score_default_no_gt\00002_best.png,breakdance-flare
3,default_no_gt,1,1,0.9680570564080396,0.9680570564080396,0.0,D:\uwb thesis\RelatedData\DAVIS-data\DAVIS\SAM_results\breakdance-flare\selected_by_sam\00003_sam_best.png,D:\uwb thesis\RelatedData\DAVIS-data\DAVIS\SAM_results\breakdance-flare\selected_by_score_default_no_gt\00003_best.png,breakdance-flare
4,default_no_gt,1,1,0.961558109833972,0.961558109833972,0.0,D:\uwb thesis\RelatedData\DAVIS-data\DAVIS\SAM_results\breakdance-flare\selected_by_sam\00004_sam_best.png,D:\uwb thesis\RelatedData\DAVIS-data\DAVIS\SAM_results\breakdance-flare\selected_by_score_default_no_gt\00004_best.png,breakdance-flare
5,default_no_gt,2,1,0.9468477459105308,0.9648705872185974,0.0180228413080667,D:\uwb thesis\RelatedData\DAVIS-data\DAVIS\SAM_results\breakdance-flare\selected_by_sam\00005_sam_best.png,D:\uwb thesis\RelatedData\DAVIS-data\DAVIS\SAM_results\breakdance-flare\selected_by_score_default_no_gt\00005_best.png,breakdance-flare
6,default_no_gt,2,1,0.9462339451399864,0.9708040971046052,0.0245701519646189,D:\uwb thesis\RelatedData\DAVIS-data\DAVIS\SAM_results\breakdance-flare\selected_by_sam\00006_sam_best.png,D:\uwb thesis\RelatedData\DAVIS-data\DAVIS\SAM_results\breakdance-flare\selected_by_score_default_no_gt\00006_best.png,breakdance-flare
7,default_no_gt,1,1,0.9650587390926604,0.9650587390926604,0.0,D:\uwb thesis\RelatedData\DAVIS-data\DAVIS\SAM_results\breakdance-flare\selected_by_sam\00007_sam_best.png,D:\uwb thesis\RelatedData\DAVIS-data\DAVIS\SAM_results\breakdance-flare\selected_by_score_default_no_gt\00007_best.png,breakdance-flare
8,default_no_gt,1,1,0.9660406941524428,0.9660406941524428,0.0,D:\uwb thesis\RelatedData\DAVIS-data\DAVIS\SAM_results\breakdance-flare\selected_by_sam\00008_sam_best.png,D:\uwb thesis\RelatedData\DAVIS-data\DAVIS\SAM_results\breakdance-flare\selected_by_score_default_no_gt\00008_best.png,breakdance-flare
9,default_no_gt,1,1,0.9636837532580363,0.9636837532580363,0.0,D:\uwb thesis\RelatedData\DAVIS-data\DAVIS\SAM_results\breakdance-flare\selected_by_sam\00009_sam_best.png,D:\uwb thesis\RelatedData\DAVIS-data\DAVIS\SAM_results\breakdance-flare\selected_by_score_default_no_gt\00009_best.png,breakdance-flare
10,default_no_gt,2,2,0.9617498432370624,0.9617498432370624,0.0,D:\uwb thesis\RelatedData\DAVIS-data\DAVIS\SAM_results\breakdance-flare\selected_by_sam\00010_sam_best.png,D:\uwb thesis\RelatedData\DAVIS-data\DAVIS\SAM_results\breakdance-flare\selected_by_score_default_no_gt\00010_best.png,breakdance-flare
11,default_no_gt,2,1,0.9658267037661168,0.9625803936854416,-0.0032463100806752,D:\uwb thesis\RelatedData\DAVIS-data\DAVIS\SAM_results\breakdance-flare\selected_by_sam\00011_sam_best.png,D:\uwb thesis\RelatedData\DAVIS-data\DAVIS\SAM_results\breakdance-flare\selected_by_score_default_no_gt\00011_best.png,breakdance-flare
12,default_no_gt,2,1,0.9645043310875844,0.9616957834779616,-0.0028085476096225,D:\uwb thesis\RelatedData\DAVIS-data\DAVIS\SAM_results\breakdance-flare\selected_by_sam\00012_sam_best.png,D:\uwb thesis\RelatedData\DAVIS-data\DAVIS\SAM_results\breakdance-flare\selected_by_score_default_no_gt\00012_best.png,breakdance-flare
13,default_no_gt,1,1,0.9639794168096056,0.9639794168096056,0.0,D:\uwb thesis\RelatedData\DAVIS-data\DAVIS\SAM_results\breakdance-flare\selected_by_sam\00013_sam_best.png,D:\uwb thesis\RelatedData\DAVIS-data\DAVIS\SAM_results\breakdance-flare\selected_by_score_default_no_gt\00013_best.png,breakdance-flare
14,default_no_gt,2,1,0.959532172483372,0.9612454947423178,0.0017133222589458,D:\uwb thesis\RelatedData\DAVIS-data\DAVIS\SAM_results\breakdance-flare\selected_by_sam\00014_sam_best.png,D:\uwb thesis\RelatedData\DAVIS-data\DAVIS\SAM_results\breakdance-flare\selected_by_score_default_no_gt\00014_best.png,breakdance-flare
15,default_no_gt,2,1,0.9543041606886656,0.9627577826226812,0.0084536219340155,D:\uwb thesis\RelatedData\DAVIS-data\DAVIS\SAM_results\breakdance-flare\selected_by_sam\00015_sam_best.png,D:\uwb thesis\RelatedData\DAVIS-data\DAVIS\SAM_results\breakdance-flare\selected_by_score_default_no_gt\00015_best.png,breakdance-flare
16,default_no_gt,2,1,0.9703665638917436,0.9665029335516442,-0.0038636303400995,D:\uwb thesis\RelatedData\DAVIS-data\DAVIS\SAM_results\breakdance-flare\selected_by_sam\00016_sam_best.png,D:\uwb thesis\RelatedData\DAVIS-data\DAVIS\SAM_results\breakdance-flare\selected_by_score_default_no_gt\00016_best.png,breakdance-flare
17,default_no_gt,2,1,0.9671089868561724,0.9665477531605958,-0.0005612336955767,D:\uwb thesis\RelatedData\DAVIS-data\DAVIS\SAM_results\breakdance-flare\selected_by_sam\00017_sam_best.png,D:\uwb thesis\RelatedData\DAVIS-data\DAVIS\SAM_results\breakdance-flare\selected_by_score_default_no_gt\00017_best.png,breakdance-flare
18,default_no_gt,2,1,0.969178371379514,0.9698465829846584,0.0006682116051441,D:\uwb thesis\RelatedData\DAVIS-data\DAVIS\SAM_results\breakdance-flare\selected_by_sam\00018_sam_best.png,D:\uwb thesis\RelatedData\DAVIS-data\DAVIS\SAM_results\breakdance-flare\selected_by_score_default_no_gt\00018_best.png,breakdance-flare
19,default_no_gt,2,1,0.9654370949659566,0.966734279918864,0.0012971849529074,D:\uwb thesis\RelatedData\DAVIS-data\DAVIS\SAM_results\breakdance-flare\selected_by_sam\00019_sam_best.png,D:\uwb thesis\RelatedData\DAVIS-data\DAVIS\SAM_results\breakdance-flare\selected_by_score_default_no_gt\00019_best.png,breakdance-flare
20,default_no_gt,2,1,0.9670195665428746,0.9701758718138668,0.003156305270992,D:\uwb thesis\RelatedData\DAVIS-data\DAVIS\SAM_results\breakdance-flare\selected_by_sam\00020_sam_best.png,D:\uwb thesis\RelatedData\DAVIS-data\DAVIS\SAM_results\breakdance-flare\selected_by_score_default_no_gt\00020_best.png,breakdance-flare
21,default_no_gt,1,1,0.9634977438929516,0.9634977438929516,0.0,D:\uwb thesis\RelatedData\DAVIS-data\DAVIS\SAM_results\breakdance-flare\selected_by_sam\00021_sam_best.png,D:\uwb thesis\RelatedData\DAVIS-data\DAVIS\SAM_results\breakdance-flare\selected_by_score_default_no_gt\00021_best.png,breakdance-flare
22,default_no_gt,1,1,0.940655659248624,0.940655659248624,0.0,D:\uwb thesis\RelatedData\DAVIS-data\DAVIS\SAM_results\breakdance-flare\selected_by_sam\00022_sam_best.png,D:\uwb thesis\RelatedData\DAVIS-data\DAVIS\SAM_results\breakdance-flare\selected_by_score_default_no_gt\00022_best.png,breakdance-flare
23,default_no_gt,2,1,0.9544227238362674,0.9572903966147888,0.0028676727785214,D:\uwb thesis\RelatedData\DAVIS-data\DAVIS\SAM_results\breakdance-flare\selected_by_sam\00023_sam_best.png,D:\uwb thesis\RelatedData\DAVIS-data\DAVIS\SAM_results\breakdance-flare\selected_by_score_default_no_gt\00023_best.png,breakdance-flare
24,default_no_gt,1,2,0.9499203680764466,0.953407188401667,0.0034868203252204,D:\uwb thesis\RelatedData\DAVIS-data\DAVIS\SAM_results\breakdance-flare\selected_by_sam\00024_sam_best.png,D:\uwb thesis\RelatedData\DAVIS-data\DAVIS\SAM_results\breakdance-flare\selected_by_score_default_no_gt\00024_best.png,breakdance-flare
25,default_no_gt,2,0,0.958236255520395,0.8014166814237649,-0.1568195740966301,D:\uwb thesis\RelatedData\DAVIS-data\DAVIS\SAM_results\breakdance-flare\selected_by_sam\00025_sam_best.png,D:\uwb thesis\RelatedData\DAVIS-data\DAVIS\SAM_results\breakdance-flare\selected_by_score_default_no_gt\00025_best.png,breakdance-flare
26,default_no_gt,2,0,0.958251456544972,0.7918174227664904,-0.1664340337784815,D:\uwb thesis\RelatedData\DAVIS-data\DAVIS\SAM_results\breakdance-flare\selected_by_sam\00026_sam_best.png,D:\uwb thesis\RelatedData\DAVIS-data\DAVIS\SAM_results\breakdance-flare\selected_by_score_default_no_gt\00026_best.png,breakdance-flare
27,default_no_gt,2,0,0.8818075681615274,0.7886981302564815,-0.0931094379050458,D:\uwb thesis\RelatedData\DAVIS-data\DAVIS\SAM_results\breakdance-flare\selected_by_sam\00027_sam_best.png,D:\uwb thesis\RelatedData\DAVIS-data\DAVIS\SAM_results\breakdance-flare\selected_by_score_default_no_gt\00027_best.png,breakdance-flare
28,default_no_gt,2,0,0.9666880204996796,0.7858246219060963,-0.1808633985935834,D:\uwb thesis\RelatedData\DAVIS-data\DAVIS\SAM_results\breakdance-flare\selected_by_sam\00028_sam_best.png,D:\uwb thesis\RelatedData\DAVIS-data\DAVIS\SAM_results\breakdance-flare\selected_by_score_default_no_gt\00028_best.png,breakdance-flare
29,default_no_gt,2,0,0.9659038550145906,0.7620603797074386,-0.203843475307152,D:\uwb thesis\RelatedData\DAVIS-data\DAVIS\SAM_results\breakdance-flare\selected_by_sam\00029_sam_best.png,D:\uwb thesis\RelatedData\DAVIS-data\DAVIS\SAM_results\breakdance-flare\selected_by_score_default_no_gt\00029_best.png,breakdance-flare
30,default_no_gt,2,1,0.9581437670609644,0.95773490223222,-0.0004088648287443,D:\uwb thesis\RelatedData\DAVIS-data\DAVIS\SAM_results\breakdance-flare\selected_by_sam\00030_sam_best.png,D:\uwb thesis\RelatedData\DAVIS-data\DAVIS\SAM_results\breakdance-flare\selected_by_score_default_no_gt\00030_best.png,breakdance-flare
31,default_no_gt,2,1,0.9610655737704918,0.9582392256280248,-0.0028263481424669,D:\uwb thesis\RelatedData\DAVIS-data\DAVIS\SAM_results\breakdance-flare\selected_by_sam\00031_sam_best.png,D:\uwb thesis\RelatedData\DAVIS-data\DAVIS\SAM_results\breakdance-flare\selected_by_score_default_no_gt\00031_best.png,breakdance-flare
32,default_no_gt,2,1,0.9593436293436294,0.957830170596128,-0.0015134587475013,D:\uwb thesis\RelatedData\DAVIS-data\DAVIS\SAM_results\breakdance-flare\selected_by_sam\00032_sam_best.png,D:\uwb thesis\RelatedData\DAVIS-data\DAVIS\SAM_results\breakdance-flare\selected_by_score_default_no_gt\00032_best.png,breakdance-flare
33,default_no_gt,2,1,0.9614656346543534,0.9599788667283052,-0.001486767926048,D:\uwb thesis\RelatedData\DAVIS-data\DAVIS\SAM_results\breakdance-flare\selected_by_sam\00033_sam_best.png,D:\uwb thesis\RelatedData\DAVIS-data\DAVIS\SAM_results\breakdance-flare\selected_by_score_default_no_gt\00033_best.png,breakdance-flare
34,default_no_gt,2,1,0.9684657936681564,0.9659546684077978,-0.0025111252603586,D:\uwb thesis\RelatedData\DAVIS-data\DAVIS\SAM_results\breakdance-flare\selected_by_sam\00034_sam_best.png,D:\uwb thesis\RelatedData\DAVIS-data\DAVIS\SAM_results\breakdance-flare\selected_by_score_default_no_gt\00034_best.png,breakdance-flare
35,default_no_gt,2,1,0.969473971109294,0.9674911873700702,-0.0019827837392238,D:\uwb thesis\RelatedData\DAVIS-data\DAVIS\SAM_results\breakdance-flare\selected_by_sam\00035_sam_best.png,D:\uwb thesis\RelatedData\DAVIS-data\DAVIS\SAM_results\breakdance-flare\selected_by_score_default_no_gt\00035_best.png,breakdance-flare
36,default_no_gt,2,1,0.9634204559016588,0.9645299777942264,0.0011095218925675,D:\uwb thesis\RelatedData\DAVIS-data\DAVIS\SAM_results\breakdance-flare\selected_by_sam\00036_sam_best.png,D:\uwb thesis\RelatedData\DAVIS-data\DAVIS\SAM_results\breakdance-flare\selected_by_score_default_no_gt\00036_best.png,breakdance-flare
37,default_no_gt,2,1,0.9629867626269116,0.9657126392623896,0.0027258766354778,D:\uwb thesis\RelatedData\DAVIS-data\DAVIS\SAM_results\breakdance-flare\selected_by_sam\00037_sam_best.png,D:\uwb thesis\RelatedData\DAVIS-data\DAVIS\SAM_results\breakdance-flare\selected_by_score_default_no_gt\00037_best.png,breakdance-flare
38,default_no_gt,2,1,0.9668179239931934,0.96688531527719,6.739128399657623e-05,D:\uwb thesis\RelatedData\DAVIS-data\DAVIS\SAM_results\breakdance-flare\selected_by_sam\00038_sam_best.png,D:\uwb thesis\RelatedData\DAVIS-data\DAVIS\SAM_results\breakdance-flare\selected_by_score_default_no_gt\00038_best.png,breakdance-flare
39,default_no_gt,2,1,0.9633096366508688,0.9656517115058888,0.0023420748550199,D:\uwb thesis\RelatedData\DAVIS-data\DAVIS\SAM_results\breakdance-flare\selected_by_sam\00039_sam_best.png,D:\uwb thesis\RelatedData\DAVIS-data\DAVIS\SAM_results\breakdance-flare\selected_by_score_default_no_gt\00039_best.png,breakdance-flare
40,default_no_gt,2,1,0.9575328175258628,0.96394449007825,0.0064116725523871,D:\uwb thesis\RelatedData\DAVIS-data\DAVIS\SAM_results\breakdance-flare\selected_by_sam\00040_sam_best.png,D:\uwb thesis\RelatedData\DAVIS-data\DAVIS\SAM_results\breakdance-flare\selected_by_score_default_no_gt\00040_best.png,breakdance-flare
41,default_no_gt,2,1,0.9526269661884772,0.9627806404122192,0.010153674223742,D:\uwb thesis\RelatedData\DAVIS-data\DAVIS\SAM_results\breakdance-flare\selected_by_sam\00041_sam_best.png,D:\uwb thesis\RelatedData\DAVIS-data\DAVIS\SAM_results\breakdance-flare\selected_by_score_default_no_gt\00041_best.png,breakdance-flare
42,default_no_gt,2,1,0.933864265927978,0.9377957413249212,0.0039314753969432,D:\uwb thesis\RelatedData\DAVIS-data\DAVIS\SAM_results\breakdance-flare\selected_by_sam\00042_sam_best.png,D:\uwb thesis\RelatedData\DAVIS-data\DAVIS\SAM_results\breakdance-flare\selected_by_score_default_no_gt\00042_best.png,breakdance-flare
43,default_no_gt,2,1,0.9495430873538372,0.9633188624945124,0.0137757751406754,D:\uwb thesis\RelatedData\DAVIS-data\DAVIS\SAM_results\breakdance-flare\selected_by_sam\00043_sam_best.png,D:\uwb thesis\RelatedData\DAVIS-data\DAVIS\SAM_results\breakdance-flare\selected_by_score_default_no_gt\00043_best.png,breakdance-flare
44,default_no_gt,2,1,0.918477300830242,0.9613718885340566,0.0428945877038146,D:\uwb thesis\RelatedData\DAVIS-data\DAVIS\SAM_results\breakdance-flare\selected_by_sam\00044_sam_best.png,D:\uwb thesis\RelatedData\DAVIS-data\DAVIS\SAM_results\breakdance-flare\selected_by_score_default_no_gt\00044_best.png,breakdance-flare
45,default_no_gt,2,1,0.9381895633652824,0.9623980734293802,0.0242085100640979,D:\uwb thesis\RelatedData\DAVIS-data\DAVIS\SAM_results\breakdance-flare\selected_by_sam\00045_sam_best.png,D:\uwb thesis\RelatedData\DAVIS-data\DAVIS\SAM_results\breakdance-flare\selected_by_score_default_no_gt\00045_best.png,breakdance-flare
46,default_no_gt,2,1,0.9590856013653104,0.9645228863038732,0.0054372849385627,D:\uwb thesis\RelatedData\DAVIS-data\DAVIS\SAM_results\breakdance-flare\selected_by_sam\00046_sam_best.png,D:\uwb thesis\RelatedData\DAVIS-data\DAVIS\SAM_results\breakdance-flare\selected_by_score_default_no_gt\00046_best.png,breakdance-flare
47,default_no_gt,2,1,0.9571812214044162,0.954274745287198,-0.0029064761172182,D:\uwb thesis\RelatedData\DAVIS-data\DAVIS\SAM_results\breakdance-flare\selected_by_sam\00047_sam_best.png,D:\uwb thesis\RelatedData\DAVIS-data\DAVIS\SAM_results\breakdance-flare\selected_by_score_default_no_gt\00047_best.png,breakdance-flare
48,default_no_gt,2,2,0.967623016509056,0.967623016509056,0.0,D:\uwb thesis\RelatedData\DAVIS-data\DAVIS\SAM_results\breakdance-flare\selected_by_sam\00048_sam_best.png,D:\uwb thesis\RelatedData\DAVIS-data\DAVIS\SAM_results\breakdance-flare\selected_by_score_default_no_gt\00048_best.png,breakdance-flare
49,default_no_gt,1,1,0.9568758716875873,0.9568758716875873,0.0,D:\uwb thesis\RelatedData\DAVIS-data\DAVIS\SAM_results\breakdance-flare\selected_by_sam\00049_sam_best.png,D:\uwb thesis\RelatedData\DAVIS-data\DAVIS\SAM_results\breakdance-flare\selected_by_score_default_no_gt\00049_best.png,breakdance-flare
50,default_no_gt,2,2,0.900301770768092,0.900301770768092,0.0,D:\uwb thesis\RelatedData\DAVIS-data\DAVIS\SAM_results\breakdance-flare\selected_by_sam\00050_sam_best.png,D:\uwb thesis\RelatedData\DAVIS-data\DAVIS\SAM_results\breakdance-flare\selected_by_score_default_no_gt\00050_best.png,breakdance-flare
51,default_no_gt,2,1,0.959759823027494,0.9582393368658516,-0.0015204861616422,D:\uwb thesis\RelatedData\DAVIS-data\DAVIS\SAM_results\breakdance-flare\selected_by_sam\00051_sam_best.png,D:\uwb thesis\RelatedData\DAVIS-data\DAVIS\SAM_results\breakdance-flare\selected_by_score_default_no_gt\00051_best.png,breakdance-flare
52,default_no_gt,2,1,0.9601736786944152,0.9610234456667828,0.0008497669723674,D:\uwb thesis\RelatedData\DAVIS-data\DAVIS\SAM_results\breakdance-flare\selected_by_sam\00052_sam_best.png,D:\uwb thesis\RelatedData\DAVIS-data\DAVIS\SAM_results\breakdance-flare\selected_by_score_default_no_gt\00052_best.png,breakdance-flare
53,default_no_gt,2,1,0.9753621163429742,0.9731441249884442,-0.00221799135453,D:\uwb thesis\RelatedData\DAVIS-data\DAVIS\SAM_results\breakdance-flare\selected_by_sam\00053_sam_best.png,D:\uwb thesis\RelatedData\DAVIS-data\DAVIS\SAM_results\breakdance-flare\selected_by_score_default_no_gt\00053_best.png,breakdance-flare
54,default_no_gt,2,1,0.9642739545604214,0.9616125199721416,-0.0026614345882799,D:\uwb thesis\RelatedData\DAVIS-data\DAVIS\SAM_results\breakdance-flare\selected_by_sam\00054_sam_best.png,D:\uwb thesis\RelatedData\DAVIS-data\DAVIS\SAM_results\breakdance-flare\selected_by_score_default_no_gt\00054_best.png,breakdance-flare
55,default_no_gt,2,2,0.9614136732329084,0.9614136732329084,0.0,D:\uwb thesis\RelatedData\DAVIS-data\DAVIS\SAM_results\breakdance-flare\selected_by_sam\00055_sam_best.png,D:\uwb thesis\RelatedData\DAVIS-data\DAVIS\SAM_results\breakdance-flare\selected_by_score_default_no_gt\00055_best.png,breakdance-flare
56,default_no_gt,2,1,0.9673670437928116,0.9610157231507216,-0.0063513206420899,D:\uwb thesis\RelatedData\DAVIS-data\DAVIS\SAM_results\breakdance-flare\selected_by_sam\00056_sam_best.png,D:\uwb thesis\RelatedData\DAVIS-data\DAVIS\SAM_results\breakdance-flare\selected_by_score_default_no_gt\00056_best.png,breakdance-flare
57,default_no_gt,2,1,0.9609158003333068,0.9593830939486696,-0.0015327063846373,D:\uwb thesis\RelatedData\DAVIS-data\DAVIS\SAM_results\breakdance-flare\selected_by_sam\00057_sam_best.png,D:\uwb thesis\RelatedData\DAVIS-data\DAVIS\SAM_results\breakdance-flare\selected_by_score_default_no_gt\00057_best.png,breakdance-flare
58,default_no_gt,1,1,0.938368605584421,0.938368605584421,0.0,D:\uwb thesis\RelatedData\DAVIS-data\DAVIS\SAM_results\breakdance-flare\selected_by_sam\00058_sam_best.png,D:\uwb thesis\RelatedData\DAVIS-data\DAVIS\SAM_results\breakdance-flare\selected_by_score_default_no_gt\00058_best.png,breakdance-flare
59,default_no_gt,2,2,0.9443449644291728,0.9443449644291728,0.0,D:\uwb thesis\RelatedData\DAVIS-data\DAVIS\SAM_results\breakdance-flare\selected_by_sam\00059_sam_best.png,D:\uwb thesis\RelatedData\DAVIS-data\DAVIS\SAM_results\breakdance-flare\selected_by_score_default_no_gt\00059_best.png,breakdance-flare
60,default_no_gt,2,2,0.9494244015220846,0.9494244015220846,0.0,D:\uwb thesis\RelatedData\DAVIS-data\DAVIS\SAM_results\breakdance-flare\selected_by_sam\00060_sam_best.png,D:\uwb thesis\RelatedData\DAVIS-data\DAVIS\SAM_results\breakdance-flare\selected_by_score_default_no_gt\00060_best.png,breakdance-flare
61,default_no_gt,2,1,0.9536041695751316,0.9529950083194676,-0.0006091612556639,D:\uwb thesis\RelatedData\DAVIS-data\DAVIS\SAM_results\breakdance-flare\selected_by_sam\00061_sam_best.png,D:\uwb thesis\RelatedData\DAVIS-data\DAVIS\SAM_results\breakdance-flare\selected_by_score_default_no_gt\00061_best.png,breakdance-flare
62,default_no_gt,2,1,0.9471361588673348,0.9428284396547788,-0.0043077192125559,D:\uwb thesis\RelatedData\DAVIS-data\DAVIS\SAM_results\breakdance-flare\selected_by_sam\00062_sam_best.png,D:\uwb thesis\RelatedData\DAVIS-data\DAVIS\SAM_results\breakdance-flare\selected_by_score_default_no_gt\00062_best.png,breakdance-flare
63,default_no_gt,2,1,0.966989661087672,0.9677508522989036,0.0007611912112314,D:\uwb thesis\RelatedData\DAVIS-data\DAVIS\SAM_results\breakdance-flare\selected_by_sam\00063_sam_best.png,D:\uwb thesis\RelatedData\DAVIS-data\DAVIS\SAM_results\breakdance-flare\selected_by_score_default_no_gt\00063_best.png,breakdance-flare
64,default_no_gt,2,1,0.9614263910087416,0.954678024165548,-0.0067483668431935,D:\uwb thesis\RelatedData\DAVIS-data\DAVIS\SAM_results\breakdance-flare\selected_by_sam\00064_sam_best.png,D:\uwb thesis\RelatedData\DAVIS-data\DAVIS\SAM_results\breakdance-flare\selected_by_score_default_no_gt\00064_best.png,breakdance-flare
65,default_no_gt,2,2,0.958984655098236,0.958984655098236,0.0,D:\uwb thesis\RelatedData\DAVIS-data\DAVIS\SAM_results\breakdance-flare\selected_by_sam\00065_sam_best.png,D:\uwb thesis\RelatedData\DAVIS-data\DAVIS\SAM_results\breakdance-flare\selected_by_score_default_no_gt\00065_best.png,breakdance-flare
66,default_no_gt,2,1,0.914470145239376,0.9294186557329038,0.0149485104935278,D:\uwb thesis\RelatedData\DAVIS-data\DAVIS\SAM_results\breakdance-flare\selected_by_sam\00066_sam_best.png,D:\uwb thesis\RelatedData\DAVIS-data\DAVIS\SAM_results\breakdance-flare\selected_by_score_default_no_gt\00066_best.png,breakdance-flare
67,default_no_gt,1,1,0.9391601986212216,0.9391601986212216,0.0,D:\uwb thesis\RelatedData\DAVIS-data\DAVIS\SAM_results\breakdance-flare\selected_by_sam\00067_sam_best.png,D:\uwb thesis\RelatedData\DAVIS-data\DAVIS\SAM_results\breakdance-flare\selected_by_score_default_no_gt\00067_best.png,breakdance-flare
68,default_no_gt,1,1,0.9538384345208228,0.9538384345208228,0.0,D:\uwb thesis\RelatedData\DAVIS-data\DAVIS\SAM_results\breakdance-flare\selected_by_sam\00068_sam_best.png,D:\uwb thesis\RelatedData\DAVIS-data\DAVIS\SAM_results\breakdance-flare\selected_by_score_default_no_gt\00068_best.png,breakdance-flare
69,default_no_gt,2,1,0.9432117794994525,0.9432265317594154,1.4752259962946823e-05,D:\uwb thesis\RelatedData\DAVIS-data\DAVIS\SAM_results\breakdance-flare\selected_by_sam\00069_sam_best.png,D:\uwb thesis\RelatedData\DAVIS-data\DAVIS\SAM_results\breakdance-flare\selected_by_score_default_no_gt\00069_best.png,breakdance-flare
70,default_no_gt,2,1,0.9642595038896228,0.9586932849364792,-0.0055662189531436,D:\uwb thesis\RelatedData\DAVIS-data\DAVIS\SAM_results\breakdance-flare\selected_by_sam\00070_sam_best.png,D:\uwb thesis\RelatedData\DAVIS-data\DAVIS\SAM_results\breakdance-flare\selected_by_score_default_no_gt\00070_best.png,breakdance-flare
0,default_no_gt,2,1,0.9841003203375264,0.986939837398374,0.0028395170608476,D:\uwb thesis\RelatedData\DAVIS-data\DAVIS\SAM_results\bus\selected_by_sam\00000_sam_best.png,D:\uwb thesis\RelatedData\DAVIS-data\DAVIS\SAM_results\bus\selected_by_score_default_no_gt\00000_best.png,bus
1,default_no_gt,1,1,0.9865791866961152,0.9865791866961152,0.0,D:\uwb thesis\RelatedData\DAVIS-data\DAVIS\SAM_results\bus\selected_by_sam\00001_sam_best.png,D:\uwb thesis\RelatedData\DAVIS-data\DAVIS\SAM_results\bus\selected_by_score_default_no_gt\00001_best.png,bus
2,default_no_gt,2,1,0.984,0.9870569828934947,0.0030569828934948,D:\uwb thesis\RelatedData\DAVIS-data\DAVIS\SAM_results\bus\selected_by_sam\00002_sam_best.png,D:\uwb thesis\RelatedData\DAVIS-data\DAVIS\SAM_results\bus\selected_by_score_default_no_gt\00002_best.png,bus
3,default_no_gt,2,1,0.9843052238030948,0.9867699843209412,0.0024647605178463,D:\uwb thesis\RelatedData\DAVIS-data\DAVIS\SAM_results\bus\selected_by_sam\00003_sam_best.png,D:\uwb thesis\RelatedData\DAVIS-data\DAVIS\SAM_results\bus\selected_by_score_default_no_gt\00003_best.png,bus
4,default_no_gt,2,1,0.9813448743621211,0.985018388283115,0.0036735139209937,D:\uwb thesis\RelatedData\DAVIS-data\DAVIS\SAM_results\bus\selected_by_sam\00004_sam_best.png,D:\uwb thesis\RelatedData\DAVIS-data\DAVIS\SAM_results\bus\selected_by_score_default_no_gt\00004_best.png,bus
5,default_no_gt,1,1,0.9854532324000876,0.9854532324000876,0.0,D:\uwb thesis\RelatedData\DAVIS-data\DAVIS\SAM_results\bus\selected_by_sam\00005_sam_best.png,D:\uwb thesis\RelatedData\DAVIS-data\DAVIS\SAM_results\bus\selected_by_score_default_no_gt\00005_best.png,bus
6,default_no_gt,2,1,0.9868787020345094,0.9884040829969404,0.0015253809624308,D:\uwb thesis\RelatedData\DAVIS-data\DAVIS\SAM_results\bus\selected_by_sam\00006_sam_best.png,D:\uwb thesis\RelatedData\DAVIS-data\DAVIS\SAM_results\bus\selected_by_score_default_no_gt\00006_best.png,bus
7,default_no_gt,1,1,0.986767074948219,0.986767074948219,0.0,D:\uwb thesis\RelatedData\DAVIS-data\DAVIS\SAM_results\bus\selected_by_sam\00007_sam_best.png,D:\uwb thesis\RelatedData\DAVIS-data\DAVIS\SAM_results\bus\selected_by_score_default_no_gt\00007_best.png,bus
8,default_no_gt,1,1,0.9886521037449328,0.9886521037449328,0.0,D:\uwb thesis\RelatedData\DAVIS-data\DAVIS\SAM_results\bus\selected_by_sam\00008_sam_best.png,D:\uwb thesis\RelatedData\DAVIS-data\DAVIS\SAM_results\bus\selected_by_score_default_no_gt\00008_best.png,bus
9,default_no_gt,1,1,0.9883515393517048,0.9883515393517048,0.0,D:\uwb thesis\RelatedData\DAVIS-data\DAVIS\SAM_results\bus\selected_by_sam\00009_sam_best.png,D:\uwb thesis\RelatedData\DAVIS-data\DAVIS\SAM_results\bus\selected_by_score_default_no_gt\00009_best.png,bus
10,default_no_gt,2,1,0.9857428904547068,0.986433105746053,0.0006902152913462,D:\uwb thesis\RelatedData\DAVIS-data\DAVIS\SAM_results\bus\selected_by_sam\00010_sam_best.png,D:\uwb thesis\RelatedData\DAVIS-data\DAVIS\SAM_results\bus\selected_by_score_default_no_gt\00010_best.png,bus
11,default_no_gt,2,1,0.9861928445777493,0.9871471456320476,0.0009543010542985,D:\uwb thesis\RelatedData\DAVIS-data\DAVIS\SAM_results\bus\selected_by_sam\00011_sam_best.png,D:\uwb thesis\RelatedData\DAVIS-data\DAVIS\SAM_results\bus\selected_by_score_default_no_gt\00011_best.png,bus
12,default_no_gt,2,1,0.9853237845471052,0.9867433779836842,0.001419593436579,D:\uwb thesis\RelatedData\DAVIS-data\DAVIS\SAM_results\bus\selected_by_sam\00012_sam_best.png,D:\uwb thesis\RelatedData\DAVIS-data\DAVIS\SAM_results\bus\selected_by_score_default_no_gt\00012_best.png,bus
13,default_no_gt,1,1,0.9868089112017572,0.9868089112017572,0.0,D:\uwb thesis\RelatedData\DAVIS-data\DAVIS\SAM_results\bus\selected_by_sam\00013_sam_best.png,D:\uwb thesis\RelatedData\DAVIS-data\DAVIS\SAM_results\bus\selected_by_score_default_no_gt\00013_best.png,bus
14,default_no_gt,2,1,0.9861004829705828,0.9880688575899844,0.0019683746194015,D:\uwb thesis\RelatedData\DAVIS-data\DAVIS\SAM_results\bus\selected_by_sam\00014_sam_best.png,D:\uwb thesis\RelatedData\DAVIS-data\DAVIS\SAM_results\bus\selected_by_score_default_no_gt\00014_best.png,bus
15,default_no_gt,2,1,0.9869128271793204,0.9883777541976156,0.0014649270182951,D:\uwb thesis\RelatedData\DAVIS-data\DAVIS\SAM_results\bus\selected_by_sam\00015_sam_best.png,D:\uwb thesis\RelatedData\DAVIS-data\DAVIS\SAM_results\bus\selected_by_score_default_no_gt\00015_best.png,bus
16,default_no_gt,2,1,0.9860368944857566,0.9878731343283582,0.0018362398426016,D:\uwb thesis\RelatedData\DAVIS-data\DAVIS\SAM_results\bus\selected_by_sam\00016_sam_best.png,D:\uwb thesis\RelatedData\DAVIS-data\DAVIS\SAM_results\bus\selected_by_score_default_no_gt\00016_best.png,bus
17,default_no_gt,2,2,0.982077464348652,0.982077464348652,0.0,D:\uwb thesis\RelatedData\DAVIS-data\DAVIS\SAM_results\bus\selected_by_sam\00017_sam_best.png,D:\uwb thesis\RelatedData\DAVIS-data\DAVIS\SAM_results\bus\selected_by_score_default_no_gt\00017_best.png,bus
18,default_no_gt,1,1,0.980984188408119,0.980984188408119,0.0,D:\uwb thesis\RelatedData\DAVIS-data\DAVIS\SAM_results\bus\selected_by_sam\00018_sam_best.png,D:\uwb thesis\RelatedData\DAVIS-data\DAVIS\SAM_results\bus\selected_by_score_default_no_gt\00018_best.png,bus
19,default_no_gt,2,1,0.9833209325396826,0.9833734196731422,5.248713345962219e-05,D:\uwb thesis\RelatedData\DAVIS-data\DAVIS\SAM_results\bus\selected_by_sam\00019_sam_best.png,D:\uwb thesis\RelatedData\DAVIS-data\DAVIS\SAM_results\bus\selected_by_score_default_no_gt\00019_best.png,bus
20,default_no_gt,1,1,0.986165398700386,0.986165398700386,0.0,D:\uwb thesis\RelatedData\DAVIS-data\DAVIS\SAM_results\bus\selected_by_sam\00020_sam_best.png,D:\uwb thesis\RelatedData\DAVIS-data\DAVIS\SAM_results\bus\selected_by_score_default_no_gt\00020_best.png,bus
21,default_no_gt,2,1,0.987337263571604,0.98719878596517,-0.000138477606434,D:\uwb thesis\RelatedData\DAVIS-data\DAVIS\SAM_results\bus\selected_by_sam\00021_sam_best.png,D:\uwb thesis\RelatedData\DAVIS-data\DAVIS\SAM_results\bus\selected_by_score_default_no_gt\00021_best.png,bus
22,default_no_gt,2,1,0.9845203125190448,0.9806203425916964,-0.0038999699273484,D:\uwb thesis\RelatedData\DAVIS-data\DAVIS\SAM_results\bus\selected_by_sam\00022_sam_best.png,D:\uwb thesis\RelatedData\DAVIS-data\DAVIS\SAM_results\bus\selected_by_score_default_no_gt\00022_best.png,bus
23,default_no_gt,1,1,0.9859093550261476,0.9859093550261476,0.0,D:\uwb thesis\RelatedData\DAVIS-data\DAVIS\SAM_results\bus\selected_by_sam\00023_sam_best.png,D:\uwb thesis\RelatedData\DAVIS-data\DAVIS\SAM_results\bus\selected_by_score_default_no_gt\00023_best.png,bus
24,default_no_gt,2,1,0.9853090909090908,0.985886756006278,0.000577665097187,D:\uwb thesis\RelatedData\DAVIS-data\DAVIS\SAM_results\bus\selected_by_sam\00024_sam_best.png,D:\uwb thesis\RelatedData\DAVIS-data\DAVIS\SAM_results\bus\selected_by_score_default_no_gt\00024_best.png,bus
25,default_no_gt,1,1,0.9868509940165991,0.9868509940165991,0.0,D:\uwb thesis\RelatedData\DAVIS-data\DAVIS\SAM_results\bus\selected_by_sam\00025_sam_best.png,D:\uwb thesis\RelatedData\DAVIS-data\DAVIS\SAM_results\bus\selected_by_score_default_no_gt\00025_best.png,bus
26,default_no_gt,1,1,0.9815602159270052,0.9815602159270052,0.0,D:\uwb thesis\RelatedData\DAVIS-data\DAVIS\SAM_results\bus\selected_by_sam\00026_sam_best.png,D:\uwb thesis\RelatedData\DAVIS-data\DAVIS\SAM_results\bus\selected_by_score_default_no_gt\00026_best.png,bus
27,default_no_gt,2,1,0.9856448391211224,0.987228623262408,0.0015837841412854,D:\uwb thesis\RelatedData\DAVIS-data\DAVIS\SAM_results\bus\selected_by_sam\00027_sam_best.png,D:\uwb thesis\RelatedData\DAVIS-data\DAVIS\SAM_results\bus\selected_by_score_default_no_gt\00027_best.png,bus
28,default_no_gt,2,1,0.985510896813117,0.98658416908016,0.0010732722670429,D:\uwb thesis\RelatedData\DAVIS-data\DAVIS\SAM_results\bus\selected_by_sam\00028_sam_best.png,D:\uwb thesis\RelatedData\DAVIS-data\DAVIS\SAM_results\bus\selected_by_score_default_no_gt\00028_best.png,bus
29,default_no_gt,1,1,0.9819825169841798,0.9819825169841798,0.0,D:\uwb thesis\RelatedData\DAVIS-data\DAVIS\SAM_results\bus\selected_by_sam\00029_sam_best.png,D:\uwb thesis\RelatedData\DAVIS-data\DAVIS\SAM_results\bus\selected_by_score_default_no_gt\00029_best.png,bus
30,default_no_gt,1,1,0.980566102456738,0.980566102456738,0.0,D:\uwb thesis\RelatedData\DAVIS-data\DAVIS\SAM_results\bus\selected_by_sam\00030_sam_best.png,D:\uwb thesis\RelatedData\DAVIS-data\DAVIS\SAM_results\bus\selected_by_score_default_no_gt\00030_best.png,bus
31,default_no_gt,1,1,0.9772115897375124,0.9772115897375124,0.0,D:\uwb thesis\RelatedData\DAVIS-data\DAVIS\SAM_results\bus\selected_by_sam\00031_sam_best.png,D:\uwb thesis\RelatedData\DAVIS-data\DAVIS\SAM_results\bus\selected_by_score_default_no_gt\00031_best.png,bus
32,default_no_gt,2,1,0.9733857571375648,0.9707186381203026,-0.0026671190172621,D:\uwb thesis\RelatedData\DAVIS-data\DAVIS\SAM_results\bus\selected_by_sam\00032_sam_best.png,D:\uwb thesis\RelatedData\DAVIS-data\DAVIS\SAM_results\bus\selected_by_score_default_no_gt\00032_best.png,bus
33,default_no_gt,2,1,0.9681500078836616,0.9711639476893724,0.0030139398057109,D:\uwb thesis\RelatedData\DAVIS-data\DAVIS\SAM_results\bus\selected_by_sam\00033_sam_best.png,D:\uwb thesis\RelatedData\DAVIS-data\DAVIS\SAM_results\bus\selected_by_score_default_no_gt\00033_best.png,bus
34,default_no_gt,2,1,0.9659633659953716,0.9645030550147546,-0.0014603109806168,D:\uwb thesis\RelatedData\DAVIS-data\DAVIS\SAM_results\bus\selected_by_sam\00034_sam_best.png,D:\uwb thesis\RelatedData\DAVIS-data\DAVIS\SAM_results\bus\selected_by_score_default_no_gt\00034_best.png,bus
35,default_no_gt,2,1,0.9594793040794484,0.9572107570309808,-0.0022685470484677,D:\uwb thesis\RelatedData\DAVIS-data\DAVIS\SAM_results\bus\selected_by_sam\00035_sam_best.png,D:\uwb thesis\RelatedData\DAVIS-data\DAVIS\SAM_results\bus\selected_by_score_default_no_gt\00035_best.png,bus
36,default_no_gt,2,4,0.957681284399016,0.8734391126334056,-0.0842421717656103,D:\uwb thesis\RelatedData\DAVIS-data\DAVIS\SAM_results\bus\selected_by_sam\00036_sam_best.png,D:\uwb thesis\RelatedData\DAVIS-data\DAVIS\SAM_results\bus\selected_by_score_default_no_gt\00036_best.png,bus
37,default_no_gt,2,1,0.9457845223142192,0.9378741669490568,-0.0079103553651622,D:\uwb thesis\RelatedData\DAVIS-data\DAVIS\SAM_results\bus\selected_by_sam\00037_sam_best.png,D:\uwb thesis\RelatedData\DAVIS-data\DAVIS\SAM_results\bus\selected_by_score_default_no_gt\00037_best.png,bus
38,default_no_gt,2,2,0.9412288396328928,0.9412288396328928,0.0,D:\uwb thesis\RelatedData\DAVIS-data\DAVIS\SAM_results\bus\selected_by_sam\00038_sam_best.png,D:\uwb thesis\RelatedData\DAVIS-data\DAVIS\SAM_results\bus\selected_by_score_default_no_gt\00038_best.png,bus
39,default_no_gt,2,1,0.9370865794502424,0.9333438572950788,-0.0037427221551638,D:\uwb thesis\RelatedData\DAVIS-data\DAVIS\SAM_results\bus\selected_by_sam\00039_sam_best.png,D:\uwb thesis\RelatedData\DAVIS-data\DAVIS\SAM_results\bus\selected_by_score_default_no_gt\00039_best.png,bus
40,default_no_gt,2,1,0.9297743623283192,0.9238519150297184,-0.0059224472986008,D:\uwb thesis\RelatedData\DAVIS-data\DAVIS\SAM_results\bus\selected_by_sam\00040_sam_best.png,D:\uwb thesis\RelatedData\DAVIS-data\DAVIS\SAM_results\bus\selected_by_score_default_no_gt\00040_best.png,bus
41,default_no_gt,2,1,0.9212801202722832,0.9018847229096162,-0.0193953973626669,D:\uwb thesis\RelatedData\DAVIS-data\DAVIS\SAM_results\bus\selected_by_sam\00041_sam_best.png,D:\uwb thesis\RelatedData\DAVIS-data\DAVIS\SAM_results\bus\selected_by_score_default_no_gt\00041_best.png,bus
42,default_no_gt,2,1,0.9198135397511013,0.91312309541782,-0.0066904443332813,D:\uwb thesis\RelatedData\DAVIS-data\DAVIS\SAM_results\bus\selected_by_sam\00042_sam_best.png,D:\uwb thesis\RelatedData\DAVIS-data\DAVIS\SAM_results\bus\selected_by_score_default_no_gt\00042_best.png,bus
43,default_no_gt,2,1,0.9084411511588896,0.9001065113967195,-0.0083346397621701,D:\uwb thesis\RelatedData\DAVIS-data\DAVIS\SAM_results\bus\selected_by_sam\00043_sam_best.png,D:\uwb thesis\RelatedData\DAVIS-data\DAVIS\SAM_results\bus\selected_by_score_default_no_gt\00043_best.png,bus
44,default_no_gt,2,2,0.8978102189781022,0.8978102189781022,0.0,D:\uwb thesis\RelatedData\DAVIS-data\DAVIS\SAM_results\bus\selected_by_sam\00044_sam_best.png,D:\uwb thesis\RelatedData\DAVIS-data\DAVIS\SAM_results\bus\selected_by_score_default_no_gt\00044_best.png,bus
45,default_no_gt,2,2,0.9009488366370892,0.9009488366370892,0.0,D:\uwb thesis\RelatedData\DAVIS-data\DAVIS\SAM_results\bus\selected_by_sam\00045_sam_best.png,D:\uwb thesis\RelatedData\DAVIS-data\DAVIS\SAM_results\bus\selected_by_score_default_no_gt\00045_best.png,bus
46,default_no_gt,2,1,0.8895901054467613,0.8816383788866793,-0.007951726560082,D:\uwb thesis\RelatedData\DAVIS-data\DAVIS\SAM_results\bus\selected_by_sam\00046_sam_best.png,D:\uwb thesis\RelatedData\DAVIS-data\DAVIS\SAM_results\bus\selected_by_score_default_no_gt\00046_best.png,bus
47,default_no_gt,2,2,0.8733435759554445,0.8733435759554445,0.0,D:\uwb thesis\RelatedData\DAVIS-data\DAVIS\SAM_results\bus\selected_by_sam\00047_sam_best.png,D:\uwb thesis\RelatedData\DAVIS-data\DAVIS\SAM_results\bus\selected_by_score_default_no_gt\00047_best.png,bus
48,default_no_gt,2,2,0.8570045815319094,0.8570045815319094,0.0,D:\uwb thesis\RelatedData\DAVIS-data\DAVIS\SAM_results\bus\selected_by_sam\00048_sam_best.png,D:\uwb thesis\RelatedData\DAVIS-data\DAVIS\SAM_results\bus\selected_by_score_default_no_gt\00048_best.png,bus
49,default_no_gt,2,1,0.8455884781818782,0.8090359472257795,-0.0365525309560986,D:\uwb thesis\RelatedData\DAVIS-data\DAVIS\SAM_results\bus\selected_by_sam\00049_sam_best.png,D:\uwb thesis\RelatedData\DAVIS-data\DAVIS\SAM_results\bus\selected_by_score_default_no_gt\00049_best.png,bus
50,default_no_gt,2,1,0.8357211079274116,0.7917702579982433,-0.0439508499291683,D:\uwb thesis\RelatedData\DAVIS-data\DAVIS\SAM_results\bus\selected_by_sam\00050_sam_best.png,D:\uwb thesis\RelatedData\DAVIS-data\DAVIS\SAM_results\bus\selected_by_score_default_no_gt\00050_best.png,bus
51,default_no_gt,2,2,0.8435766435665267,0.8435766435665267,0.0,D:\uwb thesis\RelatedData\DAVIS-data\DAVIS\SAM_results\bus\selected_by_sam\00051_sam_best.png,D:\uwb thesis\RelatedData\DAVIS-data\DAVIS\SAM_results\bus\selected_by_score_default_no_gt\00051_best.png,bus
52,default_no_gt,2,2,0.8479369339147937,0.8479369339147937,0.0,D:\uwb thesis\RelatedData\DAVIS-data\DAVIS\SAM_results\bus\selected_by_sam\00052_sam_best.png,D:\uwb thesis\RelatedData\DAVIS-data\DAVIS\SAM_results\bus\selected_by_score_default_no_gt\00052_best.png,bus
53,default_no_gt,2,2,0.8509241896597911,0.8509241896597911,0.0,D:\uwb thesis\RelatedData\DAVIS-data\DAVIS\SAM_results\bus\selected_by_sam\00053_sam_best.png,D:\uwb thesis\RelatedData\DAVIS-data\DAVIS\SAM_results\bus\selected_by_score_default_no_gt\00053_best.png,bus
54,default_no_gt,2,2,0.8488254168814111,0.8488254168814111,0.0,D:\uwb thesis\RelatedData\DAVIS-data\DAVIS\SAM_results\bus\selected_by_sam\00054_sam_best.png,D:\uwb thesis\RelatedData\DAVIS-data\DAVIS\SAM_results\bus\selected_by_score_default_no_gt\00054_best.png,bus
55,default_no_gt,2,1,0.8518328506412909,0.7924349010041414,-0.0593979496371495,D:\uwb thesis\RelatedData\DAVIS-data\DAVIS\SAM_results\bus\selected_by_sam\00055_sam_best.png,D:\uwb thesis\RelatedData\DAVIS-data\DAVIS\SAM_results\bus\selected_by_score_default_no_gt\00055_best.png,bus
56,default_no_gt,2,2,0.850641506970063,0.850641506970063,0.0,D:\uwb thesis\RelatedData\DAVIS-data\DAVIS\SAM_results\bus\selected_by_sam\00056_sam_best.png,D:\uwb thesis\RelatedData\DAVIS-data\DAVIS\SAM_results\bus\selected_by_score_default_no_gt\00056_best.png,bus
57,default_no_gt,2,1,0.8491353413980677,0.766873694990092,-0.0822616464079757,D:\uwb thesis\RelatedData\DAVIS-data\DAVIS\SAM_results\bus\selected_by_sam\00057_sam_best.png,D:\uwb thesis\RelatedData\DAVIS-data\DAVIS\SAM_results\bus\selected_by_score_default_no_gt\00057_best.png,bus
58,default_no_gt,2,2,0.8531835447112599,0.8531835447112599,0.0,D:\uwb thesis\RelatedData\DAVIS-data\DAVIS\SAM_results\bus\selected_by_sam\00058_sam_best.png,D:\uwb thesis\RelatedData\DAVIS-data\DAVIS\SAM_results\bus\selected_by_score_default_no_gt\00058_best.png,bus
59,default_no_gt,2,2,0.8480360695719145,0.8480360695719145,0.0,D:\uwb thesis\RelatedData\DAVIS-data\DAVIS\SAM_results\bus\selected_by_sam\00059_sam_best.png,D:\uwb thesis\RelatedData\DAVIS-data\DAVIS\SAM_results\bus\selected_by_score_default_no_gt\00059_best.png,bus
60,default_no_gt,2,2,0.8499823281817306,0.8499823281817306,0.0,D:\uwb thesis\RelatedData\DAVIS-data\DAVIS\SAM_results\bus\selected_by_sam\00060_sam_best.png,D:\uwb thesis\RelatedData\DAVIS-data\DAVIS\SAM_results\bus\selected_by_score_default_no_gt\00060_best.png,bus
61,default_no_gt,2,2,0.8526243666146148,0.8526243666146148,0.0,D:\uwb thesis\RelatedData\DAVIS-data\DAVIS\SAM_results\bus\selected_by_sam\00061_sam_best.png,D:\uwb thesis\RelatedData\DAVIS-data\DAVIS\SAM_results\bus\selected_by_score_default_no_gt\00061_best.png,bus
62,default_no_gt,2,2,0.8549573450680732,0.8549573450680732,0.0,D:\uwb thesis\RelatedData\DAVIS-data\DAVIS\SAM_results\bus\selected_by_sam\00062_sam_best.png,D:\uwb thesis\RelatedData\DAVIS-data\DAVIS\SAM_results\bus\selected_by_score_default_no_gt\00062_best.png,bus
63,default_no_gt,2,2,0.851143101753496,0.851143101753496,0.0,D:\uwb thesis\RelatedData\DAVIS-data\DAVIS\SAM_results\bus\selected_by_sam\00063_sam_best.png,D:\uwb thesis\RelatedData\DAVIS-data\DAVIS\SAM_results\bus\selected_by_score_default_no_gt\00063_best.png,bus
64,default_no_gt,2,2,0.8504967670714398,0.8504967670714398,0.0,D:\uwb thesis\RelatedData\DAVIS-data\DAVIS\SAM_results\bus\selected_by_sam\00064_sam_best.png,D:\uwb thesis\RelatedData\DAVIS-data\DAVIS\SAM_results\bus\selected_by_score_default_no_gt\00064_best.png,bus
65,default_no_gt,2,2,0.8528266331658292,0.8528266331658292,0.0,D:\uwb thesis\RelatedData\DAVIS-data\DAVIS\SAM_results\bus\selected_by_sam\00065_sam_best.png,D:\uwb thesis\RelatedData\DAVIS-data\DAVIS\SAM_results\bus\selected_by_score_default_no_gt\00065_best.png,bus
66,default_no_gt,2,2,0.8482507880036201,0.8482507880036201,0.0,D:\uwb thesis\RelatedData\DAVIS-data\DAVIS\SAM_results\bus\selected_by_sam\00066_sam_best.png,D:\uwb thesis\RelatedData\DAVIS-data\DAVIS\SAM_results\bus\selected_by_score_default_no_gt\00066_best.png,bus
67,default_no_gt,2,2,0.8444993056627064,0.8444993056627064,0.0,D:\uwb thesis\RelatedData\DAVIS-data\DAVIS\SAM_results\bus\selected_by_sam\00067_sam_best.png,D:\uwb thesis\RelatedData\DAVIS-data\DAVIS\SAM_results\bus\selected_by_score_default_no_gt\00067_best.png,bus
68,default_no_gt,2,2,0.8494420072346648,0.8494420072346648,0.0,D:\uwb thesis\RelatedData\DAVIS-data\DAVIS\SAM_results\bus\selected_by_sam\00068_sam_best.png,D:\uwb thesis\RelatedData\DAVIS-data\DAVIS\SAM_results\bus\selected_by_score_default_no_gt\00068_best.png,bus
69,default_no_gt,2,2,0.8521961776450148,0.8521961776450148,0.0,D:\uwb thesis\RelatedData\DAVIS-data\DAVIS\SAM_results\bus\selected_by_sam\00069_sam_best.png,D:\uwb thesis\RelatedData\DAVIS-data\DAVIS\SAM_results\bus\selected_by_score_default_no_gt\00069_best.png,bus
70,default_no_gt,5,2,0.0,0.8567869185092353,0.8567869185092353,D:\uwb thesis\RelatedData\DAVIS-data\DAVIS\SAM_results\bus\selected_by_sam\00070_sam_best.png,D:\uwb thesis\RelatedData\DAVIS-data\DAVIS\SAM_results\bus\selected_by_score_default_no_gt\00070_best.png,bus
71,default_no_gt,2,1,0.8752760356858935,0.7424547983310154,-0.1328212373548781,D:\uwb thesis\RelatedData\DAVIS-data\DAVIS\SAM_results\bus\selected_by_sam\00071_sam_best.png,D:\uwb thesis\RelatedData\DAVIS-data\DAVIS\SAM_results\bus\selected_by_score_default_no_gt\00071_best.png,bus
72,default_no_gt,2,2,0.8789068568603912,0.8789068568603912,0.0,D:\uwb thesis\RelatedData\DAVIS-data\DAVIS\SAM_results\bus\selected_by_sam\00072_sam_best.png,D:\uwb thesis\RelatedData\DAVIS-data\DAVIS\SAM_results\bus\selected_by_score_default_no_gt\00072_best.png,bus
73,default_no_gt,2,2,0.9009950317607496,0.9009950317607496,0.0,D:\uwb thesis\RelatedData\DAVIS-data\DAVIS\SAM_results\bus\selected_by_sam\00073_sam_best.png,D:\uwb thesis\RelatedData\DAVIS-data\DAVIS\SAM_results\bus\selected_by_score_default_no_gt\00073_best.png,bus
74,default_no_gt,2,2,0.9087973526546842,0.9087973526546842,0.0,D:\uwb thesis\RelatedData\DAVIS-data\DAVIS\SAM_results\bus\selected_by_sam\00074_sam_best.png,D:\uwb thesis\RelatedData\DAVIS-data\DAVIS\SAM_results\bus\selected_by_score_default_no_gt\00074_best.png,bus
75,default_no_gt,5,2,0.0,0.921108274670586,0.921108274670586,D:\uwb thesis\RelatedData\DAVIS-data\DAVIS\SAM_results\bus\selected_by_sam\00075_sam_best.png,D:\uwb thesis\RelatedData\DAVIS-data\DAVIS\SAM_results\bus\selected_by_score_default_no_gt\00075_best.png,bus
76,default_no_gt,5,1,0.0,0.924807607470222,0.924807607470222,D:\uwb thesis\RelatedData\DAVIS-data\DAVIS\SAM_results\bus\selected_by_sam\00076_sam_best.png,D:\uwb thesis\RelatedData\DAVIS-data\DAVIS\SAM_results\bus\selected_by_score_default_no_gt\00076_best.png,bus
77,default_no_gt,5,2,0.0,0.9304397019704136,0.9304397019704136,D:\uwb thesis\RelatedData\DAVIS-data\DAVIS\SAM_results\bus\selected_by_sam\00077_sam_best.png,D:\uwb thesis\RelatedData\DAVIS-data\DAVIS\SAM_results\bus\selected_by_score_default_no_gt\00077_best.png,bus
78,default_no_gt,2,2,0.9395181233660708,0.9395181233660708,0.0,D:\uwb thesis\RelatedData\DAVIS-data\DAVIS\SAM_results\bus\selected_by_sam\00078_sam_best.png,D:\uwb thesis\RelatedData\DAVIS-data\DAVIS\SAM_results\bus\selected_by_score_default_no_gt\00078_best.png,bus
79,default_no_gt,2,2,0.9393122202708062,0.9393122202708062,0.0,D:\uwb thesis\RelatedData\DAVIS-data\DAVIS\SAM_results\bus\selected_by_sam\00079_sam_best.png,D:\uwb thesis\RelatedData\DAVIS-data\DAVIS\SAM_results\bus\selected_by_score_default_no_gt\00079_best.png,bus
0,default_no_gt,2,1,0.9734613449605904,0.9700097370983448,-0.0034516078622456,D:\uwb thesis\RelatedData\DAVIS-data\DAVIS\SAM_results\camel\selected_by_sam\00000_sam_best.png,D:\uwb thesis\RelatedData\DAVIS-data\DAVIS\SAM_results\camel\selected_by_score_default_no_gt\00000_best.png,camel
1,default_no_gt,2,2,0.9728180345348048,0.9728180345348048,0.0,D:\uwb thesis\RelatedData\DAVIS-data\DAVIS\SAM_results\camel\selected_by_sam\00001_sam_best.png,D:\uwb thesis\RelatedData\DAVIS-data\DAVIS\SAM_results\camel\selected_by_score_default_no_gt\00001_best.png,camel
2,default_no_gt,2,1,0.9751549380934712,0.9724996579559448,-0.0026552801375265,D:\uwb thesis\RelatedData\DAVIS-data\DAVIS\SAM_results\camel\selected_by_sam\00002_sam_best.png,D:\uwb thesis\RelatedData\DAVIS-data\DAVIS\SAM_results\camel\selected_by_score_default_no_gt\00002_best.png,camel
3,default_no_gt,2,2,0.9763538969490224,0.9763538969490224,0.0,D:\uwb thesis\RelatedData\DAVIS-data\DAVIS\SAM_results\camel\selected_by_sam\00003_sam_best.png,D:\uwb thesis\RelatedData\DAVIS-data\DAVIS\SAM_results\camel\selected_by_score_default_no_gt\00003_best.png,camel
4,default_no_gt,2,1,0.974593119712613,0.9698147693482828,-0.0047783503643302,D:\uwb thesis\RelatedData\DAVIS-data\DAVIS\SAM_results\camel\selected_by_sam\00004_sam_best.png,D:\uwb thesis\RelatedData\DAVIS-data\DAVIS\SAM_results\camel\selected_by_score_default_no_gt\00004_best.png,camel
5,default_no_gt,2,2,0.9694202183094728,0.9694202183094728,0.0,D:\uwb thesis\RelatedData\DAVIS-data\DAVIS\SAM_results\camel\selected_by_sam\00005_sam_best.png,D:\uwb thesis\RelatedData\DAVIS-data\DAVIS\SAM_results\camel\selected_by_score_default_no_gt\00005_best.png,camel
6,default_no_gt,2,2,0.969260246584472,0.969260246584472,0.0,D:\uwb thesis\RelatedData\DAVIS-data\DAVIS\SAM_results\camel\selected_by_sam\00006_sam_best.png,D:\uwb thesis\RelatedData\DAVIS-data\DAVIS\SAM_results\camel\selected_by_score_default_no_gt\00006_best.png,camel
7,default_no_gt,2,2,0.9718319812307432,0.9718319812307432,0.0,D:\uwb thesis\RelatedData\DAVIS-data\DAVIS\SAM_results\camel\selected_by_sam\00007_sam_best.png,D:\uwb thesis\RelatedData\DAVIS-data\DAVIS\SAM_results\camel\selected_by_score_default_no_gt\00007_best.png,camel
8,default_no_gt,2,2,0.974146904901108,0.974146904901108,0.0,D:\uwb thesis\RelatedData\DAVIS-data\DAVIS\SAM_results\camel\selected_by_sam\00008_sam_best.png,D:\uwb thesis\RelatedData\DAVIS-data\DAVIS\SAM_results\camel\selected_by_score_default_no_gt\00008_best.png,camel
9,default_no_gt,2,1,0.9828086043949672,0.981193171140697,-0.0016154332542701,D:\uwb thesis\RelatedData\DAVIS-data\DAVIS\SAM_results\camel\selected_by_sam\00009_sam_best.png,D:\uwb thesis\RelatedData\DAVIS-data\DAVIS\SAM_results\camel\selected_by_score_default_no_gt\00009_best.png,camel
10,default_no_gt,2,1,0.9825678161590796,0.9811054340073074,-0.0014623821517721,D:\uwb thesis\RelatedData\DAVIS-data\DAVIS\SAM_results\camel\selected_by_sam\00010_sam_best.png,D:\uwb thesis\RelatedData\DAVIS-data\DAVIS\SAM_results\camel\selected_by_score_default_no_gt\00010_best.png,camel
11,default_no_gt,2,1,0.981349200576109,0.9802228735598828,-0.0011263270162261,D:\uwb thesis\RelatedData\DAVIS-data\DAVIS\SAM_results\camel\selected_by_sam\00011_sam_best.png,D:\uwb thesis\RelatedData\DAVIS-data\DAVIS\SAM_results\camel\selected_by_score_default_no_gt\00011_best.png,camel
12,default_no_gt,2,2,0.979982733644518,0.979982733644518,0.0,D:\uwb thesis\RelatedData\DAVIS-data\DAVIS\SAM_results\camel\selected_by_sam\00012_sam_best.png,D:\uwb thesis\RelatedData\DAVIS-data\DAVIS\SAM_results\camel\selected_by_score_default_no_gt\00012_best.png,camel
13,default_no_gt,2,2,0.9801349821347176,0.9801349821347176,0.0,D:\uwb thesis\RelatedData\DAVIS-data\DAVIS\SAM_results\camel\selected_by_sam\00013_sam_best.png,D:\uwb thesis\RelatedData\DAVIS-data\DAVIS\SAM_results\camel\selected_by_score_default_no_gt\00013_best.png,camel
14,default_no_gt,2,1,0.977396967598391,0.9758384527203786,-0.0015585148780123,D:\uwb thesis\RelatedData\DAVIS-data\DAVIS\SAM_results\camel\selected_by_sam\00014_sam_best.png,D:\uwb thesis\RelatedData\DAVIS-data\DAVIS\SAM_results\camel\selected_by_score_default_no_gt\00014_best.png,camel
15,default_no_gt,2,2,0.9778853412673744,0.9778853412673744,0.0,D:\uwb thesis\RelatedData\DAVIS-data\DAVIS\SAM_results\camel\selected_by_sam\00015_sam_best.png,D:\uwb thesis\RelatedData\DAVIS-data\DAVIS\SAM_results\camel\selected_by_score_default_no_gt\00015_best.png,camel
16,default_no_gt,2,1,0.975550231402253,0.9745483180791632,-0.0010019133230898,D:\uwb thesis\RelatedData\DAVIS-data\DAVIS\SAM_results\camel\selected_by_sam\00016_sam_best.png,D:\uwb thesis\RelatedData\DAVIS-data\DAVIS\SAM_results\camel\selected_by_score_default_no_gt\00016_best.png,camel
17,default_no_gt,2,1,0.9746647910930204,0.971739616732533,-0.0029251743604875,D:\uwb thesis\RelatedData\DAVIS-data\DAVIS\SAM_results\camel\selected_by_sam\00017_sam_best.png,D:\uwb thesis\RelatedData\DAVIS-data\DAVIS\SAM_results\camel\selected_by_score_default_no_gt\00017_best.png,camel
18,default_no_gt,2,1,0.9755347046429492,0.9720654372038272,-0.003469267439122,D:\uwb thesis\RelatedData\DAVIS-data\DAVIS\SAM_results\camel\selected_by_sam\00018_sam_best.png,D:\uwb thesis\RelatedData\DAVIS-data\DAVIS\SAM_results\camel\selected_by_score_default_no_gt\00018_best.png,camel
19,default_no_gt,2,1,0.9768749711897482,0.9707297697795568,-0.0061452014101914,D:\uwb thesis\RelatedData\DAVIS-data\DAVIS\SAM_results\camel\selected_by_sam\00019_sam_best.png,D:\uwb thesis\RelatedData\DAVIS-data\DAVIS\SAM_results\camel\selected_by_score_default_no_gt\00019_best.png,camel
20,default_no_gt,2,1,0.9760341124840488,0.9712639226681952,-0.0047701898158535,D:\uwb thesis\RelatedData\DAVIS-data\DAVIS\SAM_results\camel\selected_by_sam\00020_sam_best.png,D:\uwb thesis\RelatedData\DAVIS-data\DAVIS\SAM_results\camel\selected_by_score_default_no_gt\00020_best.png,camel
21,default_no_gt,2,2,0.9773661900544096,0.9773661900544096,0.0,D:\uwb thesis\RelatedData\DAVIS-data\DAVIS\SAM_results\camel\selected_by_sam\00021_sam_best.png,D:\uwb thesis\RelatedData\DAVIS-data\DAVIS\SAM_results\camel\selected_by_score_default_no_gt\00021_best.png,camel
22,default_no_gt,2,2,0.9744333115631522,0.9744333115631522,0.0,D:\uwb thesis\RelatedData\DAVIS-data\DAVIS\SAM_results\camel\selected_by_sam\00022_sam_best.png,D:\uwb thesis\RelatedData\DAVIS-data\DAVIS\SAM_results\camel\selected_by_score_default_no_gt\00022_best.png,camel
23,default_no_gt,2,2,0.9747446312233572,0.9747446312233572,0.0,D:\uwb thesis\RelatedData\DAVIS-data\DAVIS\SAM_results\camel\selected_by_sam\00023_sam_best.png,D:\uwb thesis\RelatedData\DAVIS-data\DAVIS\SAM_results\camel\selected_by_score_default_no_gt\00023_best.png,camel
24,default_no_gt,2,2,0.9735841699970758,0.9735841699970758,0.0,D:\uwb thesis\RelatedData\DAVIS-data\DAVIS\SAM_results\camel\selected_by_sam\00024_sam_best.png,D:\uwb thesis\RelatedData\DAVIS-data\DAVIS\SAM_results\camel\selected_by_score_default_no_gt\00024_best.png,camel
25,default_no_gt,2,1,0.9733388704318936,0.9686070514408388,-0.0047318189910547,D:\uwb thesis\RelatedData\DAVIS-data\DAVIS\SAM_results\camel\selected_by_sam\00025_sam_best.png,D:\uwb thesis\RelatedData\DAVIS-data\DAVIS\SAM_results\camel\selected_by_score_default_no_gt\00025_best.png,camel
26,default_no_gt,2,1,0.9699607384512572,0.9658284441637442,-0.0041322942875129,D:\uwb thesis\RelatedData\DAVIS-data\DAVIS\SAM_results\camel\selected_by_sam\00026_sam_best.png,D:\uwb thesis\RelatedData\DAVIS-data\DAVIS\SAM_results\camel\selected_by_score_default_no_gt\00026_best.png,camel
27,default_no_gt,2,1,0.9650143844449588,0.9632671911854456,-0.0017471932595133,D:\uwb thesis\RelatedData\DAVIS-data\DAVIS\SAM_results\camel\selected_by_sam\00027_sam_best.png,D:\uwb thesis\RelatedData\DAVIS-data\DAVIS\SAM_results\camel\selected_by_score_default_no_gt\00027_best.png,camel
28,default_no_gt,2,1,0.9737923171079328,0.9714625048092204,-0.0023298122987123,D:\uwb thesis\RelatedData\DAVIS-data\DAVIS\SAM_results\camel\selected_by_sam\00028_sam_best.png,D:\uwb thesis\RelatedData\DAVIS-data\DAVIS\SAM_results\camel\selected_by_score_default_no_gt\00028_best.png,camel
29,default_no_gt,2,1,0.963411149767223,0.9634601169276258,4.8967160402813015e-05,D:\uwb thesis\RelatedData\DAVIS-data\DAVIS\SAM_results\camel\selected_by_sam\00029_sam_best.png,D:\uwb thesis\RelatedData\DAVIS-data\DAVIS\SAM_results\camel\selected_by_score_default_no_gt\00029_best.png,camel
30,default_no_gt,2,1,0.9712329939248738,0.9657705453246952,-0.0054624486001786,D:\uwb thesis\RelatedData\DAVIS-data\DAVIS\SAM_results\camel\selected_by_sam\00030_sam_best.png,D:\uwb thesis\RelatedData\DAVIS-data\DAVIS\SAM_results\camel\selected_by_score_default_no_gt\00030_best.png,camel
31,default_no_gt,2,1,0.979724487508836,0.9770172156330992,-0.0027072718757367,D:\uwb thesis\RelatedData\DAVIS-data\DAVIS\SAM_results\camel\selected_by_sam\00031_sam_best.png,D:\uwb thesis\RelatedData\DAVIS-data\DAVIS\SAM_results\camel\selected_by_score_default_no_gt\00031_best.png,camel
32,default_no_gt,2,1,0.9794162773458376,0.974681157432803,-0.0047351199130345,D:\uwb thesis\RelatedData\DAVIS-data\DAVIS\SAM_results\camel\selected_by_sam\00032_sam_best.png,D:\uwb thesis\RelatedData\DAVIS-data\DAVIS\SAM_results\camel\selected_by_score_default_no_gt\00032_best.png,camel
33,default_no_gt,2,1,0.9777611888476094,0.9738174653923924,-0.003943723455217,D:\uwb thesis\RelatedData\DAVIS-data\DAVIS\SAM_results\camel\selected_by_sam\00033_sam_best.png,D:\uwb thesis\RelatedData\DAVIS-data\DAVIS\SAM_results\camel\selected_by_score_default_no_gt\00033_best.png,camel
34,default_no_gt,2,1,0.976235541535226,0.9736368559897972,-0.0025986855454288,D:\uwb thesis\RelatedData\DAVIS-data\DAVIS\SAM_results\camel\selected_by_sam\00034_sam_best.png,D:\uwb thesis\RelatedData\DAVIS-data\DAVIS\SAM_results\camel\selected_by_score_default_no_gt\00034_best.png,camel
35,default_no_gt,2,1,0.9789333569970716,0.9754562172867448,-0.0034771397103267,D:\uwb thesis\RelatedData\DAVIS-data\DAVIS\SAM_results\camel\selected_by_sam\00035_sam_best.png,D:\uwb thesis\RelatedData\DAVIS-data\DAVIS\SAM_results\camel\selected_by_score_default_no_gt\00035_best.png,camel
36,default_no_gt,2,1,0.9763880708893292,0.9736607937355402,-0.0027272771537889,D:\uwb thesis\RelatedData\DAVIS-data\DAVIS\SAM_results\camel\selected_by_sam\00036_sam_best.png,D:\uwb thesis\RelatedData\DAVIS-data\DAVIS\SAM_results\camel\selected_by_score_default_no_gt\00036_best.png,camel
37,default_no_gt,2,1,0.9758825962627916,0.972043511765022,-0.0038390844977694,D:\uwb thesis\RelatedData\DAVIS-data\DAVIS\SAM_results\camel\selected_by_sam\00037_sam_best.png,D:\uwb thesis\RelatedData\DAVIS-data\DAVIS\SAM_results\camel\selected_by_score_default_no_gt\00037_best.png,camel
38,default_no_gt,2,1,0.9772843194403964,0.9718118372156258,-0.0054724822247705,D:\uwb thesis\RelatedData\DAVIS-data\DAVIS\SAM_results\camel\selected_by_sam\00038_sam_best.png,D:\uwb thesis\RelatedData\DAVIS-data\DAVIS\SAM_results\camel\selected_by_score_default_no_gt\00038_best.png,camel
39,default_no_gt,2,1,0.978145107610384,0.9724301557815748,-0.0057149518288091,D:\uwb thesis\RelatedData\DAVIS-data\DAVIS\SAM_results\camel\selected_by_sam\00039_sam_best.png,D:\uwb thesis\RelatedData\DAVIS-data\DAVIS\SAM_results\camel\selected_by_score_default_no_gt\00039_best.png,camel
40,default_no_gt,2,1,0.9781263518215502,0.9733403227618228,-0.0047860290597274,D:\uwb thesis\RelatedData\DAVIS-data\DAVIS\SAM_results\camel\selected_by_sam\00040_sam_best.png,D:\uwb thesis\RelatedData\DAVIS-data\DAVIS\SAM_results\camel\selected_by_score_default_no_gt\00040_best.png,camel
41,default_no_gt,2,1,0.9758935042148223,0.9716158449700768,-0.0042776592447455,D:\uwb thesis\RelatedData\DAVIS-data\DAVIS\SAM_results\camel\selected_by_sam\00041_sam_best.png,D:\uwb thesis\RelatedData\DAVIS-data\DAVIS\SAM_results\camel\selected_by_score_default_no_gt\00041_best.png,camel
42,default_no_gt,2,1,0.9738366480015448,0.969479008404331,-0.0043576395972136,D:\uwb thesis\RelatedData\DAVIS-data\DAVIS\SAM_results\camel\selected_by_sam\00042_sam_best.png,D:\uwb thesis\RelatedData\DAVIS-data\DAVIS\SAM_results\camel\selected_by_score_default_no_gt\00042_best.png,camel
43,default_no_gt,2,1,0.9716231776576436,0.9664334305150633,-0.0051897471425804,D:\uwb thesis\RelatedData\DAVIS-data\DAVIS\SAM_results\camel\selected_by_sam\00043_sam_best.png,D:\uwb thesis\RelatedData\DAVIS-data\DAVIS\SAM_results\camel\selected_by_score_default_no_gt\00043_best.png,camel
44,default_no_gt,2,1,0.972570796197854,0.9694617385136732,-0.0031090576841806,D:\uwb thesis\RelatedData\DAVIS-data\DAVIS\SAM_results\camel\selected_by_sam\00044_sam_best.png,D:\uwb thesis\RelatedData\DAVIS-data\DAVIS\SAM_results\camel\selected_by_score_default_no_gt\00044_best.png,camel
45,default_no_gt,5,4,0.9731014562522566,0.9690233672858,-0.0040780889664567,D:\uwb thesis\RelatedData\DAVIS-data\DAVIS\SAM_results\camel\selected_by_sam\00045_sam_best.png,D:\uwb thesis\RelatedData\DAVIS-data\DAVIS\SAM_results\camel\selected_by_score_default_no_gt\00045_best.png,camel
46,default_no_gt,2,2,0.972708997502386,0.972708997502386,0.0,D:\uwb thesis\RelatedData\DAVIS-data\DAVIS\SAM_results\camel\selected_by_sam\00046_sam_best.png,D:\uwb thesis\RelatedData\DAVIS-data\DAVIS\SAM_results\camel\selected_by_score_default_no_gt\00046_best.png,camel
47,default_no_gt,5,4,0.9743848242942968,0.969240516677567,-0.0051443076167296,D:\uwb thesis\RelatedData\DAVIS-data\DAVIS\SAM_results\camel\selected_by_sam\00047_sam_best.png,D:\uwb thesis\RelatedData\DAVIS-data\DAVIS\SAM_results\camel\selected_by_score_default_no_gt\00047_best.png,camel
48,default_no_gt,5,4,0.974483318417383,0.9689619520264682,-0.0055213663909148,D:\uwb thesis\RelatedData\DAVIS-data\DAVIS\SAM_results\camel\selected_by_sam\00048_sam_best.png,D:\uwb thesis\RelatedData\DAVIS-data\DAVIS\SAM_results\camel\selected_by_score_default_no_gt\00048_best.png,camel
49,default_no_gt,5,4,0.9725781596335312,0.968068813594881,-0.0045093460386501,D:\uwb thesis\RelatedData\DAVIS-data\DAVIS\SAM_results\camel\selected_by_sam\00049_sam_best.png,D:\uwb thesis\RelatedData\DAVIS-data\DAVIS\SAM_results\camel\selected_by_score_default_no_gt\00049_best.png,camel
50,default_no_gt,2,1,0.9724568097054916,0.9673087155475152,-0.0051480941579763,D:\uwb thesis\RelatedData\DAVIS-data\DAVIS\SAM_results\camel\selected_by_sam\00050_sam_best.png,D:\uwb thesis\RelatedData\DAVIS-data\DAVIS\SAM_results\camel\selected_by_score_default_no_gt\00050_best.png,camel
51,default_no_gt,2,1,0.9713153137455622,0.966778414620958,-0.004536899124604,D:\uwb thesis\RelatedData\DAVIS-data\DAVIS\SAM_results\camel\selected_by_sam\00051_sam_best.png,D:\uwb thesis\RelatedData\DAVIS-data\DAVIS\SAM_results\camel\selected_by_score_default_no_gt\00051_best.png,camel
52,default_no_gt,2,2,0.9707035142496512,0.9707035142496512,0.0,D:\uwb thesis\RelatedData\DAVIS-data\DAVIS\SAM_results\camel\selected_by_sam\00052_sam_best.png,D:\uwb thesis\RelatedData\DAVIS-data\DAVIS\SAM_results\camel\selected_by_score_default_no_gt\00052_best.png,camel
53,default_no_gt,2,1,0.9723950495271896,0.9656394143993584,-0.0067556351278311,D:\uwb thesis\RelatedData\DAVIS-data\DAVIS\SAM_results\camel\selected_by_sam\00053_sam_best.png,D:\uwb thesis\RelatedData\DAVIS-data\DAVIS\SAM_results\camel\selected_by_score_default_no_gt\00053_best.png,camel
54,default_no_gt,2,1,0.9724465124766206,0.9663913092678512,-0.0060552032087695,D:\uwb thesis\RelatedData\DAVIS-data\DAVIS\SAM_results\camel\selected_by_sam\00054_sam_best.png,D:\uwb thesis\RelatedData\DAVIS-data\DAVIS\SAM_results\camel\selected_by_score_default_no_gt\00054_best.png,camel
55,default_no_gt,2,1,0.9763009729322244,0.9705524913527156,-0.0057484815795088,D:\uwb thesis\RelatedData\DAVIS-data\DAVIS\SAM_results\camel\selected_by_sam\00055_sam_best.png,D:\uwb thesis\RelatedData\DAVIS-data\DAVIS\SAM_results\camel\selected_by_score_default_no_gt\00055_best.png,camel
56,default_no_gt,2,0,0.9752177646914488,0.912432621281693,-0.0627851434097559,D:\uwb thesis\RelatedData\DAVIS-data\DAVIS\SAM_results\camel\selected_by_sam\00056_sam_best.png,D:\uwb thesis\RelatedData\DAVIS-data\DAVIS\SAM_results\camel\selected_by_score_default_no_gt\00056_best.png,camel
57,default_no_gt,2,1,0.9732252216941844,0.96933469407591,-0.0038905276182744,D:\uwb thesis\RelatedData\DAVIS-data\DAVIS\SAM_results\camel\selected_by_sam\00057_sam_best.png,D:\uwb thesis\RelatedData\DAVIS-data\DAVIS\SAM_results\camel\selected_by_score_default_no_gt\00057_best.png,camel
58,default_no_gt,2,1,0.9729907773386034,0.96974175105383,-0.0032490262847733,D:\uwb thesis\RelatedData\DAVIS-data\DAVIS\SAM_results\camel\selected_by_sam\00058_sam_best.png,D:\uwb thesis\RelatedData\DAVIS-data\DAVIS\SAM_results\camel\selected_by_score_default_no_gt\00058_best.png,camel
59,default_no_gt,2,1,0.97340295739593,0.96903169526025,-0.0043712621356798,D:\uwb thesis\RelatedData\DAVIS-data\DAVIS\SAM_results\camel\selected_by_sam\00059_sam_best.png,D:\uwb thesis\RelatedData\DAVIS-data\DAVIS\SAM_results\camel\selected_by_score_default_no_gt\00059_best.png,camel
60,default_no_gt,2,1,0.9698365015266424,0.9678641251221896,-0.0019723764044526,D:\uwb thesis\RelatedData\DAVIS-data\DAVIS\SAM_results\camel\selected_by_sam\00060_sam_best.png,D:\uwb thesis\RelatedData\DAVIS-data\DAVIS\SAM_results\camel\selected_by_score_default_no_gt\00060_best.png,camel
61,default_no_gt,2,1,0.9710454432580083,0.9691402113144348,-0.0019052319435736,D:\uwb thesis\RelatedData\DAVIS-data\DAVIS\SAM_results\camel\selected_by_sam\00061_sam_best.png,D:\uwb thesis\RelatedData\DAVIS-data\DAVIS\SAM_results\camel\selected_by_score_default_no_gt\00061_best.png,camel
62,default_no_gt,2,1,0.9718662394873848,0.9686211180124225,-0.0032451214749624,D:\uwb thesis\RelatedData\DAVIS-data\DAVIS\SAM_results\camel\selected_by_sam\00062_sam_best.png,D:\uwb thesis\RelatedData\DAVIS-data\DAVIS\SAM_results\camel\selected_by_score_default_no_gt\00062_best.png,camel
63,default_no_gt,2,1,0.9728707579042912,0.968075,-0.0047957579042912,D:\uwb thesis\RelatedData\DAVIS-data\DAVIS\SAM_results\camel\selected_by_sam\00063_sam_best.png,D:\uwb thesis\RelatedData\DAVIS-data\DAVIS\SAM_results\camel\selected_by_score_default_no_gt\00063_best.png,camel
64,default_no_gt,2,2,0.9700048012533798,0.9700048012533798,0.0,D:\uwb thesis\RelatedData\DAVIS-data\DAVIS\SAM_results\camel\selected_by_sam\00064_sam_best.png,D:\uwb thesis\RelatedData\DAVIS-data\DAVIS\SAM_results\camel\selected_by_score_default_no_gt\00064_best.png,camel
65,default_no_gt,2,1,0.9675932997301564,0.9638073093059698,-0.0037859904241864,D:\uwb thesis\RelatedData\DAVIS-data\DAVIS\SAM_results\camel\selected_by_sam\00065_sam_best.png,D:\uwb thesis\RelatedData\DAVIS-data\DAVIS\SAM_results\camel\selected_by_score_default_no_gt\00065_best.png,camel
66,default_no_gt,2,1,0.9693014136827984,0.9652914545873084,-0.0040099590954899,D:\uwb thesis\RelatedData\DAVIS-data\DAVIS\SAM_results\camel\selected_by_sam\00066_sam_best.png,D:\uwb thesis\RelatedData\DAVIS-data\DAVIS\SAM_results\camel\selected_by_score_default_no_gt\00066_best.png,camel
67,default_no_gt,2,1,0.9644900838755194,0.962120035213091,-0.0023700486624284,D:\uwb thesis\RelatedData\DAVIS-data\DAVIS\SAM_results\camel\selected_by_sam\00067_sam_best.png,D:\uwb thesis\RelatedData\DAVIS-data\DAVIS\SAM_results\camel\selected_by_score_default_no_gt\00067_best.png,camel
68,default_no_gt,2,1,0.9645390070921984,0.9629162727177224,-0.0016227343744761,D:\uwb thesis\RelatedData\DAVIS-data\DAVIS\SAM_results\camel\selected_by_sam\00068_sam_best.png,D:\uwb thesis\RelatedData\DAVIS-data\DAVIS\SAM_results\camel\selected_by_score_default_no_gt\00068_best.png,camel
69,default_no_gt,2,1,0.9684335272570568,0.9664131133490464,-0.0020204139080102,D:\uwb thesis\RelatedData\DAVIS-data\DAVIS\SAM_results\camel\selected_by_sam\00069_sam_best.png,D:\uwb thesis\RelatedData\DAVIS-data\DAVIS\SAM_results\camel\selected_by_score_default_no_gt\00069_best.png,camel
70,default_no_gt,2,1,0.9678848889375206,0.9615259299484116,-0.0063589589891089,D:\uwb thesis\RelatedData\DAVIS-data\DAVIS\SAM_results\camel\selected_by_sam\00070_sam_best.png,D:\uwb thesis\RelatedData\DAVIS-data\DAVIS\SAM_results\camel\selected_by_score_default_no_gt\00070_best.png,camel
71,default_no_gt,2,1,0.9663687741863638,0.9606775726760252,-0.0056912015103386,D:\uwb thesis\RelatedData\DAVIS-data\DAVIS\SAM_results\camel\selected_by_sam\00071_sam_best.png,D:\uwb thesis\RelatedData\DAVIS-data\DAVIS\SAM_results\camel\selected_by_score_default_no_gt\00071_best.png,camel
72,default_no_gt,1,0,0.9623857839564998,0.9275491180266744,-0.0348366659298254,D:\uwb thesis\RelatedData\DAVIS-data\DAVIS\SAM_results\camel\selected_by_sam\00072_sam_best.png,D:\uwb thesis\RelatedData\DAVIS-data\DAVIS\SAM_results\camel\selected_by_score_default_no_gt\00072_best.png,camel
73,default_no_gt,2,0,0.9650145772594751,0.9188712011577423,-0.0461433761017328,D:\uwb thesis\RelatedData\DAVIS-data\DAVIS\SAM_results\camel\selected_by_sam\00073_sam_best.png,D:\uwb thesis\RelatedData\DAVIS-data\DAVIS\SAM_results\camel\selected_by_score_default_no_gt\00073_best.png,camel
74,default_no_gt,1,2,0.9667202664675816,0.928911869204772,-0.0378083972628097,D:\uwb thesis\RelatedData\DAVIS-data\DAVIS\SAM_results\camel\selected_by_sam\00074_sam_best.png,D:\uwb thesis\RelatedData\DAVIS-data\DAVIS\SAM_results\camel\selected_by_score_default_no_gt\00074_best.png,camel
75,default_no_gt,2,2,0.9171537410218384,0.9171537410218384,0.0,D:\uwb thesis\RelatedData\DAVIS-data\DAVIS\SAM_results\camel\selected_by_sam\00075_sam_best.png,D:\uwb thesis\RelatedData\DAVIS-data\DAVIS\SAM_results\camel\selected_by_score_default_no_gt\00075_best.png,camel
76,default_no_gt,2,2,0.92480806423255,0.92480806423255,0.0,D:\uwb thesis\RelatedData\DAVIS-data\DAVIS\SAM_results\camel\selected_by_sam\00076_sam_best.png,D:\uwb thesis\RelatedData\DAVIS-data\DAVIS\SAM_results\camel\selected_by_score_default_no_gt\00076_best.png,camel
77,default_no_gt,2,2,0.9359445366200522,0.9359445366200522,0.0,D:\uwb thesis\RelatedData\DAVIS-data\DAVIS\SAM_results\camel\selected_by_sam\00077_sam_best.png,D:\uwb thesis\RelatedData\DAVIS-data\DAVIS\SAM_results\camel\selected_by_score_default_no_gt\00077_best.png,camel
78,default_no_gt,2,2,0.9378402632366138,0.9378402632366138,0.0,D:\uwb thesis\RelatedData\DAVIS-data\DAVIS\SAM_results\camel\selected_by_sam\00078_sam_best.png,D:\uwb thesis\RelatedData\DAVIS-data\DAVIS\SAM_results\camel\selected_by_score_default_no_gt\00078_best.png,camel
79,default_no_gt,2,1,0.96917704221075,0.9642749653885512,-0.0049020768221988,D:\uwb thesis\RelatedData\DAVIS-data\DAVIS\SAM_results\camel\selected_by_sam\00079_sam_best.png,D:\uwb thesis\RelatedData\DAVIS-data\DAVIS\SAM_results\camel\selected_by_score_default_no_gt\00079_best.png,camel
80,default_no_gt,2,1,0.9697035407825036,0.9668654330853876,-0.002838107697116,D:\uwb thesis\RelatedData\DAVIS-data\DAVIS\SAM_results\camel\selected_by_sam\00080_sam_best.png,D:\uwb thesis\RelatedData\DAVIS-data\DAVIS\SAM_results\camel\selected_by_score_default_no_gt\00080_best.png,camel
81,default_no_gt,1,0,0.9702723194540974,0.9366933796788002,-0.0335789397752972,D:\uwb thesis\RelatedData\DAVIS-data\DAVIS\SAM_results\camel\selected_by_sam\00081_sam_best.png,D:\uwb thesis\RelatedData\DAVIS-data\DAVIS\SAM_results\camel\selected_by_score_default_no_gt\00081_best.png,camel
82,default_no_gt,1,1,0.9697068403908796,0.9697068403908796,0.0,D:\uwb thesis\RelatedData\DAVIS-data\DAVIS\SAM_results\camel\selected_by_sam\00082_sam_best.png,D:\uwb thesis\RelatedData\DAVIS-data\DAVIS\SAM_results\camel\selected_by_score_default_no_gt\00082_best.png,camel
83,default_no_gt,2,1,0.9550956787052698,0.9696242480028928,0.0145285692976231,D:\uwb thesis\RelatedData\DAVIS-data\DAVIS\SAM_results\camel\selected_by_sam\00083_sam_best.png,D:\uwb thesis\RelatedData\DAVIS-data\DAVIS\SAM_results\camel\selected_by_score_default_no_gt\00083_best.png,camel
84,default_no_gt,2,2,0.9391666120684008,0.9391666120684008,0.0,D:\uwb thesis\RelatedData\DAVIS-data\DAVIS\SAM_results\camel\selected_by_sam\00084_sam_best.png,D:\uwb thesis\RelatedData\DAVIS-data\DAVIS\SAM_results\camel\selected_by_score_default_no_gt\00084_best.png,camel
85,default_no_gt,1,1,0.967931448602681,0.967931448602681,0.0,D:\uwb thesis\RelatedData\DAVIS-data\DAVIS\SAM_results\camel\selected_by_sam\00085_sam_best.png,D:\uwb thesis\RelatedData\DAVIS-data\DAVIS\SAM_results\camel\selected_by_score_default_no_gt\00085_best.png,camel
86,default_no_gt,2,1,0.9637212053498078,0.9695245569289124,0.0058033515791047,D:\uwb thesis\RelatedData\DAVIS-data\DAVIS\SAM_results\camel\selected_by_sam\00086_sam_best.png,D:\uwb thesis\RelatedData\DAVIS-data\DAVIS\SAM_results\camel\selected_by_score_default_no_gt\00086_best.png,camel
87,default_no_gt,2,2,0.932574953568586,0.932574953568586,0.0,D:\uwb thesis\RelatedData\DAVIS-data\DAVIS\SAM_results\camel\selected_by_sam\00087_sam_best.png,D:\uwb thesis\RelatedData\DAVIS-data\DAVIS\SAM_results\camel\selected_by_score_default_no_gt\00087_best.png,camel
88,default_no_gt,2,1,0.9288781535158348,0.9450890178035608,0.016210864287726,D:\uwb thesis\RelatedData\DAVIS-data\DAVIS\SAM_results\camel\selected_by_sam\00088_sam_best.png,D:\uwb thesis\RelatedData\DAVIS-data\DAVIS\SAM_results\camel\selected_by_score_default_no_gt\00088_best.png,camel
89,default_no_gt,2,2,0.935548533958482,0.935548533958482,0.0,D:\uwb thesis\RelatedData\DAVIS-data\DAVIS\SAM_results\camel\selected_by_sam\00089_sam_best.png,D:\uwb thesis\RelatedData\DAVIS-data\DAVIS\SAM_results\camel\selected_by_score_default_no_gt\00089_best.png,camel
0,default_no_gt,1,1,0.9863736339267304,0.9863736339267304,0.0,D:\uwb thesis\RelatedData\DAVIS-data\DAVIS\SAM_results\car-roundabout\selected_by_sam\00000_sam_best.png,D:\uwb thesis\RelatedData\DAVIS-data\DAVIS\SAM_results\car-roundabout\selected_by_score_default_no_gt\00000_best.png,car-roundabout
1,default_no_gt,1,2,0.9862603217842854,0.984857775506728,-0.0014025462775573,D:\uwb thesis\RelatedData\DAVIS-data\DAVIS\SAM_results\car-roundabout\selected_by_sam\00001_sam_best.png,D:\uwb thesis\RelatedData\DAVIS-data\DAVIS\SAM_results\car-roundabout\selected_by_score_default_no_gt\00001_best.png,car-roundabout
2,default_no_gt,1,1,0.9842969909593848,0.9842969909593848,0.0,D:\uwb thesis\RelatedData\DAVIS-data\DAVIS\SAM_results\car-roundabout\selected_by_sam\00002_sam_best.png,D:\uwb thesis\RelatedData\DAVIS-data\DAVIS\SAM_results\car-roundabout\selected_by_score_default_no_gt\00002_best.png,car-roundabout
3,default_no_gt,1,1,0.9839271720826316,0.9839271720826316,0.0,D:\uwb thesis\RelatedData\DAVIS-data\DAVIS\SAM_results\car-roundabout\selected_by_sam\00003_sam_best.png,D:\uwb thesis\RelatedData\DAVIS-data\DAVIS\SAM_results\car-roundabout\selected_by_score_default_no_gt\00003_best.png,car-roundabout
4,default_no_gt,1,1,0.9851861649361816,0.9851861649361816,0.0,D:\uwb thesis\RelatedData\DAVIS-data\DAVIS\SAM_results\car-roundabout\selected_by_sam\00004_sam_best.png,D:\uwb thesis\RelatedData\DAVIS-data\DAVIS\SAM_results\car-roundabout\selected_by_score_default_no_gt\00004_best.png,car-roundabout
5,default_no_gt,1,1,0.98706578580679,0.98706578580679,0.0,D:\uwb thesis\RelatedData\DAVIS-data\DAVIS\SAM_results\car-roundabout\selected_by_sam\00005_sam_best.png,D:\uwb thesis\RelatedData\DAVIS-data\DAVIS\SAM_results\car-roundabout\selected_by_score_default_no_gt\00005_best.png,car-roundabout
6,default_no_gt,1,1,0.985762062471589,0.985762062471589,0.0,D:\uwb thesis\RelatedData\DAVIS-data\DAVIS\SAM_results\car-roundabout\selected_by_sam\00006_sam_best.png,D:\uwb thesis\RelatedData\DAVIS-data\DAVIS\SAM_results\car-roundabout\selected_by_score_default_no_gt\00006_best.png,car-roundabout
7,default_no_gt,2,1,0.98395644400058,0.9856885282848772,0.0017320842842972,D:\uwb thesis\RelatedData\DAVIS-data\DAVIS\SAM_results\car-roundabout\selected_by_sam\00007_sam_best.png,D:\uwb thesis\RelatedData\DAVIS-data\DAVIS\SAM_results\car-roundabout\selected_by_score_default_no_gt\00007_best.png,car-roundabout
8,default_no_gt,2,1,0.9842757738142844,0.9856024288910196,0.0013266550767349,D:\uwb thesis\RelatedData\DAVIS-data\DAVIS\SAM_results\car-roundabout\selected_by_sam\00008_sam_best.png,D:\uwb thesis\RelatedData\DAVIS-data\DAVIS\SAM_results\car-roundabout\selected_by_score_default_no_gt\00008_best.png,car-roundabout
9,default_no_gt,2,1,0.985520606513343,0.98724343902904,0.0017228325156969,D:\uwb thesis\RelatedData\DAVIS-data\DAVIS\SAM_results\car-roundabout\selected_by_sam\00009_sam_best.png,D:\uwb thesis\RelatedData\DAVIS-data\DAVIS\SAM_results\car-roundabout\selected_by_score_default_no_gt\00009_best.png,car-roundabout
10,default_no_gt,2,1,0.9866681392193368,0.9854484244969874,-0.0012197147223492,D:\uwb thesis\RelatedData\DAVIS-data\DAVIS\SAM_results\car-roundabout\selected_by_sam\00010_sam_best.png,D:\uwb thesis\RelatedData\DAVIS-data\DAVIS\SAM_results\car-roundabout\selected_by_score_default_no_gt\00010_best.png,car-roundabout
11,default_no_gt,2,2,0.9854312719078618,0.9854312719078618,0.0,D:\uwb thesis\RelatedData\DAVIS-data\DAVIS\SAM_results\car-roundabout\selected_by_sam\00011_sam_best.png,D:\uwb thesis\RelatedData\DAVIS-data\DAVIS\SAM_results\car-roundabout\selected_by_score_default_no_gt\00011_best.png,car-roundabout
12,default_no_gt,2,1,0.9857709353860508,0.9860252787180522,0.0002543433320013,D:\uwb thesis\RelatedData\DAVIS-data\DAVIS\SAM_results\car-roundabout\selected_by_sam\00012_sam_best.png,D:\uwb thesis\RelatedData\DAVIS-data\DAVIS\SAM_results\car-roundabout\selected_by_score_default_no_gt\00012_best.png,car-roundabout
13,default_no_gt,2,1,0.9867593665507918,0.986471686180141,-0.0002876803706507,D:\uwb thesis\RelatedData\DAVIS-data\DAVIS\SAM_results\car-roundabout\selected_by_sam\00013_sam_best.png,D:\uwb thesis\RelatedData\DAVIS-data\DAVIS\SAM_results\car-roundabout\selected_by_score_default_no_gt\00013_best.png,car-roundabout
14,default_no_gt,2,2,0.9870077953228064,0.9870077953228064,0.0,D:\uwb thesis\RelatedData\DAVIS-data\DAVIS\SAM_results\car-roundabout\selected_by_sam\00014_sam_best.png,D:\uwb thesis\RelatedData\DAVIS-data\DAVIS\SAM_results\car-roundabout\selected_by_score_default_no_gt\00014_best.png,car-roundabout
15,default_no_gt,2,1,0.9870302678066164,0.9874216720158948,0.0003914042092784,D:\uwb thesis\RelatedData\DAVIS-data\DAVIS\SAM_results\car-roundabout\selected_by_sam\00015_sam_best.png,D:\uwb thesis\RelatedData\DAVIS-data\DAVIS\SAM_results\car-roundabout\selected_by_score_default_no_gt\00015_best.png,car-roundabout
16,default_no_gt,2,1,0.98670585368825,0.9869866975130132,0.0002808438247632,D:\uwb thesis\RelatedData\DAVIS-data\DAVIS\SAM_results\car-roundabout\selected_by_sam\00016_sam_best.png,D:\uwb thesis\RelatedData\DAVIS-data\DAVIS\SAM_results\car-roundabout\selected_by_score_default_no_gt\00016_best.png,car-roundabout
17,default_no_gt,2,1,0.9862579441520424,0.9867733284850688,0.0005153843330264,D:\uwb thesis\RelatedData\DAVIS-data\DAVIS\SAM_results\car-roundabout\selected_by_sam\00017_sam_best.png,D:\uwb thesis\RelatedData\DAVIS-data\DAVIS\SAM_results\car-roundabout\selected_by_score_default_no_gt\00017_best.png,car-roundabout
18,default_no_gt,2,1,0.9843457520681118,0.9859072048283668,0.0015614527602548,D:\uwb thesis\RelatedData\DAVIS-data\DAVIS\SAM_results\car-roundabout\selected_by_sam\00018_sam_best.png,D:\uwb thesis\RelatedData\DAVIS-data\DAVIS\SAM_results\car-roundabout\selected_by_score_default_no_gt\00018_best.png,car-roundabout
19,default_no_gt,2,1,0.9848850540034996,0.986865716655357,0.0019806626518573,D:\uwb thesis\RelatedData\DAVIS-data\DAVIS\SAM_results\car-roundabout\selected_by_sam\00019_sam_best.png,D:\uwb thesis\RelatedData\DAVIS-data\DAVIS\SAM_results\car-roundabout\selected_by_score_default_no_gt\00019_best.png,car-roundabout
20,default_no_gt,2,1,0.9853483714556762,0.9868763639100008,0.0015279924543245,D:\uwb thesis\RelatedData\DAVIS-data\DAVIS\SAM_results\car-roundabout\selected_by_sam\00020_sam_best.png,D:\uwb thesis\RelatedData\DAVIS-data\DAVIS\SAM_results\car-roundabout\selected_by_score_default_no_gt\00020_best.png,car-roundabout
21,default_no_gt,2,2,0.9839674239692272,0.9839674239692272,0.0,D:\uwb thesis\RelatedData\DAVIS-data\DAVIS\SAM_results\car-roundabout\selected_by_sam\00021_sam_best.png,D:\uwb thesis\RelatedData\DAVIS-data\DAVIS\SAM_results\car-roundabout\selected_by_score_default_no_gt\00021_best.png,car-roundabout
22,default_no_gt,2,1,0.98472397808681,0.9876154934240228,0.0028915153372127,D:\uwb thesis\RelatedData\DAVIS-data\DAVIS\SAM_results\car-roundabout\selected_by_sam\00022_sam_best.png,D:\uwb thesis\RelatedData\DAVIS-data\DAVIS\SAM_results\car-roundabout\selected_by_score_default_no_gt\00022_best.png,car-roundabout
23,default_no_gt,2,1,0.9849575475242316,0.9870627479264334,0.0021052004022017,D:\uwb thesis\RelatedData\DAVIS-data\DAVIS\SAM_results\car-roundabout\selected_by_sam\00023_sam_best.png,D:\uwb thesis\RelatedData\DAVIS-data\DAVIS\SAM_results\car-roundabout\selected_by_score_default_no_gt\00023_best.png,car-roundabout
24,default_no_gt,2,1,0.981801788263581,0.9846394324706166,0.0028376442070355,D:\uwb thesis\RelatedData\DAVIS-data\DAVIS\SAM_results\car-roundabout\selected_by_sam\00024_sam_best.png,D:\uwb thesis\RelatedData\DAVIS-data\DAVIS\SAM_results\car-roundabout\selected_by_score_default_no_gt\00024_best.png,car-roundabout
25,default_no_gt,2,1,0.9829687735706744,0.9854495559475882,0.0024807823769138,D:\uwb thesis\RelatedData\DAVIS-data\DAVIS\SAM_results\car-roundabout\selected_by_sam\00025_sam_best.png,D:\uwb thesis\RelatedData\DAVIS-data\DAVIS\SAM_results\car-roundabout\selected_by_score_default_no_gt\00025_best.png,car-roundabout
26,default_no_gt,2,1,0.9850906669088488,0.9866410481406396,0.0015503812317909,D:\uwb thesis\RelatedData\DAVIS-data\DAVIS\SAM_results\car-roundabout\selected_by_sam\00026_sam_best.png,D:\uwb thesis\RelatedData\DAVIS-data\DAVIS\SAM_results\car-roundabout\selected_by_score_default_no_gt\00026_best.png,car-roundabout
27,default_no_gt,1,1,0.98535669397459,0.98535669397459,0.0,D:\uwb thesis\RelatedData\DAVIS-data\DAVIS\SAM_results\car-roundabout\selected_by_sam\00027_sam_best.png,D:\uwb thesis\RelatedData\DAVIS-data\DAVIS\SAM_results\car-roundabout\selected_by_score_default_no_gt\00027_best.png,car-roundabout
28,default_no_gt,2,1,0.9842144407510284,0.9861208021114584,0.0019063613604298,D:\uwb thesis\RelatedData\DAVIS-data\DAVIS\SAM_results\car-roundabout\selected_by_sam\00028_sam_best.png,D:\uwb thesis\RelatedData\DAVIS-data\DAVIS\SAM_results\car-roundabout\selected_by_score_default_no_gt\00028_best.png,car-roundabout
29,default_no_gt,2,1,0.9848459439269436,0.9856927596231412,0.0008468156961977,D:\uwb thesis\RelatedData\DAVIS-data\DAVIS\SAM_results\car-roundabout\selected_by_sam\00029_sam_best.png,D:\uwb thesis\RelatedData\DAVIS-data\DAVIS\SAM_results\car-roundabout\selected_by_score_default_no_gt\00029_best.png,car-roundabout
30,default_no_gt,1,1,0.9877909194963754,0.9877909194963754,0.0,D:\uwb thesis\RelatedData\DAVIS-data\DAVIS\SAM_results\car-roundabout\selected_by_sam\00030_sam_best.png,D:\uwb thesis\RelatedData\DAVIS-data\DAVIS\SAM_results\car-roundabout\selected_by_score_default_no_gt\00030_best.png,car-roundabout
31,default_no_gt,2,1,0.9843498767284812,0.986021044903952,0.0016711681754709,D:\uwb thesis\RelatedData\DAVIS-data\DAVIS\SAM_results\car-roundabout\selected_by_sam\00031_sam_best.png,D:\uwb thesis\RelatedData\DAVIS-data\DAVIS\SAM_results\car-roundabout\selected_by_score_default_no_gt\00031_best.png,car-roundabout
32,default_no_gt,2,1,0.984416864278895,0.9865881231062644,0.0021712588273695,D:\uwb thesis\RelatedData\DAVIS-data\DAVIS\SAM_results\car-roundabout\selected_by_sam\00032_sam_best.png,D:\uwb thesis\RelatedData\DAVIS-data\DAVIS\SAM_results\car-roundabout\selected_by_score_default_no_gt\00032_best.png,car-roundabout
33,default_no_gt,2,1,0.9870763529684244,0.987662507903706,0.0005861549352815,D:\uwb thesis\RelatedData\DAVIS-data\DAVIS\SAM_results\car-roundabout\selected_by_sam\00033_sam_best.png,D:\uwb thesis\RelatedData\DAVIS-data\DAVIS\SAM_results\car-roundabout\selected_by_score_default_no_gt\00033_best.png,car-roundabout
34,default_no_gt,2,1,0.9873478939157566,0.987826927273294,0.0004790333575374,D:\uwb thesis\RelatedData\DAVIS-data\DAVIS\SAM_results\car-roundabout\selected_by_sam\00034_sam_best.png,D:\uwb thesis\RelatedData\DAVIS-data\DAVIS\SAM_results\car-roundabout\selected_by_score_default_no_gt\00034_best.png,car-roundabout
35,default_no_gt,2,2,0.9881519558676028,0.9881519558676028,0.0,D:\uwb thesis\RelatedData\DAVIS-data\DAVIS\SAM_results\car-roundabout\selected_by_sam\00035_sam_best.png,D:\uwb thesis\RelatedData\DAVIS-data\DAVIS\SAM_results\car-roundabout\selected_by_score_default_no_gt\00035_best.png,car-roundabout
36,default_no_gt,2,1,0.9849476233917392,0.9864996542402716,0.0015520308485322,D:\uwb thesis\RelatedData\DAVIS-data\DAVIS\SAM_results\car-roundabout\selected_by_sam\00036_sam_best.png,D:\uwb thesis\RelatedData\DAVIS-data\DAVIS\SAM_results\car-roundabout\selected_by_score_default_no_gt\00036_best.png,car-roundabout
37,default_no_gt,2,1,0.9844658041836234,0.9864096431343354,0.001943838950712,D:\uwb thesis\RelatedData\DAVIS-data\DAVIS\SAM_results\car-roundabout\selected_by_sam\00037_sam_best.png,D:\uwb thesis\RelatedData\DAVIS-data\DAVIS\SAM_results\car-roundabout\selected_by_score_default_no_gt\00037_best.png,car-roundabout
38,default_no_gt,2,1,0.9844800332114516,0.9862451929981332,0.0017651597866814,D:\uwb thesis\RelatedData\DAVIS-data\DAVIS\SAM_results\car-roundabout\selected_by_sam\00038_sam_best.png,D:\uwb thesis\RelatedData\DAVIS-data\DAVIS\SAM_results\car-roundabout\selected_by_score_default_no_gt\00038_best.png,car-roundabout
39,default_no_gt,2,1,0.980323091948318,0.9838053437560068,0.0034822518076887,D:\uwb thesis\RelatedData\DAVIS-data\DAVIS\SAM_results\car-roundabout\selected_by_sam\00039_sam_best.png,D:\uwb thesis\RelatedData\DAVIS-data\DAVIS\SAM_results\car-roundabout\selected_by_score_default_no_gt\00039_best.png,car-roundabout
40,default_no_gt,11,10,0.9858863747354712,0.9868446728242488,0.0009582980887774,D:\uwb thesis\RelatedData\DAVIS-data\DAVIS\SAM_results\car-roundabout\selected_by_sam\00040_sam_best.png,D:\uwb thesis\RelatedData\DAVIS-data\DAVIS\SAM_results\car-roundabout\selected_by_score_default_no_gt\00040_best.png,car-roundabout
41,default_no_gt,2,1,0.9849491726157188,0.9859446663707648,0.0009954937550462,D:\uwb thesis\RelatedData\DAVIS-data\DAVIS\SAM_results\car-roundabout\selected_by_sam\00041_sam_best.png,D:\uwb thesis\RelatedData\DAVIS-data\DAVIS\SAM_results\car-roundabout\selected_by_score_default_no_gt\00041_best.png,car-roundabout
42,default_no_gt,2,1,0.9854501968209676,0.9864230111703098,0.0009728143493421,D:\uwb thesis\RelatedData\DAVIS-data\DAVIS\SAM_results\car-roundabout\selected_by_sam\00042_sam_best.png,D:\uwb thesis\RelatedData\DAVIS-data\DAVIS\SAM_results\car-roundabout\selected_by_score_default_no_gt\00042_best.png,car-roundabout
43,default_no_gt,2,1,0.9869395155198174,0.987454926624738,0.0005154111049205,D:\uwb thesis\RelatedData\DAVIS-data\DAVIS\SAM_results\car-roundabout\selected_by_sam\00043_sam_best.png,D:\uwb thesis\RelatedData\DAVIS-data\DAVIS\SAM_results\car-roundabout\selected_by_score_default_no_gt\00043_best.png,car-roundabout
44,default_no_gt,2,1,0.9887779912604356,0.9883675514120264,-0.0004104398484092,D:\uwb thesis\RelatedData\DAVIS-data\DAVIS\SAM_results\car-roundabout\selected_by_sam\00044_sam_best.png,D:\uwb thesis\RelatedData\DAVIS-data\DAVIS\SAM_results\car-roundabout\selected_by_score_default_no_gt\00044_best.png,car-roundabout
45,default_no_gt,2,1,0.988555989605741,0.988689493949395,0.000133504343654,D:\uwb thesis\RelatedData\DAVIS-data\DAVIS\SAM_results\car-roundabout\selected_by_sam\00045_sam_best.png,D:\uwb thesis\RelatedData\DAVIS-data\DAVIS\SAM_results\car-roundabout\selected_by_score_default_no_gt\00045_best.png,car-roundabout
46,default_no_gt,2,1,0.9894194626200752,0.9886728861555568,-0.0007465764645184,D:\uwb thesis\RelatedData\DAVIS-data\DAVIS\SAM_results\car-roundabout\selected_by_sam\00046_sam_best.png,D:\uwb thesis\RelatedData\DAVIS-data\DAVIS\SAM_results\car-roundabout\selected_by_score_default_no_gt\00046_best.png,car-roundabout
47,default_no_gt,1,1,0.988318952587652,0.988318952587652,0.0,D:\uwb thesis\RelatedData\DAVIS-data\DAVIS\SAM_results\car-roundabout\selected_by_sam\00047_sam_best.png,D:\uwb thesis\RelatedData\DAVIS-data\DAVIS\SAM_results\car-roundabout\selected_by_score_default_no_gt\00047_best.png,car-roundabout
48,default_no_gt,2,1,0.9887720931898358,0.9879005593980662,-0.0008715337917696,D:\uwb thesis\RelatedData\DAVIS-data\DAVIS\SAM_results\car-roundabout\selected_by_sam\00048_sam_best.png,D:\uwb thesis\RelatedData\DAVIS-data\DAVIS\SAM_results\car-roundabout\selected_by_score_default_no_gt\00048_best.png,car-roundabout
49,default_no_gt,2,1,0.9892966360856268,0.988716271463614,-0.0005803646220128,D:\uwb thesis\RelatedData\DAVIS-data\DAVIS\SAM_results\car-roundabout\selected_by_sam\00049_sam_best.png,D:\uwb thesis\RelatedData\DAVIS-data\DAVIS\SAM_results\car-roundabout\selected_by_score_default_no_gt\00049_best.png,car-roundabout
50,default_no_gt,1,1,0.9899992592043856,0.9899992592043856,0.0,D:\uwb thesis\RelatedData\DAVIS-data\DAVIS\SAM_results\car-roundabout\selected_by_sam\00050_sam_best.png,D:\uwb thesis\RelatedData\DAVIS-data\DAVIS\SAM_results\car-roundabout\selected_by_score_default_no_gt\00050_best.png,car-roundabout
51,default_no_gt,2,1,0.9886089772556108,0.9876012098213448,-0.0010077674342661,D:\uwb thesis\RelatedData\DAVIS-data\DAVIS\SAM_results\car-roundabout\selected_by_sam\00051_sam_best.png,D:\uwb thesis\RelatedData\DAVIS-data\DAVIS\SAM_results\car-roundabout\selected_by_score_default_no_gt\00051_best.png,car-roundabout
52,default_no_gt,2,2,0.988172803179395,0.988172803179395,0.0,D:\uwb thesis\RelatedData\DAVIS-data\DAVIS\SAM_results\car-roundabout\selected_by_sam\00052_sam_best.png,D:\uwb thesis\RelatedData\DAVIS-data\DAVIS\SAM_results\car-roundabout\selected_by_score_default_no_gt\00052_best.png,car-roundabout
53,default_no_gt,2,1,0.9891599445301666,0.9893758041249172,0.0002158595947504,D:\uwb thesis\RelatedData\DAVIS-data\DAVIS\SAM_results\car-roundabout\selected_by_sam\00053_sam_best.png,D:\uwb thesis\RelatedData\DAVIS-data\DAVIS\SAM_results\car-roundabout\selected_by_score_default_no_gt\00053_best.png,car-roundabout
54,default_no_gt,2,1,0.9894562704297216,0.9903268181999124,0.0008705477701906,D:\uwb thesis\RelatedData\DAVIS-data\DAVIS\SAM_results\car-roundabout\selected_by_sam\00054_sam_best.png,D:\uwb thesis\RelatedData\DAVIS-data\DAVIS\SAM_results\car-roundabout\selected_by_score_default_no_gt\00054_best.png,car-roundabout
55,default_no_gt,2,1,0.9882173382173384,0.989475181339781,0.0012578431224427,D:\uwb thesis\RelatedData\DAVIS-data\DAVIS\SAM_results\car-roundabout\selected_by_sam\00055_sam_best.png,D:\uwb thesis\RelatedData\DAVIS-data\DAVIS\SAM_results\car-roundabout\selected_by_score_default_no_gt\00055_best.png,car-roundabout
56,default_no_gt,2,1,0.9891396889341112,0.9888522823812188,-0.0002874065528924,D:\uwb thesis\RelatedData\DAVIS-data\DAVIS\SAM_results\car-roundabout\selected_by_sam\00056_sam_best.png,D:\uwb thesis\RelatedData\DAVIS-data\DAVIS\SAM_results\car-roundabout\selected_by_score_default_no_gt\00056_best.png,car-roundabout
57,default_no_gt,2,1,0.9872572170102324,0.9873476839468432,9.046693661074467e-05,D:\uwb thesis\RelatedData\DAVIS-data\DAVIS\SAM_results\car-roundabout\selected_by_sam\00057_sam_best.png,D:\uwb thesis\RelatedData\DAVIS-data\DAVIS\SAM_results\car-roundabout\selected_by_score_default_no_gt\00057_best.png,car-roundabout
58,default_no_gt,11,1,0.0,0.989339065485496,0.989339065485496,D:\uwb thesis\RelatedData\DAVIS-data\DAVIS\SAM_results\car-roundabout\selected_by_sam\00058_sam_best.png,D:\uwb thesis\RelatedData\DAVIS-data\DAVIS\SAM_results\car-roundabout\selected_by_score_default_no_gt\00058_best.png,car-roundabout
59,default_no_gt,11,1,0.0,0.9852732119058196,0.9852732119058196,D:\uwb thesis\RelatedData\DAVIS-data\DAVIS\SAM_results\car-roundabout\selected_by_sam\00059_sam_best.png,D:\uwb thesis\RelatedData\DAVIS-data\DAVIS\SAM_results\car-roundabout\selected_by_score_default_no_gt\00059_best.png,car-roundabout
60,default_no_gt,8,1,0.0,0.9831477306369704,0.9831477306369704,D:\uwb thesis\RelatedData\DAVIS-data\DAVIS\SAM_results\car-roundabout\selected_by_sam\00060_sam_best.png,D:\uwb thesis\RelatedData\DAVIS-data\DAVIS\SAM_results\car-roundabout\selected_by_score_default_no_gt\00060_best.png,car-roundabout
61,default_no_gt,8,1,0.0,0.9840057906042776,0.9840057906042776,D:\uwb thesis\RelatedData\DAVIS-data\DAVIS\SAM_results\car-roundabout\selected_by_sam\00061_sam_best.png,D:\uwb thesis\RelatedData\DAVIS-data\DAVIS\SAM_results\car-roundabout\selected_by_score_default_no_gt\00061_best.png,car-roundabout
62,default_no_gt,8,1,0.0,0.9849308833041852,0.9849308833041852,D:\uwb thesis\RelatedData\DAVIS-data\DAVIS\SAM_results\car-roundabout\selected_by_sam\00062_sam_best.png,D:\uwb thesis\RelatedData\DAVIS-data\DAVIS\SAM_results\car-roundabout\selected_by_score_default_no_gt\00062_best.png,car-roundabout
63,default_no_gt,8,1,0.0,0.984037466591472,0.984037466591472,D:\uwb thesis\RelatedData\DAVIS-data\DAVIS\SAM_results\car-roundabout\selected_by_sam\00063_sam_best.png,D:\uwb thesis\RelatedData\DAVIS-data\DAVIS\SAM_results\car-roundabout\selected_by_score_default_no_gt\00063_best.png,car-roundabout
64,default_no_gt,8,1,0.0,0.985502504341698,0.985502504341698,D:\uwb thesis\RelatedData\DAVIS-data\DAVIS\SAM_results\car-roundabout\selected_by_sam\00064_sam_best.png,D:\uwb thesis\RelatedData\DAVIS-data\DAVIS\SAM_results\car-roundabout\selected_by_score_default_no_gt\00064_best.png,car-roundabout
65,default_no_gt,8,1,0.0,0.9835785771548268,0.9835785771548268,D:\uwb thesis\RelatedData\DAVIS-data\DAVIS\SAM_results\car-roundabout\selected_by_sam\00065_sam_best.png,D:\uwb thesis\RelatedData\DAVIS-data\DAVIS\SAM_results\car-roundabout\selected_by_score_default_no_gt\00065_best.png,car-roundabout
66,default_no_gt,4,1,0.0,0.9842475760393148,0.9842475760393148,D:\uwb thesis\RelatedData\DAVIS-data\DAVIS\SAM_results\car-roundabout\selected_by_sam\00066_sam_best.png,D:\uwb thesis\RelatedData\DAVIS-data\DAVIS\SAM_results\car-roundabout\selected_by_score_default_no_gt\00066_best.png,car-roundabout
67,default_no_gt,7,1,0.0,0.9846187470972324,0.9846187470972324,D:\uwb thesis\RelatedData\DAVIS-data\DAVIS\SAM_results\car-roundabout\selected_by_sam\00067_sam_best.png,D:\uwb thesis\RelatedData\DAVIS-data\DAVIS\SAM_results\car-roundabout\selected_by_score_default_no_gt\00067_best.png,car-roundabout
68,default_no_gt,4,1,0.0,0.9828272075302557,0.9828272075302557,D:\uwb thesis\RelatedData\DAVIS-data\DAVIS\SAM_results\car-roundabout\selected_by_sam\00068_sam_best.png,D:\uwb thesis\RelatedData\DAVIS-data\DAVIS\SAM_results\car-roundabout\selected_by_score_default_no_gt\00068_best.png,car-roundabout
69,default_no_gt,5,12,0.0,0.0002005156115726,0.0002005156115726,D:\uwb thesis\RelatedData\DAVIS-data\DAVIS\SAM_results\car-roundabout\selected_by_sam\00069_sam_best.png,D:\uwb thesis\RelatedData\DAVIS-data\DAVIS\SAM_results\car-roundabout\selected_by_score_default_no_gt\00069_best.png,car-roundabout
70,default_no_gt,5,17,0.0,0.0007979430800602,0.0007979430800602,D:\uwb thesis\RelatedData\DAVIS-data\DAVIS\SAM_results\car-roundabout\selected_by_sam\00070_sam_best.png,D:\uwb thesis\RelatedData\DAVIS-data\DAVIS\SAM_results\car-roundabout\selected_by_score_default_no_gt\00070_best.png,car-roundabout
71,default_no_gt,5,1,0.0,0.9844573881054568,0.9844573881054568,D:\uwb thesis\RelatedData\DAVIS-data\DAVIS\SAM_results\car-roundabout\selected_by_sam\00071_sam_best.png,D:\uwb thesis\RelatedData\DAVIS-data\DAVIS\SAM_results\car-roundabout\selected_by_score_default_no_gt\00071_best.png,car-roundabout
72,default_no_gt,5,1,0.0,0.985071329377604,0.985071329377604,D:\uwb thesis\RelatedData\DAVIS-data\DAVIS\SAM_results\car-roundabout\selected_by_sam\00072_sam_best.png,D:\uwb thesis\RelatedData\DAVIS-data\DAVIS\SAM_results\car-roundabout\selected_by_score_default_no_gt\00072_best.png,car-roundabout
73,default_no_gt,5,1,0.0,0.9845633876052128,0.9845633876052128,D:\uwb thesis\RelatedData\DAVIS-data\DAVIS\SAM_results\car-roundabout\selected_by_sam\00073_sam_best.png,D:\uwb thesis\RelatedData\DAVIS-data\DAVIS\SAM_results\car-roundabout\selected_by_score_default_no_gt\00073_best.png,car-roundabout
74,default_no_gt,5,14,0.0,0.0006529333028631,0.0006529333028631,D:\uwb thesis\RelatedData\DAVIS-data\DAVIS\SAM_results\car-roundabout\selected_by_sam\00074_sam_best.png,D:\uwb thesis\RelatedData\DAVIS-data\DAVIS\SAM_results\car-roundabout\selected_by_score_default_no_gt\00074_best.png,car-roundabout
0,default_no_gt,5,1,0.0,0.9804240666053444,0.9804240666053444,D:\uwb thesis\RelatedData\DAVIS-data\DAVIS\SAM_results\car-shadow\selected_by_sam\00000_sam_best.png,D:\uwb thesis\RelatedData\DAVIS-data\DAVIS\SAM_results\car-shadow\selected_by_score_default_no_gt\00000_best.png,car-shadow
1,default_no_gt,5,1,0.0,0.9833506261612336,0.9833506261612336,D:\uwb thesis\RelatedData\DAVIS-data\DAVIS\SAM_results\car-shadow\selected_by_sam\00001_sam_best.png,D:\uwb thesis\RelatedData\DAVIS-data\DAVIS\SAM_results\car-shadow\selected_by_score_default_no_gt\00001_best.png,car-shadow
2,default_no_gt,5,2,0.0,0.9848914774990044,0.9848914774990044,D:\uwb thesis\RelatedData\DAVIS-data\DAVIS\SAM_results\car-shadow\selected_by_sam\00002_sam_best.png,D:\uwb thesis\RelatedData\DAVIS-data\DAVIS\SAM_results\car-shadow\selected_by_score_default_no_gt\00002_best.png,car-shadow
3,default_no_gt,5,9,0.0,0.0018488501671563,0.0018488501671563,D:\uwb thesis\RelatedData\DAVIS-data\DAVIS\SAM_results\car-shadow\selected_by_sam\00003_sam_best.png,D:\uwb thesis\RelatedData\DAVIS-data\DAVIS\SAM_results\car-shadow\selected_by_score_default_no_gt\00003_best.png,car-shadow
4,default_no_gt,5,1,0.0,0.9814239059438276,0.9814239059438276,D:\uwb thesis\RelatedData\DAVIS-data\DAVIS\SAM_results\car-shadow\selected_by_sam\00004_sam_best.png,D:\uwb thesis\RelatedData\DAVIS-data\DAVIS\SAM_results\car-shadow\selected_by_score_default_no_gt\00004_best.png,car-shadow
5,default_no_gt,8,1,0.0,0.9808213298999492,0.9808213298999492,D:\uwb thesis\RelatedData\DAVIS-data\DAVIS\SAM_results\car-shadow\selected_by_sam\00005_sam_best.png,D:\uwb thesis\RelatedData\DAVIS-data\DAVIS\SAM_results\car-shadow\selected_by_score_default_no_gt\00005_best.png,car-shadow
6,default_no_gt,8,1,0.0,0.979998902546093,0.979998902546093,D:\uwb thesis\RelatedData\DAVIS-data\DAVIS\SAM_results\car-shadow\selected_by_sam\00006_sam_best.png,D:\uwb thesis\RelatedData\DAVIS-data\DAVIS\SAM_results\car-shadow\selected_by_score_default_no_gt\00006_best.png,car-shadow
7,default_no_gt,8,1,0.0,0.9823126556486302,0.9823126556486302,D:\uwb thesis\RelatedData\DAVIS-data\DAVIS\SAM_results\car-shadow\selected_by_sam\00007_sam_best.png,D:\uwb thesis\RelatedData\DAVIS-data\DAVIS\SAM_results\car-shadow\selected_by_score_default_no_gt\00007_best.png,car-shadow
8,default_no_gt,5,1,0.0,0.9799795709908068,0.9799795709908068,D:\uwb thesis\RelatedData\DAVIS-data\DAVIS\SAM_results\car-shadow\selected_by_sam\00008_sam_best.png,D:\uwb thesis\RelatedData\DAVIS-data\DAVIS\SAM_results\car-shadow\selected_by_score_default_no_gt\00008_best.png,car-shadow
9,default_no_gt,5,2,0.0,0.9816356070200832,0.9816356070200832,D:\uwb thesis\RelatedData\DAVIS-data\DAVIS\SAM_results\car-shadow\selected_by_sam\00009_sam_best.png,D:\uwb thesis\RelatedData\DAVIS-data\DAVIS\SAM_results\car-shadow\selected_by_score_default_no_gt\00009_best.png,car-shadow
10,default_no_gt,5,1,0.0,0.9805777353022782,0.9805777353022782,D:\uwb thesis\RelatedData\DAVIS-data\DAVIS\SAM_results\car-shadow\selected_by_sam\00010_sam_best.png,D:\uwb thesis\RelatedData\DAVIS-data\DAVIS\SAM_results\car-shadow\selected_by_score_default_no_gt\00010_best.png,car-shadow
11,default_no_gt,2,4,0.0,0.9810186951545212,0.9810186951545212,D:\uwb thesis\RelatedData\DAVIS-data\DAVIS\SAM_results\car-shadow\selected_by_sam\00011_sam_best.png,D:\uwb thesis\RelatedData\DAVIS-data\DAVIS\SAM_results\car-shadow\selected_by_score_default_no_gt\00011_best.png,car-shadow
12,default_no_gt,2,4,0.0,0.980784995245434,0.980784995245434,D:\uwb thesis\RelatedData\DAVIS-data\DAVIS\SAM_results\car-shadow\selected_by_sam\00012_sam_best.png,D:\uwb thesis\RelatedData\DAVIS-data\DAVIS\SAM_results\car-shadow\selected_by_score_default_no_gt\00012_best.png,car-shadow
13,default_no_gt,5,1,0.0,0.9790689038182372,0.9790689038182372,D:\uwb thesis\RelatedData\DAVIS-data\DAVIS\SAM_results\car-shadow\selected_by_sam\00013_sam_best.png,D:\uwb thesis\RelatedData\DAVIS-data\DAVIS\SAM_results\car-shadow\selected_by_score_default_no_gt\00013_best.png,car-shadow
14,default_no_gt,2,4,0.0,0.9795230148797108,0.9795230148797108,D:\uwb thesis\RelatedData\DAVIS-data\DAVIS\SAM_results\car-shadow\selected_by_sam\00014_sam_best.png,D:\uwb thesis\RelatedData\DAVIS-data\DAVIS\SAM_results\car-shadow\selected_by_score_default_no_gt\00014_best.png,car-shadow
15,default_no_gt,2,4,0.0,0.9798320533984066,0.9798320533984066,D:\uwb thesis\RelatedData\DAVIS-data\DAVIS\SAM_results\car-shadow\selected_by_sam\00015_sam_best.png,D:\uwb thesis\RelatedData\DAVIS-data\DAVIS\SAM_results\car-shadow\selected_by_score_default_no_gt\00015_best.png,car-shadow
16,default_no_gt,2,4,0.0,0.9783895796329188,0.9783895796329188,D:\uwb thesis\RelatedData\DAVIS-data\DAVIS\SAM_results\car-shadow\selected_by_sam\00016_sam_best.png,D:\uwb thesis\RelatedData\DAVIS-data\DAVIS\SAM_results\car-shadow\selected_by_score_default_no_gt\00016_best.png,car-shadow
17,default_no_gt,5,1,0.0,0.977742934720257,0.977742934720257,D:\uwb thesis\RelatedData\DAVIS-data\DAVIS\SAM_results\car-shadow\selected_by_sam\00017_sam_best.png,D:\uwb thesis\RelatedData\DAVIS-data\DAVIS\SAM_results\car-shadow\selected_by_score_default_no_gt\00017_best.png,car-shadow
18,default_no_gt,2,7,0.0,0.9802462293654248,0.9802462293654248,D:\uwb thesis\RelatedData\DAVIS-data\DAVIS\SAM_results\car-shadow\selected_by_sam\00018_sam_best.png,D:\uwb thesis\RelatedData\DAVIS-data\DAVIS\SAM_results\car-shadow\selected_by_score_default_no_gt\00018_best.png,car-shadow
19,default_no_gt,2,4,0.0,0.9761614189244162,0.9761614189244162,D:\uwb thesis\RelatedData\DAVIS-data\DAVIS\SAM_results\car-shadow\selected_by_sam\00019_sam_best.png,D:\uwb thesis\RelatedData\DAVIS-data\DAVIS\SAM_results\car-shadow\selected_by_score_default_no_gt\00019_best.png,car-shadow
20,default_no_gt,2,13,0.0,0.976444407121263,0.976444407121263,D:\uwb thesis\RelatedData\DAVIS-data\DAVIS\SAM_results\car-shadow\selected_by_sam\00020_sam_best.png,D:\uwb thesis\RelatedData\DAVIS-data\DAVIS\SAM_results\car-shadow\selected_by_score_default_no_gt\00020_best.png,car-shadow
21,default_no_gt,8,7,0.9794826830337572,0.97573385518591,-0.0037488278478471,D:\uwb thesis\RelatedData\DAVIS-data\DAVIS\SAM_results\car-shadow\selected_by_sam\00021_sam_best.png,D:\uwb thesis\RelatedData\DAVIS-data\DAVIS\SAM_results\car-shadow\selected_by_score_default_no_gt\00021_best.png,car-shadow
22,default_no_gt,5,4,0.976376167588646,0.972229723647493,-0.004146443941153,D:\uwb thesis\RelatedData\DAVIS-data\DAVIS\SAM_results\car-shadow\selected_by_sam\00022_sam_best.png,D:\uwb thesis\RelatedData\DAVIS-data\DAVIS\SAM_results\car-shadow\selected_by_score_default_no_gt\00022_best.png,car-shadow
23,default_no_gt,5,4,0.9746954076850984,0.9702458558390762,-0.0044495518460222,D:\uwb thesis\RelatedData\DAVIS-data\DAVIS\SAM_results\car-shadow\selected_by_sam\00023_sam_best.png,D:\uwb thesis\RelatedData\DAVIS-data\DAVIS\SAM_results\car-shadow\selected_by_score_default_no_gt\00023_best.png,car-shadow
24,default_no_gt,11,10,0.9757458161532864,0.970838746932294,-0.0049070692209925,D:\uwb thesis\RelatedData\DAVIS-data\DAVIS\SAM_results\car-shadow\selected_by_sam\00024_sam_best.png,D:\uwb thesis\RelatedData\DAVIS-data\DAVIS\SAM_results\car-shadow\selected_by_score_default_no_gt\00024_best.png,car-shadow
25,default_no_gt,8,7,0.9768864377036852,0.9730470306895176,-0.0038394070141674,D:\uwb thesis\RelatedData\DAVIS-data\DAVIS\SAM_results\car-shadow\selected_by_sam\00025_sam_best.png,D:\uwb thesis\RelatedData\DAVIS-data\DAVIS\SAM_results\car-shadow\selected_by_score_default_no_gt\00025_best.png,car-shadow
26,default_no_gt,8,7,0.9776165803108808,0.9720337240386592,-0.0055828562722215,D:\uwb thesis\RelatedData\DAVIS-data\DAVIS\SAM_results\car-shadow\selected_by_sam\00026_sam_best.png,D:\uwb thesis\RelatedData\DAVIS-data\DAVIS\SAM_results\car-shadow\selected_by_score_default_no_gt\00026_best.png,car-shadow
27,default_no_gt,5,7,0.0,0.970224510376307,0.970224510376307,D:\uwb thesis\RelatedData\DAVIS-data\DAVIS\SAM_results\car-shadow\selected_by_sam\00027_sam_best.png,D:\uwb thesis\RelatedData\DAVIS-data\DAVIS\SAM_results\car-shadow\selected_by_score_default_no_gt\00027_best.png,car-shadow
28,default_no_gt,5,7,0.0,0.96946606731718,0.96946606731718,D:\uwb thesis\RelatedData\DAVIS-data\DAVIS\SAM_results\car-shadow\selected_by_sam\00028_sam_best.png,D:\uwb thesis\RelatedData\DAVIS-data\DAVIS\SAM_results\car-shadow\selected_by_score_default_no_gt\00028_best.png,car-shadow
29,default_no_gt,19,4,0.0,0.9676614092817428,0.9676614092817428,D:\uwb thesis\RelatedData\DAVIS-data\DAVIS\SAM_results\car-shadow\selected_by_sam\00029_sam_best.png,D:\uwb thesis\RelatedData\DAVIS-data\DAVIS\SAM_results\car-shadow\selected_by_score_default_no_gt\00029_best.png,car-shadow
30,default_no_gt,2,7,0.0,0.9680988059002577,0.9680988059002577,D:\uwb thesis\RelatedData\DAVIS-data\DAVIS\SAM_results\car-shadow\selected_by_sam\00030_sam_best.png,D:\uwb thesis\RelatedData\DAVIS-data\DAVIS\SAM_results\car-shadow\selected_by_score_default_no_gt\00030_best.png,car-shadow
31,default_no_gt,8,7,0.9747883695252116,0.9699074074074074,-0.0048809621178041,D:\uwb thesis\RelatedData\DAVIS-data\DAVIS\SAM_results\car-shadow\selected_by_sam\00031_sam_best.png,D:\uwb thesis\RelatedData\DAVIS-data\DAVIS\SAM_results\car-shadow\selected_by_score_default_no_gt\00031_best.png,car-shadow
32,default_no_gt,8,7,0.9778541428025964,0.9737740141557129,-0.0040801286468835,D:\uwb thesis\RelatedData\DAVIS-data\DAVIS\SAM_results\car-shadow\selected_by_sam\00032_sam_best.png,D:\uwb thesis\RelatedData\DAVIS-data\DAVIS\SAM_results\car-shadow\selected_by_score_default_no_gt\00032_best.png,car-shadow
33,default_no_gt,8,7,0.9716363636363636,0.9643744280298078,-0.0072619356065558,D:\uwb thesis\RelatedData\DAVIS-data\DAVIS\SAM_results\car-shadow\selected_by_sam\00033_sam_best.png,D:\uwb thesis\RelatedData\DAVIS-data\DAVIS\SAM_results\car-shadow\selected_by_score_default_no_gt\00033_best.png,car-shadow
34,default_no_gt,8,7,0.970992679756448,0.9671498238959632,-0.0038428558604848,D:\uwb thesis\RelatedData\DAVIS-data\DAVIS\SAM_results\car-shadow\selected_by_sam\00034_sam_best.png,D:\uwb thesis\RelatedData\DAVIS-data\DAVIS\SAM_results\car-shadow\selected_by_score_default_no_gt\00034_best.png,car-shadow
35,default_no_gt,2,7,0.0,0.9708260105448154,0.9708260105448154,D:\uwb thesis\RelatedData\DAVIS-data\DAVIS\SAM_results\car-shadow\selected_by_sam\00035_sam_best.png,D:\uwb thesis\RelatedData\DAVIS-data\DAVIS\SAM_results\car-shadow\selected_by_score_default_no_gt\00035_best.png,car-shadow
36,default_no_gt,2,14,0.0,0.96834469114091,0.96834469114091,D:\uwb thesis\RelatedData\DAVIS-data\DAVIS\SAM_results\car-shadow\selected_by_sam\00036_sam_best.png,D:\uwb thesis\RelatedData\DAVIS-data\DAVIS\SAM_results\car-shadow\selected_by_score_default_no_gt\00036_best.png,car-shadow
37,default_no_gt,8,7,0.9686363636363636,0.9664963942307692,-0.0021399694055943,D:\uwb thesis\RelatedData\DAVIS-data\DAVIS\SAM_results\car-shadow\selected_by_sam\00037_sam_best.png,D:\uwb thesis\RelatedData\DAVIS-data\DAVIS\SAM_results\car-shadow\selected_by_score_default_no_gt\00037_best.png,car-shadow
38,default_no_gt,8,7,0.969299623115578,0.9649587291699112,-0.0043408939456667,D:\uwb thesis\RelatedData\DAVIS-data\DAVIS\SAM_results\car-shadow\selected_by_sam\00038_sam_best.png,D:\uwb thesis\RelatedData\DAVIS-data\DAVIS\SAM_results\car-shadow\selected_by_score_default_no_gt\00038_best.png,car-shadow
39,default_no_gt,8,8,0.972744284435766,0.972744284435766,0.0,D:\uwb thesis\RelatedData\DAVIS-data\DAVIS\SAM_results\car-shadow\selected_by_sam\00039_sam_best.png,D:\uwb thesis\RelatedData\DAVIS-data\DAVIS\SAM_results\car-shadow\selected_by_score_default_no_gt\00039_best.png,car-shadow
0,default_no_gt,2,1,0.9645238730328088,0.9496139248789426,-0.0149099481538661,D:\uwb thesis\RelatedData\DAVIS-data\DAVIS\SAM_results\car-turn\selected_by_sam\00000_sam_best.png,D:\uwb thesis\RelatedData\DAVIS-data\DAVIS\SAM_results\car-turn\selected_by_score_default_no_gt\00000_best.png,car-turn
1,default_no_gt,2,2,0.9654416505480335,0.9654416505480335,0.0,D:\uwb thesis\RelatedData\DAVIS-data\DAVIS\SAM_results\car-turn\selected_by_sam\00001_sam_best.png,D:\uwb thesis\RelatedData\DAVIS-data\DAVIS\SAM_results\car-turn\selected_by_score_default_no_gt\00001_best.png,car-turn
2,default_no_gt,2,1,0.9629399328441736,0.9505386875612144,-0.012401245282959,D:\uwb thesis\RelatedData\DAVIS-data\DAVIS\SAM_results\car-turn\selected_by_sam\00002_sam_best.png,D:\uwb thesis\RelatedData\DAVIS-data\DAVIS\SAM_results\car-turn\selected_by_score_default_no_gt\00002_best.png,car-turn
3,default_no_gt,2,1,0.963830809901466,0.9532267613972764,-0.0106040485041895,D:\uwb thesis\RelatedData\DAVIS-data\DAVIS\SAM_results\car-turn\selected_by_sam\00003_sam_best.png,D:\uwb thesis\RelatedData\DAVIS-data\DAVIS\SAM_results\car-turn\selected_by_score_default_no_gt\00003_best.png,car-turn
4,default_no_gt,2,1,0.9665970772442588,0.95649685174585,-0.0101002254984089,D:\uwb thesis\RelatedData\DAVIS-data\DAVIS\SAM_results\car-turn\selected_by_sam\00004_sam_best.png,D:\uwb thesis\RelatedData\DAVIS-data\DAVIS\SAM_results\car-turn\selected_by_score_default_no_gt\00004_best.png,car-turn
5,default_no_gt,2,1,0.9685224599529516,0.9575690607734808,-0.010953399179471,D:\uwb thesis\RelatedData\DAVIS-data\DAVIS\SAM_results\car-turn\selected_by_sam\00005_sam_best.png,D:\uwb thesis\RelatedData\DAVIS-data\DAVIS\SAM_results\car-turn\selected_by_score_default_no_gt\00005_best.png,car-turn
6,default_no_gt,2,1,0.9687600991058924,0.9574784734771978,-0.0112816256286946,D:\uwb thesis\RelatedData\DAVIS-data\DAVIS\SAM_results\car-turn\selected_by_sam\00006_sam_best.png,D:\uwb thesis\RelatedData\DAVIS-data\DAVIS\SAM_results\car-turn\selected_by_score_default_no_gt\00006_best.png,car-turn
7,default_no_gt,2,1,0.968278731149246,0.9596053037311132,-0.0086734274181328,D:\uwb thesis\RelatedData\DAVIS-data\DAVIS\SAM_results\car-turn\selected_by_sam\00007_sam_best.png,D:\uwb thesis\RelatedData\DAVIS-data\DAVIS\SAM_results\car-turn\selected_by_score_default_no_gt\00007_best.png,car-turn
8,default_no_gt,2,2,0.9719382641811988,0.9719382641811988,0.0,D:\uwb thesis\RelatedData\DAVIS-data\DAVIS\SAM_results\car-turn\selected_by_sam\00008_sam_best.png,D:\uwb thesis\RelatedData\DAVIS-data\DAVIS\SAM_results\car-turn\selected_by_score_default_no_gt\00008_best.png,car-turn
9,default_no_gt,2,2,0.9703397965060472,0.9703397965060472,0.0,D:\uwb thesis\RelatedData\DAVIS-data\DAVIS\SAM_results\car-turn\selected_by_sam\00009_sam_best.png,D:\uwb thesis\RelatedData\DAVIS-data\DAVIS\SAM_results\car-turn\selected_by_score_default_no_gt\00009_best.png,car-turn
10,default_no_gt,2,1,0.9659550975340448,0.9559799909049568,-0.009975106629088,D:\uwb thesis\RelatedData\DAVIS-data\DAVIS\SAM_results\car-turn\selected_by_sam\00010_sam_best.png,D:\uwb thesis\RelatedData\DAVIS-data\DAVIS\SAM_results\car-turn\selected_by_score_default_no_gt\00010_best.png,car-turn
11,default_no_gt,2,1,0.9664021164021164,0.9571740078499782,-0.0092281085521381,D:\uwb thesis\RelatedData\DAVIS-data\DAVIS\SAM_results\car-turn\selected_by_sam\00011_sam_best.png,D:\uwb thesis\RelatedData\DAVIS-data\DAVIS\SAM_results\car-turn\selected_by_score_default_no_gt\00011_best.png,car-turn
12,default_no_gt,2,1,0.9689988141622904,0.960919154646092,-0.0080796595161984,D:\uwb thesis\RelatedData\DAVIS-data\DAVIS\SAM_results\car-turn\selected_by_sam\00012_sam_best.png,D:\uwb thesis\RelatedData\DAVIS-data\DAVIS\SAM_results\car-turn\selected_by_score_default_no_gt\00012_best.png,car-turn
13,default_no_gt,2,1,0.969964087495919,0.9635922330097088,-0.0063718544862102,D:\uwb thesis\RelatedData\DAVIS-data\DAVIS\SAM_results\car-turn\selected_by_sam\00013_sam_best.png,D:\uwb thesis\RelatedData\DAVIS-data\DAVIS\SAM_results\car-turn\selected_by_score_default_no_gt\00013_best.png,car-turn
14,default_no_gt,2,1,0.9704730576441104,0.962015503875969,-0.0084575537681412,D:\uwb thesis\RelatedData\DAVIS-data\DAVIS\SAM_results\car-turn\selected_by_sam\00014_sam_best.png,D:\uwb thesis\RelatedData\DAVIS-data\DAVIS\SAM_results\car-turn\selected_by_score_default_no_gt\00014_best.png,car-turn
15,default_no_gt,2,1,0.9743222891566266,0.9660081997763698,-0.0083140893802567,D:\uwb thesis\RelatedData\DAVIS-data\DAVIS\SAM_results\car-turn\selected_by_sam\00015_sam_best.png,D:\uwb thesis\RelatedData\DAVIS-data\DAVIS\SAM_results\car-turn\selected_by_score_default_no_gt\00015_best.png,car-turn
16,default_no_gt,2,1,0.9770925750854484,0.9696489077932376,-0.0074436672922106,D:\uwb thesis\RelatedData\DAVIS-data\DAVIS\SAM_results\car-turn\selected_by_sam\00016_sam_best.png,D:\uwb thesis\RelatedData\DAVIS-data\DAVIS\SAM_results\car-turn\selected_by_score_default_no_gt\00016_best.png,car-turn
17,default_no_gt,2,0,0.9763198217021868,0.9194027738465892,-0.0569170478555975,D:\uwb thesis\RelatedData\DAVIS-data\DAVIS\SAM_results\car-turn\selected_by_sam\00017_sam_best.png,D:\uwb thesis\RelatedData\DAVIS-data\DAVIS\SAM_results\car-turn\selected_by_score_default_no_gt\00017_best.png,car-turn
18,default_no_gt,2,1,0.976614848566068,0.9709325528801384,-0.0056822956859297,D:\uwb thesis\RelatedData\DAVIS-data\DAVIS\SAM_results\car-turn\selected_by_sam\00018_sam_best.png,D:\uwb thesis\RelatedData\DAVIS-data\DAVIS\SAM_results\car-turn\selected_by_score_default_no_gt\00018_best.png,car-turn
19,default_no_gt,2,1,0.9783560937902602,0.972855313700384,-0.005500780089876,D:\uwb thesis\RelatedData\DAVIS-data\DAVIS\SAM_results\car-turn\selected_by_sam\00019_sam_best.png,D:\uwb thesis\RelatedData\DAVIS-data\DAVIS\SAM_results\car-turn\selected_by_score_default_no_gt\00019_best.png,car-turn
20,default_no_gt,2,0,0.9766291579077532,0.9035888458171816,-0.0730403120905717,D:\uwb thesis\RelatedData\DAVIS-data\DAVIS\SAM_results\car-turn\selected_by_sam\00020_sam_best.png,D:\uwb thesis\RelatedData\DAVIS-data\DAVIS\SAM_results\car-turn\selected_by_score_default_no_gt\00020_best.png,car-turn
21,default_no_gt,2,0,0.9796015746152928,0.8736727799227799,-0.1059287946925129,D:\uwb thesis\RelatedData\DAVIS-data\DAVIS\SAM_results\car-turn\selected_by_sam\00021_sam_best.png,D:\uwb thesis\RelatedData\DAVIS-data\DAVIS\SAM_results\car-turn\selected_by_score_default_no_gt\00021_best.png,car-turn
22,default_no_gt,2,0,0.9796093705252306,0.8743597122302158,-0.1052496582950147,D:\uwb thesis\RelatedData\DAVIS-data\DAVIS\SAM_results\car-turn\selected_by_sam\00022_sam_best.png,D:\uwb thesis\RelatedData\DAVIS-data\DAVIS\SAM_results\car-turn\selected_by_score_default_no_gt\00022_best.png,car-turn
23,default_no_gt,2,0,0.973380266197338,0.8791453371911863,-0.0942349290061517,D:\uwb thesis\RelatedData\DAVIS-data\DAVIS\SAM_results\car-turn\selected_by_sam\00023_sam_best.png,D:\uwb thesis\RelatedData\DAVIS-data\DAVIS\SAM_results\car-turn\selected_by_score_default_no_gt\00023_best.png,car-turn
24,default_no_gt,2,0,0.978709882427709,0.8664346895074947,-0.1122751929202142,D:\uwb thesis\RelatedData\DAVIS-data\DAVIS\SAM_results\car-turn\selected_by_sam\00024_sam_best.png,D:\uwb thesis\RelatedData\DAVIS-data\DAVIS\SAM_results\car-turn\selected_by_score_default_no_gt\00024_best.png,car-turn
25,default_no_gt,2,0,0.9758419853127374,0.864447635654939,-0.1113943496577983,D:\uwb thesis\RelatedData\DAVIS-data\DAVIS\SAM_results\car-turn\selected_by_sam\00025_sam_best.png,D:\uwb thesis\RelatedData\DAVIS-data\DAVIS\SAM_results\car-turn\selected_by_score_default_no_gt\00025_best.png,car-turn
26,default_no_gt,2,0,0.9774213866950918,0.8550022036139269,-0.1224191830811649,D:\uwb thesis\RelatedData\DAVIS-data\DAVIS\SAM_results\car-turn\selected_by_sam\00026_sam_best.png,D:\uwb thesis\RelatedData\DAVIS-data\DAVIS\SAM_results\car-turn\selected_by_score_default_no_gt\00026_best.png,car-turn
27,default_no_gt,2,0,0.9773371104815864,0.8689933768612899,-0.1083437336202965,D:\uwb thesis\RelatedData\DAVIS-data\DAVIS\SAM_results\car-turn\selected_by_sam\00027_sam_best.png,D:\uwb thesis\RelatedData\DAVIS-data\DAVIS\SAM_results\car-turn\selected_by_score_default_no_gt\00027_best.png,car-turn
28,default_no_gt,2,0,0.980058755452684,0.8427491903562433,-0.1373095650964407,D:\uwb thesis\RelatedData\DAVIS-data\DAVIS\SAM_results\car-turn\selected_by_sam\00028_sam_best.png,D:\uwb thesis\RelatedData\DAVIS-data\DAVIS\SAM_results\car-turn\selected_by_score_default_no_gt\00028_best.png,car-turn
29,default_no_gt,2,1,0.9786643908683592,0.976245113037566,-0.0024192778307934,D:\uwb thesis\RelatedData\DAVIS-data\DAVIS\SAM_results\car-turn\selected_by_sam\00029_sam_best.png,D:\uwb thesis\RelatedData\DAVIS-data\DAVIS\SAM_results\car-turn\selected_by_score_default_no_gt\00029_best.png,car-turn
30,default_no_gt,2,1,0.9800645451203072,0.9785458394398306,-0.0015187056804765,D:\uwb thesis\RelatedData\DAVIS-data\DAVIS\SAM_results\car-turn\selected_by_sam\00030_sam_best.png,D:\uwb thesis\RelatedData\DAVIS-data\DAVIS\SAM_results\car-turn\selected_by_score_default_no_gt\00030_best.png,car-turn
31,default_no_gt,2,2,0.9781119072790634,0.9781119072790634,0.0,D:\uwb thesis\RelatedData\DAVIS-data\DAVIS\SAM_results\car-turn\selected_by_sam\00031_sam_best.png,D:\uwb thesis\RelatedData\DAVIS-data\DAVIS\SAM_results\car-turn\selected_by_score_default_no_gt\00031_best.png,car-turn
32,default_no_gt,2,1,0.981629663022653,0.980355472404116,-0.0012741906185369,D:\uwb thesis\RelatedData\DAVIS-data\DAVIS\SAM_results\car-turn\selected_by_sam\00032_sam_best.png,D:\uwb thesis\RelatedData\DAVIS-data\DAVIS\SAM_results\car-turn\selected_by_score_default_no_gt\00032_best.png,car-turn
33,default_no_gt,2,1,0.9822212625062982,0.9796064657180746,-0.0026147967882235,D:\uwb thesis\RelatedData\DAVIS-data\DAVIS\SAM_results\car-turn\selected_by_sam\00033_sam_best.png,D:\uwb thesis\RelatedData\DAVIS-data\DAVIS\SAM_results\car-turn\selected_by_score_default_no_gt\00033_best.png,car-turn
34,default_no_gt,2,1,0.9836071231363888,0.9812987727319604,-0.0023083504044282,D:\uwb thesis\RelatedData\DAVIS-data\DAVIS\SAM_results\car-turn\selected_by_sam\00034_sam_best.png,D:\uwb thesis\RelatedData\DAVIS-data\DAVIS\SAM_results\car-turn\selected_by_score_default_no_gt\00034_best.png,car-turn
35,default_no_gt,2,2,0.984875503599498,0.984875503599498,0.0,D:\uwb thesis\RelatedData\DAVIS-data\DAVIS\SAM_results\car-turn\selected_by_sam\00035_sam_best.png,D:\uwb thesis\RelatedData\DAVIS-data\DAVIS\SAM_results\car-turn\selected_by_score_default_no_gt\00035_best.png,car-turn
36,default_no_gt,1,1,0.9831132075471698,0.9831132075471698,0.0,D:\uwb thesis\RelatedData\DAVIS-data\DAVIS\SAM_results\car-turn\selected_by_sam\00036_sam_best.png,D:\uwb thesis\RelatedData\DAVIS-data\DAVIS\SAM_results\car-turn\selected_by_score_default_no_gt\00036_best.png,car-turn
37,default_no_gt,1,2,0.984425834437884,0.9859261272688834,0.0015002928309992,D:\uwb thesis\RelatedData\DAVIS-data\DAVIS\SAM_results\car-turn\selected_by_sam\00037_sam_best.png,D:\uwb thesis\RelatedData\DAVIS-data\DAVIS\SAM_results\car-turn\selected_by_score_default_no_gt\00037_best.png,car-turn
38,default_no_gt,1,1,0.9855080831408776,0.9855080831408776,0.0,D:\uwb thesis\RelatedData\DAVIS-data\DAVIS\SAM_results\car-turn\selected_by_sam\00038_sam_best.png,D:\uwb thesis\RelatedData\DAVIS-data\DAVIS\SAM_results\car-turn\selected_by_score_default_no_gt\00038_best.png,car-turn
39,default_no_gt,1,2,0.9843482581571248,0.986487983165356,0.0021397250082313,D:\uwb thesis\RelatedData\DAVIS-data\DAVIS\SAM_results\car-turn\selected_by_sam\00039_sam_best.png,D:\uwb thesis\RelatedData\DAVIS-data\DAVIS\SAM_results\car-turn\selected_by_score_default_no_gt\00039_best.png,car-turn
40,default_no_gt,1,1,0.9835723529567124,0.9835723529567124,0.0,D:\uwb thesis\RelatedData\DAVIS-data\DAVIS\SAM_results\car-turn\selected_by_sam\00040_sam_best.png,D:\uwb thesis\RelatedData\DAVIS-data\DAVIS\SAM_results\car-turn\selected_by_score_default_no_gt\00040_best.png,car-turn
41,default_no_gt,2,1,0.9870517928286852,0.9854360280076384,-0.0016157648210468,D:\uwb thesis\RelatedData\DAVIS-data\DAVIS\SAM_results\car-turn\selected_by_sam\00041_sam_best.png,D:\uwb thesis\RelatedData\DAVIS-data\DAVIS\SAM_results\car-turn\selected_by_score_default_no_gt\00041_best.png,car-turn
42,default_no_gt,2,2,0.9890895687430888,0.9890895687430888,0.0,D:\uwb thesis\RelatedData\DAVIS-data\DAVIS\SAM_results\car-turn\selected_by_sam\00042_sam_best.png,D:\uwb thesis\RelatedData\DAVIS-data\DAVIS\SAM_results\car-turn\selected_by_score_default_no_gt\00042_best.png,car-turn
43,default_no_gt,2,1,0.98775433308214,0.9861655901350558,-0.0015887429470843,D:\uwb thesis\RelatedData\DAVIS-data\DAVIS\SAM_results\car-turn\selected_by_sam\00043_sam_best.png,D:\uwb thesis\RelatedData\DAVIS-data\DAVIS\SAM_results\car-turn\selected_by_score_default_no_gt\00043_best.png,car-turn
44,default_no_gt,2,1,0.9868456801304112,0.985660087620252,-0.0011855925101591,D:\uwb thesis\RelatedData\DAVIS-data\DAVIS\SAM_results\car-turn\selected_by_sam\00044_sam_best.png,D:\uwb thesis\RelatedData\DAVIS-data\DAVIS\SAM_results\car-turn\selected_by_score_default_no_gt\00044_best.png,car-turn
45,default_no_gt,2,1,0.988356119578727,0.9874907540355916,-0.0008653655431355,D:\uwb thesis\RelatedData\DAVIS-data\DAVIS\SAM_results\car-turn\selected_by_sam\00045_sam_best.png,D:\uwb thesis\RelatedData\DAVIS-data\DAVIS\SAM_results\car-turn\selected_by_score_default_no_gt\00045_best.png,car-turn
46,default_no_gt,2,2,0.9893323794895532,0.9893323794895532,0.0,D:\uwb thesis\RelatedData\DAVIS-data\DAVIS\SAM_results\car-turn\selected_by_sam\00046_sam_best.png,D:\uwb thesis\RelatedData\DAVIS-data\DAVIS\SAM_results\car-turn\selected_by_score_default_no_gt\00046_best.png,car-turn
47,default_no_gt,2,1,0.99165937709787,0.9904620817014024,-0.0011972953964678,D:\uwb thesis\RelatedData\DAVIS-data\DAVIS\SAM_results\car-turn\selected_by_sam\00047_sam_best.png,D:\uwb thesis\RelatedData\DAVIS-data\DAVIS\SAM_results\car-turn\selected_by_score_default_no_gt\00047_best.png,car-turn
48,default_no_gt,2,1,0.9898354403004148,0.9886831679284508,-0.0011522723719639,D:\uwb thesis\RelatedData\DAVIS-data\DAVIS\SAM_results\car-turn\selected_by_sam\00048_sam_best.png,D:\uwb thesis\RelatedData\DAVIS-data\DAVIS\SAM_results\car-turn\selected_by_score_default_no_gt\00048_best.png,car-turn
49,default_no_gt,1,1,0.9901869247918296,0.9901869247918296,0.0,D:\uwb thesis\RelatedData\DAVIS-data\DAVIS\SAM_results\car-turn\selected_by_sam\00049_sam_best.png,D:\uwb thesis\RelatedData\DAVIS-data\DAVIS\SAM_results\car-turn\selected_by_score_default_no_gt\00049_best.png,car-turn
50,default_no_gt,1,1,0.9903482771396812,0.9903482771396812,0.0,D:\uwb thesis\RelatedData\DAVIS-data\DAVIS\SAM_results\car-turn\selected_by_sam\00050_sam_best.png,D:\uwb thesis\RelatedData\DAVIS-data\DAVIS\SAM_results\car-turn\selected_by_score_default_no_gt\00050_best.png,car-turn
51,default_no_gt,2,1,0.9909717958903614,0.9896985196124338,-0.0012732762779276,D:\uwb thesis\RelatedData\DAVIS-data\DAVIS\SAM_results\car-turn\selected_by_sam\00051_sam_best.png,D:\uwb thesis\RelatedData\DAVIS-data\DAVIS\SAM_results\car-turn\selected_by_score_default_no_gt\00051_best.png,car-turn
52,default_no_gt,2,1,0.99148133124041,0.9903397793457795,-0.0011415518946303,D:\uwb thesis\RelatedData\DAVIS-data\DAVIS\SAM_results\car-turn\selected_by_sam\00052_sam_best.png,D:\uwb thesis\RelatedData\DAVIS-data\DAVIS\SAM_results\car-turn\selected_by_score_default_no_gt\00052_best.png,car-turn
53,default_no_gt,2,2,0.9911022209959994,0.9911022209959994,0.0,D:\uwb thesis\RelatedData\DAVIS-data\DAVIS\SAM_results\car-turn\selected_by_sam\00053_sam_best.png,D:\uwb thesis\RelatedData\DAVIS-data\DAVIS\SAM_results\car-turn\selected_by_score_default_no_gt\00053_best.png,car-turn
54,default_no_gt,2,1,0.9913636056946225,0.991712567588054,0.0003489618934314,D:\uwb thesis\RelatedData\DAVIS-data\DAVIS\SAM_results\car-turn\selected_by_sam\00054_sam_best.png,D:\uwb thesis\RelatedData\DAVIS-data\DAVIS\SAM_results\car-turn\selected_by_score_default_no_gt\00054_best.png,car-turn
55,default_no_gt,1,2,0.990200930416708,0.9900363516192994,-0.0001645787974084,D:\uwb thesis\RelatedData\DAVIS-data\DAVIS\SAM_results\car-turn\selected_by_sam\00055_sam_best.png,D:\uwb thesis\RelatedData\DAVIS-data\DAVIS\SAM_results\car-turn\selected_by_score_default_no_gt\00055_best.png,car-turn
56,default_no_gt,2,2,0.9892001624035728,0.9892001624035728,0.0,D:\uwb thesis\RelatedData\DAVIS-data\DAVIS\SAM_results\car-turn\selected_by_sam\00056_sam_best.png,D:\uwb thesis\RelatedData\DAVIS-data\DAVIS\SAM_results\car-turn\selected_by_score_default_no_gt\00056_best.png,car-turn
57,default_no_gt,2,2,0.9892402634776492,0.9892402634776492,0.0,D:\uwb thesis\RelatedData\DAVIS-data\DAVIS\SAM_results\car-turn\selected_by_sam\00057_sam_best.png,D:\uwb thesis\RelatedData\DAVIS-data\DAVIS\SAM_results\car-turn\selected_by_score_default_no_gt\00057_best.png,car-turn
58,default_no_gt,1,1,0.9886318781084708,0.9886318781084708,0.0,D:\uwb thesis\RelatedData\DAVIS-data\DAVIS\SAM_results\car-turn\selected_by_sam\00058_sam_best.png,D:\uwb thesis\RelatedData\DAVIS-data\DAVIS\SAM_results\car-turn\selected_by_score_default_no_gt\00058_best.png,car-turn
59,default_no_gt,1,1,0.9900081310983238,0.9900081310983238,0.0,D:\uwb thesis\RelatedData\DAVIS-data\DAVIS\SAM_results\car-turn\selected_by_sam\00059_sam_best.png,D:\uwb thesis\RelatedData\DAVIS-data\DAVIS\SAM_results\car-turn\selected_by_score_default_no_gt\00059_best.png,car-turn
60,default_no_gt,1,2,0.9892716154501122,0.9895607122913692,0.0002890968412571,D:\uwb thesis\RelatedData\DAVIS-data\DAVIS\SAM_results\car-turn\selected_by_sam\00060_sam_best.png,D:\uwb thesis\RelatedData\DAVIS-data\DAVIS\SAM_results\car-turn\selected_by_score_default_no_gt\00060_best.png,car-turn
61,default_no_gt,1,1,0.9887538600992488,0.9887538600992488,0.0,D:\uwb thesis\RelatedData\DAVIS-data\DAVIS\SAM_results\car-turn\selected_by_sam\00061_sam_best.png,D:\uwb thesis\RelatedData\DAVIS-data\DAVIS\SAM_results\car-turn\selected_by_score_default_no_gt\00061_best.png,car-turn
62,default_no_gt,1,2,0.9897036741948334,0.989242031276377,-0.0004616429184564,D:\uwb thesis\RelatedData\DAVIS-data\DAVIS\SAM_results\car-turn\selected_by_sam\00062_sam_best.png,D:\uwb thesis\RelatedData\DAVIS-data\DAVIS\SAM_results\car-turn\selected_by_score_default_no_gt\00062_best.png,car-turn
63,default_no_gt,1,2,0.9911375742362089,0.9907999447996688,-0.00033762943654,D:\uwb thesis\RelatedData\DAVIS-data\DAVIS\SAM_results\car-turn\selected_by_sam\00063_sam_best.png,D:\uwb thesis\RelatedData\DAVIS-data\DAVIS\SAM_results\car-turn\selected_by_score_default_no_gt\00063_best.png,car-turn
64,default_no_gt,2,1,0.9894462340849824,0.9903709260138084,0.0009246919288259,D:\uwb thesis\RelatedData\DAVIS-data\DAVIS\SAM_results\car-turn\selected_by_sam\00064_sam_best.png,D:\uwb thesis\RelatedData\DAVIS-data\DAVIS\SAM_results\car-turn\selected_by_score_default_no_gt\00064_best.png,car-turn
65,default_no_gt,2,1,0.9888657888657888,0.9888448418917674,-2.0946974021551767e-05,D:\uwb thesis\RelatedData\DAVIS-data\DAVIS\SAM_results\car-turn\selected_by_sam\00065_sam_best.png,D:\uwb thesis\RelatedData\DAVIS-data\DAVIS\SAM_results\car-turn\selected_by_score_default_no_gt\00065_best.png,car-turn
66,default_no_gt,2,2,0.9884808323527592,0.9884808323527592,0.0,D:\uwb thesis\RelatedData\DAVIS-data\DAVIS\SAM_results\car-turn\selected_by_sam\00066_sam_best.png,D:\uwb thesis\RelatedData\DAVIS-data\DAVIS\SAM_results\car-turn\selected_by_score_default_no_gt\00066_best.png,car-turn
67,default_no_gt,1,1,0.9848976864871584,0.9848976864871584,0.0,D:\uwb thesis\RelatedData\DAVIS-data\DAVIS\SAM_results\car-turn\selected_by_sam\00067_sam_best.png,D:\uwb thesis\RelatedData\DAVIS-data\DAVIS\SAM_results\car-turn\selected_by_score_default_no_gt\00067_best.png,car-turn
68,default_no_gt,1,1,0.9847210058801452,0.9847210058801452,0.0,D:\uwb thesis\RelatedData\DAVIS-data\DAVIS\SAM_results\car-turn\selected_by_sam\00068_sam_best.png,D:\uwb thesis\RelatedData\DAVIS-data\DAVIS\SAM_results\car-turn\selected_by_score_default_no_gt\00068_best.png,car-turn
69,default_no_gt,2,1,0.9851244639268252,0.985028239674376,-9.622425244903976e-05,D:\uwb thesis\RelatedData\DAVIS-data\DAVIS\SAM_results\car-turn\selected_by_sam\00069_sam_best.png,D:\uwb thesis\RelatedData\DAVIS-data\DAVIS\SAM_results\car-turn\selected_by_score_default_no_gt\00069_best.png,car-turn
70,default_no_gt,2,1,0.9857404896722228,0.9853781164977486,-0.000362373174474,D:\uwb thesis\RelatedData\DAVIS-data\DAVIS\SAM_results\car-turn\selected_by_sam\00070_sam_best.png,D:\uwb thesis\RelatedData\DAVIS-data\DAVIS\SAM_results\car-turn\selected_by_score_default_no_gt\00070_best.png,car-turn
71,default_no_gt,2,1,0.9864816905952573,0.9866430640489218,0.0001613734536645,D:\uwb thesis\RelatedData\DAVIS-data\DAVIS\SAM_results\car-turn\selected_by_sam\00071_sam_best.png,D:\uwb thesis\RelatedData\DAVIS-data\DAVIS\SAM_results\car-turn\selected_by_score_default_no_gt\00071_best.png,car-turn
72,default_no_gt,2,1,0.986945084391288,0.9877985123319848,0.0008534279406968,D:\uwb thesis\RelatedData\DAVIS-data\DAVIS\SAM_results\car-turn\selected_by_sam\00072_sam_best.png,D:\uwb thesis\RelatedData\DAVIS-data\DAVIS\SAM_results\car-turn\selected_by_score_default_no_gt\00072_best.png,car-turn
73,default_no_gt,2,1,0.983543800338073,0.983904052936311,0.000360252598238,D:\uwb thesis\RelatedData\DAVIS-data\DAVIS\SAM_results\car-turn\selected_by_sam\00073_sam_best.png,D:\uwb thesis\RelatedData\DAVIS-data\DAVIS\SAM_results\car-turn\selected_by_score_default_no_gt\00073_best.png,car-turn
74,default_no_gt,2,1,0.9830154343870054,0.9836484758764552,0.0006330414894496,D:\uwb thesis\RelatedData\DAVIS-data\DAVIS\SAM_results\car-turn\selected_by_sam\00074_sam_best.png,D:\uwb thesis\RelatedData\DAVIS-data\DAVIS\SAM_results\car-turn\selected_by_score_default_no_gt\00074_best.png,car-turn
75,default_no_gt,1,1,0.9849167583929554,0.9849167583929554,0.0,D:\uwb thesis\RelatedData\DAVIS-data\DAVIS\SAM_results\car-turn\selected_by_sam\00075_sam_best.png,D:\uwb thesis\RelatedData\DAVIS-data\DAVIS\SAM_results\car-turn\selected_by_score_default_no_gt\00075_best.png,car-turn
76,default_no_gt,2,2,0.9832297698065244,0.9832297698065244,0.0,D:\uwb thesis\RelatedData\DAVIS-data\DAVIS\SAM_results\car-turn\selected_by_sam\00076_sam_best.png,D:\uwb thesis\RelatedData\DAVIS-data\DAVIS\SAM_results\car-turn\selected_by_score_default_no_gt\00076_best.png,car-turn
77,default_no_gt,1,1,0.9832519944533488,0.9832519944533488,0.0,D:\uwb thesis\RelatedData\DAVIS-data\DAVIS\SAM_results\car-turn\selected_by_sam\00077_sam_best.png,D:\uwb thesis\RelatedData\DAVIS-data\DAVIS\SAM_results\car-turn\selected_by_score_default_no_gt\00077_best.png,car-turn
78,default_no_gt,2,1,0.9825988237921536,0.9841671002750316,0.0015682764828779,D:\uwb thesis\RelatedData\DAVIS-data\DAVIS\SAM_results\car-turn\selected_by_sam\00078_sam_best.png,D:\uwb thesis\RelatedData\DAVIS-data\DAVIS\SAM_results\car-turn\selected_by_score_default_no_gt\00078_best.png,car-turn
79,default_no_gt,2,0,0.9776109320414584,0.7706821762726371,-0.2069287557688212,D:\uwb thesis\RelatedData\DAVIS-data\DAVIS\SAM_results\car-turn\selected_by_sam\00079_sam_best.png,D:\uwb thesis\RelatedData\DAVIS-data\DAVIS\SAM_results\car-turn\selected_by_score_default_no_gt\00079_best.png,car-turn
0,default_no_gt,2,1,0.9577776288452516,0.9764828059831494,0.0187051771378977,D:\uwb thesis\RelatedData\DAVIS-data\DAVIS\SAM_results\cows\selected_by_sam\00000_sam_best.png,D:\uwb thesis\RelatedData\DAVIS-data\DAVIS\SAM_results\cows\selected_by_score_default_no_gt\00000_best.png,cows
1,default_no_gt,2,1,0.958770841021168,0.9698402320240072,0.0110693910028391,D:\uwb thesis\RelatedData\DAVIS-data\DAVIS\SAM_results\cows\selected_by_sam\00001_sam_best.png,D:\uwb thesis\RelatedData\DAVIS-data\DAVIS\SAM_results\cows\selected_by_score_default_no_gt\00001_best.png,cows
2,default_no_gt,2,1,0.96258020938872,0.9729606562357588,0.0103804468470387,D:\uwb thesis\RelatedData\DAVIS-data\DAVIS\SAM_results\cows\selected_by_sam\00002_sam_best.png,D:\uwb thesis\RelatedData\DAVIS-data\DAVIS\SAM_results\cows\selected_by_score_default_no_gt\00002_best.png,cows
3,default_no_gt,2,1,0.9614016576184072,0.972027972027972,0.0106263144095646,D:\uwb thesis\RelatedData\DAVIS-data\DAVIS\SAM_results\cows\selected_by_sam\00003_sam_best.png,D:\uwb thesis\RelatedData\DAVIS-data\DAVIS\SAM_results\cows\selected_by_score_default_no_gt\00003_best.png,cows
4,default_no_gt,2,1,0.9556804316818752,0.9704669621688484,0.0147865304869733,D:\uwb thesis\RelatedData\DAVIS-data\DAVIS\SAM_results\cows\selected_by_sam\00004_sam_best.png,D:\uwb thesis\RelatedData\DAVIS-data\DAVIS\SAM_results\cows\selected_by_score_default_no_gt\00004_best.png,cows
5,default_no_gt,2,1,0.9573986028389488,0.9724366231004082,0.0150380202614593,D:\uwb thesis\RelatedData\DAVIS-data\DAVIS\SAM_results\cows\selected_by_sam\00005_sam_best.png,D:\uwb thesis\RelatedData\DAVIS-data\DAVIS\SAM_results\cows\selected_by_score_default_no_gt\00005_best.png,cows
6,default_no_gt,2,1,0.9653003281252656,0.9705108398553556,0.0052105117300897,D:\uwb thesis\RelatedData\DAVIS-data\DAVIS\SAM_results\cows\selected_by_sam\00006_sam_best.png,D:\uwb thesis\RelatedData\DAVIS-data\DAVIS\SAM_results\cows\selected_by_score_default_no_gt\00006_best.png,cows
7,default_no_gt,2,1,0.9680742380384812,0.9741885021509582,0.006114264112477,D:\uwb thesis\RelatedData\DAVIS-data\DAVIS\SAM_results\cows\selected_by_sam\00007_sam_best.png,D:\uwb thesis\RelatedData\DAVIS-data\DAVIS\SAM_results\cows\selected_by_score_default_no_gt\00007_best.png,cows
8,default_no_gt,2,1,0.9742203883991748,0.9777929155313352,0.0035725271321603,D:\uwb thesis\RelatedData\DAVIS-data\DAVIS\SAM_results\cows\selected_by_sam\00008_sam_best.png,D:\uwb thesis\RelatedData\DAVIS-data\DAVIS\SAM_results\cows\selected_by_score_default_no_gt\00008_best.png,cows
9,default_no_gt,2,1,0.9688849442728156,0.9754508077861372,0.0065658635133214,D:\uwb thesis\RelatedData\DAVIS-data\DAVIS\SAM_results\cows\selected_by_sam\00009_sam_best.png,D:\uwb thesis\RelatedData\DAVIS-data\DAVIS\SAM_results\cows\selected_by_score_default_no_gt\00009_best.png,cows
10,default_no_gt,2,1,0.9692844497155332,0.9764798791374812,0.007195429421948,D:\uwb thesis\RelatedData\DAVIS-data\DAVIS\SAM_results\cows\selected_by_sam\00010_sam_best.png,D:\uwb thesis\RelatedData\DAVIS-data\DAVIS\SAM_results\cows\selected_by_score_default_no_gt\00010_best.png,cows
11,default_no_gt,2,1,0.9699701770414936,0.9776235099565906,0.007653332915097,D:\uwb thesis\RelatedData\DAVIS-data\DAVIS\SAM_results\cows\selected_by_sam\00011_sam_best.png,D:\uwb thesis\RelatedData\DAVIS-data\DAVIS\SAM_results\cows\selected_by_score_default_no_gt\00011_best.png,cows
12,default_no_gt,2,1,0.9619530425454608,0.977036717062635,0.015083674517174,D:\uwb thesis\RelatedData\DAVIS-data\DAVIS\SAM_results\cows\selected_by_sam\00012_sam_best.png,D:\uwb thesis\RelatedData\DAVIS-data\DAVIS\SAM_results\cows\selected_by_score_default_no_gt\00012_best.png,cows
13,default_no_gt,2,1,0.9546337066185904,0.9734298680153808,0.0187961613967906,D:\uwb thesis\RelatedData\DAVIS-data\DAVIS\SAM_results\cows\selected_by_sam\00013_sam_best.png,D:\uwb thesis\RelatedData\DAVIS-data\DAVIS\SAM_results\cows\selected_by_score_default_no_gt\00013_best.png,cows
14,default_no_gt,2,1,0.9546850998463902,0.9722256145431708,0.0175405146967805,D:\uwb thesis\RelatedData\DAVIS-data\DAVIS\SAM_results\cows\selected_by_sam\00014_sam_best.png,D:\uwb thesis\RelatedData\DAVIS-data\DAVIS\SAM_results\cows\selected_by_score_default_no_gt\00014_best.png,cows
15,default_no_gt,2,1,0.9550905531081744,0.9712474016105648,0.0161568485023905,D:\uwb thesis\RelatedData\DAVIS-data\DAVIS\SAM_results\cows\selected_by_sam\00015_sam_best.png,D:\uwb thesis\RelatedData\DAVIS-data\DAVIS\SAM_results\cows\selected_by_score_default_no_gt\00015_best.png,cows
16,default_no_gt,2,1,0.962799572851566,0.9719644136822052,0.0091648408306391,D:\uwb thesis\RelatedData\DAVIS-data\DAVIS\SAM_results\cows\selected_by_sam\00016_sam_best.png,D:\uwb thesis\RelatedData\DAVIS-data\DAVIS\SAM_results\cows\selected_by_score_default_no_gt\00016_best.png,cows
17,default_no_gt,2,1,0.9671580354629892,0.9738611428069868,0.0067031073439977,D:\uwb thesis\RelatedData\DAVIS-data\DAVIS\SAM_results\cows\selected_by_sam\00017_sam_best.png,D:\uwb thesis\RelatedData\DAVIS-data\DAVIS\SAM_results\cows\selected_by_score_default_no_gt\00017_best.png,cows
18,default_no_gt,2,1,0.9654898499558694,0.9746130249285992,0.0091231749727297,D:\uwb thesis\RelatedData\DAVIS-data\DAVIS\SAM_results\cows\selected_by_sam\00018_sam_best.png,D:\uwb thesis\RelatedData\DAVIS-data\DAVIS\SAM_results\cows\selected_by_score_default_no_gt\00018_best.png,cows
19,default_no_gt,2,1,0.9704651866621566,0.9772900932918704,0.0068249066297136,D:\uwb thesis\RelatedData\DAVIS-data\DAVIS\SAM_results\cows\selected_by_sam\00019_sam_best.png,D:\uwb thesis\RelatedData\DAVIS-data\DAVIS\SAM_results\cows\selected_by_score_default_no_gt\00019_best.png,cows
20,default_no_gt,2,1,0.9734611793435324,0.975485188968335,0.0020240096248027,D:\uwb thesis\RelatedData\DAVIS-data\DAVIS\SAM_results\cows\selected_by_sam\00020_sam_best.png,D:\uwb thesis\RelatedData\DAVIS-data\DAVIS\SAM_results\cows\selected_by_score_default_no_gt\00020_best.png,cows
21,default_no_gt,2,1,0.975007207726683,0.9760928961748634,0.0010856884481803,D:\uwb thesis\RelatedData\DAVIS-data\DAVIS\SAM_results\cows\selected_by_sam\00021_sam_best.png,D:\uwb thesis\RelatedData\DAVIS-data\DAVIS\SAM_results\cows\selected_by_score_default_no_gt\00021_best.png,cows
22,default_no_gt,2,1,0.9749973134649138,0.976029601029601,0.0010322875646872,D:\uwb thesis\RelatedData\DAVIS-data\DAVIS\SAM_results\cows\selected_by_sam\00022_sam_best.png,D:\uwb thesis\RelatedData\DAVIS-data\DAVIS\SAM_results\cows\selected_by_score_default_no_gt\00022_best.png,cows
23,default_no_gt,2,1,0.9771224402730376,0.9762908884714888,-0.0008315518015487,D:\uwb thesis\RelatedData\DAVIS-data\DAVIS\SAM_results\cows\selected_by_sam\00023_sam_best.png,D:\uwb thesis\RelatedData\DAVIS-data\DAVIS\SAM_results\cows\selected_by_score_default_no_gt\00023_best.png,cows
24,default_no_gt,2,1,0.9747646420245236,0.9771278390424948,0.0023631970179711,D:\uwb thesis\RelatedData\DAVIS-data\DAVIS\SAM_results\cows\selected_by_sam\00024_sam_best.png,D:\uwb thesis\RelatedData\DAVIS-data\DAVIS\SAM_results\cows\selected_by_score_default_no_gt\00024_best.png,cows
25,default_no_gt,1,1,0.9751447359016512,0.9751447359016512,0.0,D:\uwb thesis\RelatedData\DAVIS-data\DAVIS\SAM_results\cows\selected_by_sam\00025_sam_best.png,D:\uwb thesis\RelatedData\DAVIS-data\DAVIS\SAM_results\cows\selected_by_score_default_no_gt\00025_best.png,cows
26,default_no_gt,2,1,0.9765832986218012,0.9767009229324328,0.0001176243106314,D:\uwb thesis\RelatedData\DAVIS-data\DAVIS\SAM_results\cows\selected_by_sam\00026_sam_best.png,D:\uwb thesis\RelatedData\DAVIS-data\DAVIS\SAM_results\cows\selected_by_score_default_no_gt\00026_best.png,cows
27,default_no_gt,2,1,0.976090942427576,0.978903648406338,0.0028127059787619,D:\uwb thesis\RelatedData\DAVIS-data\DAVIS\SAM_results\cows\selected_by_sam\00027_sam_best.png,D:\uwb thesis\RelatedData\DAVIS-data\DAVIS\SAM_results\cows\selected_by_score_default_no_gt\00027_best.png,cows
28,default_no_gt,1,1,0.9776341856288534,0.9776341856288534,0.0,D:\uwb thesis\RelatedData\DAVIS-data\DAVIS\SAM_results\cows\selected_by_sam\00028_sam_best.png,D:\uwb thesis\RelatedData\DAVIS-data\DAVIS\SAM_results\cows\selected_by_score_default_no_gt\00028_best.png,cows
29,default_no_gt,2,1,0.9752333026644384,0.9748348831552752,-0.0003984195091631,D:\uwb thesis\RelatedData\DAVIS-data\DAVIS\SAM_results\cows\selected_by_sam\00029_sam_best.png,D:\uwb thesis\RelatedData\DAVIS-data\DAVIS\SAM_results\cows\selected_by_score_default_no_gt\00029_best.png,cows
30,default_no_gt,2,1,0.9760954668381338,0.97690260977865,0.0008071429405162,D:\uwb thesis\RelatedData\DAVIS-data\DAVIS\SAM_results\cows\selected_by_sam\00030_sam_best.png,D:\uwb thesis\RelatedData\DAVIS-data\DAVIS\SAM_results\cows\selected_by_score_default_no_gt\00030_best.png,cows
31,default_no_gt,2,1,0.9755911663268612,0.975073620214686,-0.0005175461121751,D:\uwb thesis\RelatedData\DAVIS-data\DAVIS\SAM_results\cows\selected_by_sam\00031_sam_best.png,D:\uwb thesis\RelatedData\DAVIS-data\DAVIS\SAM_results\cows\selected_by_score_default_no_gt\00031_best.png,cows
32,default_no_gt,2,1,0.9753379542756482,0.9752874221763874,-5.05320992607583e-05,D:\uwb thesis\RelatedData\DAVIS-data\DAVIS\SAM_results\cows\selected_by_sam\00032_sam_best.png,D:\uwb thesis\RelatedData\DAVIS-data\DAVIS\SAM_results\cows\selected_by_score_default_no_gt\00032_best.png,cows
33,default_no_gt,2,1,0.9741809837835752,0.9744516426690248,0.0002706588854494,D:\uwb thesis\RelatedData\DAVIS-data\DAVIS\SAM_results\cows\selected_by_sam\00033_sam_best.png,D:\uwb thesis\RelatedData\DAVIS-data\DAVIS\SAM_results\cows\selected_by_score_default_no_gt\00033_best.png,cows
34,default_no_gt,2,1,0.9740862239649049,0.9760240147186986,0.0019377907537938,D:\uwb thesis\RelatedData\DAVIS-data\DAVIS\SAM_results\cows\selected_by_sam\00034_sam_best.png,D:\uwb thesis\RelatedData\DAVIS-data\DAVIS\SAM_results\cows\selected_by_score_default_no_gt\00034_best.png,cows
35,default_no_gt,1,1,0.976663667305661,0.976663667305661,0.0,D:\uwb thesis\RelatedData\DAVIS-data\DAVIS\SAM_results\cows\selected_by_sam\00035_sam_best.png,D:\uwb thesis\RelatedData\DAVIS-data\DAVIS\SAM_results\cows\selected_by_score_default_no_gt\00035_best.png,cows
36,default_no_gt,1,2,0.9748414043106506,0.973526157736684,-0.0013152465739665,D:\uwb thesis\RelatedData\DAVIS-data\DAVIS\SAM_results\cows\selected_by_sam\00036_sam_best.png,D:\uwb thesis\RelatedData\DAVIS-data\DAVIS\SAM_results\cows\selected_by_score_default_no_gt\00036_best.png,cows
37,default_no_gt,1,1,0.9741432220000396,0.9741432220000396,0.0,D:\uwb thesis\RelatedData\DAVIS-data\DAVIS\SAM_results\cows\selected_by_sam\00037_sam_best.png,D:\uwb thesis\RelatedData\DAVIS-data\DAVIS\SAM_results\cows\selected_by_score_default_no_gt\00037_best.png,cows
38,default_no_gt,2,2,0.971146300730397,0.971146300730397,0.0,D:\uwb thesis\RelatedData\DAVIS-data\DAVIS\SAM_results\cows\selected_by_sam\00038_sam_best.png,D:\uwb thesis\RelatedData\DAVIS-data\DAVIS\SAM_results\cows\selected_by_score_default_no_gt\00038_best.png,cows
39,default_no_gt,1,1,0.971415249254972,0.971415249254972,0.0,D:\uwb thesis\RelatedData\DAVIS-data\DAVIS\SAM_results\cows\selected_by_sam\00039_sam_best.png,D:\uwb thesis\RelatedData\DAVIS-data\DAVIS\SAM_results\cows\selected_by_score_default_no_gt\00039_best.png,cows
40,default_no_gt,2,1,0.9733505662235352,0.973606259320545,0.0002556930970097,D:\uwb thesis\RelatedData\DAVIS-data\DAVIS\SAM_results\cows\selected_by_sam\00040_sam_best.png,D:\uwb thesis\RelatedData\DAVIS-data\DAVIS\SAM_results\cows\selected_by_score_default_no_gt\00040_best.png,cows
41,default_no_gt,2,1,0.971172615011609,0.9736788243481108,0.0025062093365018,D:\uwb thesis\RelatedData\DAVIS-data\DAVIS\SAM_results\cows\selected_by_sam\00041_sam_best.png,D:\uwb thesis\RelatedData\DAVIS-data\DAVIS\SAM_results\cows\selected_by_score_default_no_gt\00041_best.png,cows
42,default_no_gt,1,1,0.973346759278287,0.973346759278287,0.0,D:\uwb thesis\RelatedData\DAVIS-data\DAVIS\SAM_results\cows\selected_by_sam\00042_sam_best.png,D:\uwb thesis\RelatedData\DAVIS-data\DAVIS\SAM_results\cows\selected_by_score_default_no_gt\00042_best.png,cows
43,default_no_gt,1,1,0.9740224793525284,0.9740224793525284,0.0,D:\uwb thesis\RelatedData\DAVIS-data\DAVIS\SAM_results\cows\selected_by_sam\00043_sam_best.png,D:\uwb thesis\RelatedData\DAVIS-data\DAVIS\SAM_results\cows\selected_by_score_default_no_gt\00043_best.png,cows
44,default_no_gt,1,1,0.9707086158425664,0.9707086158425664,0.0,D:\uwb thesis\RelatedData\DAVIS-data\DAVIS\SAM_results\cows\selected_by_sam\00044_sam_best.png,D:\uwb thesis\RelatedData\DAVIS-data\DAVIS\SAM_results\cows\selected_by_score_default_no_gt\00044_best.png,cows
45,default_no_gt,1,1,0.9707015871700304,0.9707015871700304,0.0,D:\uwb thesis\RelatedData\DAVIS-data\DAVIS\SAM_results\cows\selected_by_sam\00045_sam_best.png,D:\uwb thesis\RelatedData\DAVIS-data\DAVIS\SAM_results\cows\selected_by_score_default_no_gt\00045_best.png,cows
46,default_no_gt,2,1,0.949512012012012,0.9668601385508332,0.0173481265388212,D:\uwb thesis\RelatedData\DAVIS-data\DAVIS\SAM_results\cows\selected_by_sam\00046_sam_best.png,D:\uwb thesis\RelatedData\DAVIS-data\DAVIS\SAM_results\cows\selected_by_score_default_no_gt\00046_best.png,cows
47,default_no_gt,2,1,0.9493811156644644,0.9653958333333332,0.0160147176688689,D:\uwb thesis\RelatedData\DAVIS-data\DAVIS\SAM_results\cows\selected_by_sam\00047_sam_best.png,D:\uwb thesis\RelatedData\DAVIS-data\DAVIS\SAM_results\cows\selected_by_score_default_no_gt\00047_best.png,cows
48,default_no_gt,1,2,0.9682775349741746,0.9633483688240848,-0.0049291661500897,D:\uwb thesis\RelatedData\DAVIS-data\DAVIS\SAM_results\cows\selected_by_sam\00048_sam_best.png,D:\uwb thesis\RelatedData\DAVIS-data\DAVIS\SAM_results\cows\selected_by_score_default_no_gt\00048_best.png,cows
49,default_no_gt,1,1,0.9669111483654652,0.9669111483654652,0.0,D:\uwb thesis\RelatedData\DAVIS-data\DAVIS\SAM_results\cows\selected_by_sam\00049_sam_best.png,D:\uwb thesis\RelatedData\DAVIS-data\DAVIS\SAM_results\cows\selected_by_score_default_no_gt\00049_best.png,cows
50,default_no_gt,2,1,0.955961240803172,0.9679661912308504,0.0120049504276784,D:\uwb thesis\RelatedData\DAVIS-data\DAVIS\SAM_results\cows\selected_by_sam\00050_sam_best.png,D:\uwb thesis\RelatedData\DAVIS-data\DAVIS\SAM_results\cows\selected_by_score_default_no_gt\00050_best.png,cows
51,default_no_gt,2,1,0.9618498344547688,0.970202342917998,0.0083525084632291,D:\uwb thesis\RelatedData\DAVIS-data\DAVIS\SAM_results\cows\selected_by_sam\00051_sam_best.png,D:\uwb thesis\RelatedData\DAVIS-data\DAVIS\SAM_results\cows\selected_by_score_default_no_gt\00051_best.png,cows
52,default_no_gt,2,1,0.9589252426560392,0.9678321977059616,0.0089069550499224,D:\uwb thesis\RelatedData\DAVIS-data\DAVIS\SAM_results\cows\selected_by_sam\00052_sam_best.png,D:\uwb thesis\RelatedData\DAVIS-data\DAVIS\SAM_results\cows\selected_by_score_default_no_gt\00052_best.png,cows
53,default_no_gt,2,1,0.95734485129792,0.9709476843910806,0.0136028330931606,D:\uwb thesis\RelatedData\DAVIS-data\DAVIS\SAM_results\cows\selected_by_sam\00053_sam_best.png,D:\uwb thesis\RelatedData\DAVIS-data\DAVIS\SAM_results\cows\selected_by_score_default_no_gt\00053_best.png,cows
54,default_no_gt,2,2,0.9591295345727472,0.9591295345727472,0.0,D:\uwb thesis\RelatedData\DAVIS-data\DAVIS\SAM_results\cows\selected_by_sam\00054_sam_best.png,D:\uwb thesis\RelatedData\DAVIS-data\DAVIS\SAM_results\cows\selected_by_score_default_no_gt\00054_best.png,cows
55,default_no_gt,2,2,0.9537016957973716,0.9537016957973716,0.0,D:\uwb thesis\RelatedData\DAVIS-data\DAVIS\SAM_results\cows\selected_by_sam\00055_sam_best.png,D:\uwb thesis\RelatedData\DAVIS-data\DAVIS\SAM_results\cows\selected_by_score_default_no_gt\00055_best.png,cows
56,default_no_gt,2,1,0.9652922303156434,0.97,0.0047077696843566,D:\uwb thesis\RelatedData\DAVIS-data\DAVIS\SAM_results\cows\selected_by_sam\00056_sam_best.png,D:\uwb thesis\RelatedData\DAVIS-data\DAVIS\SAM_results\cows\selected_by_score_default_no_gt\00056_best.png,cows
57,default_no_gt,2,1,0.9591827891760728,0.9600432666306112,0.0008604774545382,D:\uwb thesis\RelatedData\DAVIS-data\DAVIS\SAM_results\cows\selected_by_sam\00057_sam_best.png,D:\uwb thesis\RelatedData\DAVIS-data\DAVIS\SAM_results\cows\selected_by_score_default_no_gt\00057_best.png,cows
58,default_no_gt,2,2,0.9651596847781004,0.9651596847781004,0.0,D:\uwb thesis\RelatedData\DAVIS-data\DAVIS\SAM_results\cows\selected_by_sam\00058_sam_best.png,D:\uwb thesis\RelatedData\DAVIS-data\DAVIS\SAM_results\cows\selected_by_score_default_no_gt\00058_best.png,cows
59,default_no_gt,2,2,0.9657449806269812,0.9657449806269812,0.0,D:\uwb thesis\RelatedData\DAVIS-data\DAVIS\SAM_results\cows\selected_by_sam\00059_sam_best.png,D:\uwb thesis\RelatedData\DAVIS-data\DAVIS\SAM_results\cows\selected_by_score_default_no_gt\00059_best.png,cows
60,default_no_gt,2,1,0.9670036322261608,0.9712806848956058,0.004277052669445,D:\uwb thesis\RelatedData\DAVIS-data\DAVIS\SAM_results\cows\selected_by_sam\00060_sam_best.png,D:\uwb thesis\RelatedData\DAVIS-data\DAVIS\SAM_results\cows\selected_by_score_default_no_gt\00060_best.png,cows
61,default_no_gt,2,1,0.9629095587745956,0.9665374820064224,0.0036279232318265,D:\uwb thesis\RelatedData\DAVIS-data\DAVIS\SAM_results\cows\selected_by_sam\00061_sam_best.png,D:\uwb thesis\RelatedData\DAVIS-data\DAVIS\SAM_results\cows\selected_by_score_default_no_gt\00061_best.png,cows
62,default_no_gt,2,1,0.96619098426247,0.9701141780290432,0.0039231937665733,D:\uwb thesis\RelatedData\DAVIS-data\DAVIS\SAM_results\cows\selected_by_sam\00062_sam_best.png,D:\uwb thesis\RelatedData\DAVIS-data\DAVIS\SAM_results\cows\selected_by_score_default_no_gt\00062_best.png,cows
63,default_no_gt,2,1,0.9663767220063582,0.9682714310860764,0.0018947090797182,D:\uwb thesis\RelatedData\DAVIS-data\DAVIS\SAM_results\cows\selected_by_sam\00063_sam_best.png,D:\uwb thesis\RelatedData\DAVIS-data\DAVIS\SAM_results\cows\selected_by_score_default_no_gt\00063_best.png,cows
64,default_no_gt,2,1,0.9665701209401047,0.96938010147805,0.0028099805379451,D:\uwb thesis\RelatedData\DAVIS-data\DAVIS\SAM_results\cows\selected_by_sam\00064_sam_best.png,D:\uwb thesis\RelatedData\DAVIS-data\DAVIS\SAM_results\cows\selected_by_score_default_no_gt\00064_best.png,cows
65,default_no_gt,2,1,0.9668264323436736,0.9691770220669528,0.0023505897232789,D:\uwb thesis\RelatedData\DAVIS-data\DAVIS\SAM_results\cows\selected_by_sam\00065_sam_best.png,D:\uwb thesis\RelatedData\DAVIS-data\DAVIS\SAM_results\cows\selected_by_score_default_no_gt\00065_best.png,cows
66,default_no_gt,2,2,0.9676050735846556,0.9676050735846556,0.0,D:\uwb thesis\RelatedData\DAVIS-data\DAVIS\SAM_results\cows\selected_by_sam\00066_sam_best.png,D:\uwb thesis\RelatedData\DAVIS-data\DAVIS\SAM_results\cows\selected_by_score_default_no_gt\00066_best.png,cows
67,default_no_gt,2,1,0.9648336190601784,0.9668308702791462,0.0019972512189676,D:\uwb thesis\RelatedData\DAVIS-data\DAVIS\SAM_results\cows\selected_by_sam\00067_sam_best.png,D:\uwb thesis\RelatedData\DAVIS-data\DAVIS\SAM_results\cows\selected_by_score_default_no_gt\00067_best.png,cows
68,default_no_gt,2,1,0.96816112931243,0.9686780790390812,0.0005169497266512,D:\uwb thesis\RelatedData\DAVIS-data\DAVIS\SAM_results\cows\selected_by_sam\00068_sam_best.png,D:\uwb thesis\RelatedData\DAVIS-data\DAVIS\SAM_results\cows\selected_by_score_default_no_gt\00068_best.png,cows
69,default_no_gt,2,1,0.9690404517589154,0.971214182280925,0.0021737305220096,D:\uwb thesis\RelatedData\DAVIS-data\DAVIS\SAM_results\cows\selected_by_sam\00069_sam_best.png,D:\uwb thesis\RelatedData\DAVIS-data\DAVIS\SAM_results\cows\selected_by_score_default_no_gt\00069_best.png,cows
70,default_no_gt,2,1,0.9544296009843558,0.9697282346226456,0.0152986336382898,D:\uwb thesis\RelatedData\DAVIS-data\DAVIS\SAM_results\cows\selected_by_sam\00070_sam_best.png,D:\uwb thesis\RelatedData\DAVIS-data\DAVIS\SAM_results\cows\selected_by_score_default_no_gt\00070_best.png,cows
71,default_no_gt,2,1,0.9523924707538042,0.970152203992884,0.0177597332390797,D:\uwb thesis\RelatedData\DAVIS-data\DAVIS\SAM_results\cows\selected_by_sam\00071_sam_best.png,D:\uwb thesis\RelatedData\DAVIS-data\DAVIS\SAM_results\cows\selected_by_score_default_no_gt\00071_best.png,cows
72,default_no_gt,2,1,0.9588321038915146,0.9704961411245866,0.0116640372330719,D:\uwb thesis\RelatedData\DAVIS-data\DAVIS\SAM_results\cows\selected_by_sam\00072_sam_best.png,D:\uwb thesis\RelatedData\DAVIS-data\DAVIS\SAM_results\cows\selected_by_score_default_no_gt\00072_best.png,cows
73,default_no_gt,2,1,0.9505358249933576,0.9679386614225424,0.0174028364291848,D:\uwb thesis\RelatedData\DAVIS-data\DAVIS\SAM_results\cows\selected_by_sam\00073_sam_best.png,D:\uwb thesis\RelatedData\DAVIS-data\DAVIS\SAM_results\cows\selected_by_score_default_no_gt\00073_best.png,cows
74,default_no_gt,2,1,0.9515500442869796,0.9666003536693192,0.0150503093823395,D:\uwb thesis\RelatedData\DAVIS-data\DAVIS\SAM_results\cows\selected_by_sam\00074_sam_best.png,D:\uwb thesis\RelatedData\DAVIS-data\DAVIS\SAM_results\cows\selected_by_score_default_no_gt\00074_best.png,cows
75,default_no_gt,2,1,0.950810146385071,0.9657418146132573,0.0149316682281862,D:\uwb thesis\RelatedData\DAVIS-data\DAVIS\SAM_results\cows\selected_by_sam\00075_sam_best.png,D:\uwb thesis\RelatedData\DAVIS-data\DAVIS\SAM_results\cows\selected_by_score_default_no_gt\00075_best.png,cows
76,default_no_gt,2,1,0.9589356412853328,0.9680518525328676,0.0091162112475347,D:\uwb thesis\RelatedData\DAVIS-data\DAVIS\SAM_results\cows\selected_by_sam\00076_sam_best.png,D:\uwb thesis\RelatedData\DAVIS-data\DAVIS\SAM_results\cows\selected_by_score_default_no_gt\00076_best.png,cows
77,default_no_gt,2,1,0.9637565266475376,0.973113983548766,0.0093574569012285,D:\uwb thesis\RelatedData\DAVIS-data\DAVIS\SAM_results\cows\selected_by_sam\00077_sam_best.png,D:\uwb thesis\RelatedData\DAVIS-data\DAVIS\SAM_results\cows\selected_by_score_default_no_gt\00077_best.png,cows
78,default_no_gt,2,1,0.9703897790247408,0.9774422159433044,0.0070524369185636,D:\uwb thesis\RelatedData\DAVIS-data\DAVIS\SAM_results\cows\selected_by_sam\00078_sam_best.png,D:\uwb thesis\RelatedData\DAVIS-data\DAVIS\SAM_results\cows\selected_by_score_default_no_gt\00078_best.png,cows
79,default_no_gt,2,2,0.9639994503732882,0.9639994503732882,0.0,D:\uwb thesis\RelatedData\DAVIS-data\DAVIS\SAM_results\cows\selected_by_sam\00079_sam_best.png,D:\uwb thesis\RelatedData\DAVIS-data\DAVIS\SAM_results\cows\selected_by_score_default_no_gt\00079_best.png,cows
80,default_no_gt,2,2,0.9641151620901828,0.9641151620901828,0.0,D:\uwb thesis\RelatedData\DAVIS-data\DAVIS\SAM_results\cows\selected_by_sam\00080_sam_best.png,D:\uwb thesis\RelatedData\DAVIS-data\DAVIS\SAM_results\cows\selected_by_score_default_no_gt\00080_best.png,cows
81,default_no_gt,2,2,0.9678312002767208,0.9678312002767208,0.0,D:\uwb thesis\RelatedData\DAVIS-data\DAVIS\SAM_results\cows\selected_by_sam\00081_sam_best.png,D:\uwb thesis\RelatedData\DAVIS-data\DAVIS\SAM_results\cows\selected_by_score_default_no_gt\00081_best.png,cows
82,default_no_gt,2,2,0.9638102294565746,0.9638102294565746,0.0,D:\uwb thesis\RelatedData\DAVIS-data\DAVIS\SAM_results\cows\selected_by_sam\00082_sam_best.png,D:\uwb thesis\RelatedData\DAVIS-data\DAVIS\SAM_results\cows\selected_by_score_default_no_gt\00082_best.png,cows
83,default_no_gt,2,2,0.967293750145698,0.967293750145698,0.0,D:\uwb thesis\RelatedData\DAVIS-data\DAVIS\SAM_results\cows\selected_by_sam\00083_sam_best.png,D:\uwb thesis\RelatedData\DAVIS-data\DAVIS\SAM_results\cows\selected_by_score_default_no_gt\00083_best.png,cows
84,default_no_gt,2,2,0.974136709339128,0.974136709339128,0.0,D:\uwb thesis\RelatedData\DAVIS-data\DAVIS\SAM_results\cows\selected_by_sam\00084_sam_best.png,D:\uwb thesis\RelatedData\DAVIS-data\DAVIS\SAM_results\cows\selected_by_score_default_no_gt\00084_best.png,cows
85,default_no_gt,2,2,0.973085480513888,0.973085480513888,0.0,D:\uwb thesis\RelatedData\DAVIS-data\DAVIS\SAM_results\cows\selected_by_sam\00085_sam_best.png,D:\uwb thesis\RelatedData\DAVIS-data\DAVIS\SAM_results\cows\selected_by_score_default_no_gt\00085_best.png,cows
86,default_no_gt,2,2,0.9738459305138876,0.9738459305138876,0.0,D:\uwb thesis\RelatedData\DAVIS-data\DAVIS\SAM_results\cows\selected_by_sam\00086_sam_best.png,D:\uwb thesis\RelatedData\DAVIS-data\DAVIS\SAM_results\cows\selected_by_score_default_no_gt\00086_best.png,cows
87,default_no_gt,2,2,0.9702272391186474,0.9702272391186474,0.0,D:\uwb thesis\RelatedData\DAVIS-data\DAVIS\SAM_results\cows\selected_by_sam\00087_sam_best.png,D:\uwb thesis\RelatedData\DAVIS-data\DAVIS\SAM_results\cows\selected_by_score_default_no_gt\00087_best.png,cows
88,default_no_gt,2,2,0.9731127969158064,0.9731127969158064,0.0,D:\uwb thesis\RelatedData\DAVIS-data\DAVIS\SAM_results\cows\selected_by_sam\00088_sam_best.png,D:\uwb thesis\RelatedData\DAVIS-data\DAVIS\SAM_results\cows\selected_by_score_default_no_gt\00088_best.png,cows
89,default_no_gt,2,1,0.9637918710408911,0.9699458927693064,0.0061540217284151,D:\uwb thesis\RelatedData\DAVIS-data\DAVIS\SAM_results\cows\selected_by_sam\00089_sam_best.png,D:\uwb thesis\RelatedData\DAVIS-data\DAVIS\SAM_results\cows\selected_by_score_default_no_gt\00089_best.png,cows
90,default_no_gt,2,2,0.9636682599410148,0.9636682599410148,0.0,D:\uwb thesis\RelatedData\DAVIS-data\DAVIS\SAM_results\cows\selected_by_sam\00090_sam_best.png,D:\uwb thesis\RelatedData\DAVIS-data\DAVIS\SAM_results\cows\selected_by_score_default_no_gt\00090_best.png,cows
91,default_no_gt,2,2,0.9712317457041127,0.9712317457041127,0.0,D:\uwb thesis\RelatedData\DAVIS-data\DAVIS\SAM_results\cows\selected_by_sam\00091_sam_best.png,D:\uwb thesis\RelatedData\DAVIS-data\DAVIS\SAM_results\cows\selected_by_score_default_no_gt\00091_best.png,cows
92,default_no_gt,2,2,0.9738261006124692,0.9738261006124692,0.0,D:\uwb thesis\RelatedData\DAVIS-data\DAVIS\SAM_results\cows\selected_by_sam\00092_sam_best.png,D:\uwb thesis\RelatedData\DAVIS-data\DAVIS\SAM_results\cows\selected_by_score_default_no_gt\00092_best.png,cows
93,default_no_gt,2,2,0.973398176938,0.973398176938,0.0,D:\uwb thesis\RelatedData\DAVIS-data\DAVIS\SAM_results\cows\selected_by_sam\00093_sam_best.png,D:\uwb thesis\RelatedData\DAVIS-data\DAVIS\SAM_results\cows\selected_by_score_default_no_gt\00093_best.png,cows
94,default_no_gt,2,2,0.9724540901502504,0.9724540901502504,0.0,D:\uwb thesis\RelatedData\DAVIS-data\DAVIS\SAM_results\cows\selected_by_sam\00094_sam_best.png,D:\uwb thesis\RelatedData\DAVIS-data\DAVIS\SAM_results\cows\selected_by_score_default_no_gt\00094_best.png,cows
95,default_no_gt,2,2,0.970312330549832,0.970312330549832,0.0,D:\uwb thesis\RelatedData\DAVIS-data\DAVIS\SAM_results\cows\selected_by_sam\00095_sam_best.png,D:\uwb thesis\RelatedData\DAVIS-data\DAVIS\SAM_results\cows\selected_by_score_default_no_gt\00095_best.png,cows
96,default_no_gt,2,2,0.9672957002423548,0.9672957002423548,0.0,D:\uwb thesis\RelatedData\DAVIS-data\DAVIS\SAM_results\cows\selected_by_sam\00096_sam_best.png,D:\uwb thesis\RelatedData\DAVIS-data\DAVIS\SAM_results\cows\selected_by_score_default_no_gt\00096_best.png,cows
97,default_no_gt,2,1,0.9743415324336092,0.9722681110358836,-0.0020734213977255,D:\uwb thesis\RelatedData\DAVIS-data\DAVIS\SAM_results\cows\selected_by_sam\00097_sam_best.png,D:\uwb thesis\RelatedData\DAVIS-data\DAVIS\SAM_results\cows\selected_by_score_default_no_gt\00097_best.png,cows
98,default_no_gt,2,1,0.971296895213454,0.9681872909698996,-0.0031096042435544,D:\uwb thesis\RelatedData\DAVIS-data\DAVIS\SAM_results\cows\selected_by_sam\00098_sam_best.png,D:\uwb thesis\RelatedData\DAVIS-data\DAVIS\SAM_results\cows\selected_by_score_default_no_gt\00098_best.png,cows
99,default_no_gt,2,2,0.9599173890594852,0.9599173890594852,0.0,D:\uwb thesis\RelatedData\DAVIS-data\DAVIS\SAM_results\cows\selected_by_sam\00099_sam_best.png,D:\uwb thesis\RelatedData\DAVIS-data\DAVIS\SAM_results\cows\selected_by_score_default_no_gt\00099_best.png,cows
100,default_no_gt,2,1,0.9682071540667784,0.9643557441779258,-0.0038514098888526,D:\uwb thesis\RelatedData\DAVIS-data\DAVIS\SAM_results\cows\selected_by_sam\00100_sam_best.png,D:\uwb thesis\RelatedData\DAVIS-data\DAVIS\SAM_results\cows\selected_by_score_default_no_gt\00100_best.png,cows
101,default_no_gt,2,1,0.9723381487426432,0.9664765946160988,-0.0058615541265444,D:\uwb thesis\RelatedData\DAVIS-data\DAVIS\SAM_results\cows\selected_by_sam\00101_sam_best.png,D:\uwb thesis\RelatedData\DAVIS-data\DAVIS\SAM_results\cows\selected_by_score_default_no_gt\00101_best.png,cows
102,default_no_gt,2,2,0.9709692065272548,0.9709692065272548,0.0,D:\uwb thesis\RelatedData\DAVIS-data\DAVIS\SAM_results\cows\selected_by_sam\00102_sam_best.png,D:\uwb thesis\RelatedData\DAVIS-data\DAVIS\SAM_results\cows\selected_by_score_default_no_gt\00102_best.png,cows
103,default_no_gt,2,1,0.9692167918125216,0.9662637800504716,-0.0029530117620502,D:\uwb thesis\RelatedData\DAVIS-data\DAVIS\SAM_results\cows\selected_by_sam\00103_sam_best.png,D:\uwb thesis\RelatedData\DAVIS-data\DAVIS\SAM_results\cows\selected_by_score_default_no_gt\00103_best.png,cows
0,default_no_gt,5,4,0.93739972495989,0.939257946489824,0.0018582215299339,D:\uwb thesis\RelatedData\DAVIS-data\DAVIS\SAM_results\dance-jump\selected_by_sam\00000_sam_best.png,D:\uwb thesis\RelatedData\DAVIS-data\DAVIS\SAM_results\dance-jump\selected_by_score_default_no_gt\00000_best.png,dance-jump
1,default_no_gt,2,1,0.9325331245832246,0.9353935826408124,0.0028604580575879,D:\uwb thesis\RelatedData\DAVIS-data\DAVIS\SAM_results\dance-jump\selected_by_sam\00001_sam_best.png,D:\uwb thesis\RelatedData\DAVIS-data\DAVIS\SAM_results\dance-jump\selected_by_score_default_no_gt\00001_best.png,dance-jump
2,default_no_gt,8,7,0.9231232497214612,0.9255983506140376,0.0024751008925766,D:\uwb thesis\RelatedData\DAVIS-data\DAVIS\SAM_results\dance-jump\selected_by_sam\00002_sam_best.png,D:\uwb thesis\RelatedData\DAVIS-data\DAVIS\SAM_results\dance-jump\selected_by_score_default_no_gt\00002_best.png,dance-jump
3,default_no_gt,8,7,0.9154095675999118,0.9168884852660256,0.0014789176661139,D:\uwb thesis\RelatedData\DAVIS-data\DAVIS\SAM_results\dance-jump\selected_by_sam\00003_sam_best.png,D:\uwb thesis\RelatedData\DAVIS-data\DAVIS\SAM_results\dance-jump\selected_by_score_default_no_gt\00003_best.png,dance-jump
4,default_no_gt,2,1,0.0005270449343452,0.0008531031627545,0.0003260582284092,D:\uwb thesis\RelatedData\DAVIS-data\DAVIS\SAM_results\dance-jump\selected_by_sam\00004_sam_best.png,D:\uwb thesis\RelatedData\DAVIS-data\DAVIS\SAM_results\dance-jump\selected_by_score_default_no_gt\00004_best.png,dance-jump
5,default_no_gt,8,7,0.8960107250262691,0.9271773121023688,0.0311665870760996,D:\uwb thesis\RelatedData\DAVIS-data\DAVIS\SAM_results\dance-jump\selected_by_sam\00005_sam_best.png,D:\uwb thesis\RelatedData\DAVIS-data\DAVIS\SAM_results\dance-jump\selected_by_score_default_no_gt\00005_best.png,dance-jump
6,default_no_gt,8,10,0.9096119268804316,0.1738530629017582,-0.7357588639786734,D:\uwb thesis\RelatedData\DAVIS-data\DAVIS\SAM_results\dance-jump\selected_by_sam\00006_sam_best.png,D:\uwb thesis\RelatedData\DAVIS-data\DAVIS\SAM_results\dance-jump\selected_by_score_default_no_gt\00006_best.png,dance-jump
7,default_no_gt,8,5,0.9400548070335694,0.0014691772607339,-0.9385856297728352,D:\uwb thesis\RelatedData\DAVIS-data\DAVIS\SAM_results\dance-jump\selected_by_sam\00007_sam_best.png,D:\uwb thesis\RelatedData\DAVIS-data\DAVIS\SAM_results\dance-jump\selected_by_score_default_no_gt\00007_best.png,dance-jump
8,default_no_gt,5,5,0.0014413981562115,0.0014413981562115,0.0,D:\uwb thesis\RelatedData\DAVIS-data\DAVIS\SAM_results\dance-jump\selected_by_sam\00008_sam_best.png,D:\uwb thesis\RelatedData\DAVIS-data\DAVIS\SAM_results\dance-jump\selected_by_score_default_no_gt\00008_best.png,dance-jump
9,default_no_gt,5,4,0.9118135263994348,0.9245394920457716,0.0127259656463367,D:\uwb thesis\RelatedData\DAVIS-data\DAVIS\SAM_results\dance-jump\selected_by_sam\00009_sam_best.png,D:\uwb thesis\RelatedData\DAVIS-data\DAVIS\SAM_results\dance-jump\selected_by_score_default_no_gt\00009_best.png,dance-jump
10,default_no_gt,5,4,0.8953716216216216,0.9134945788156796,0.018122957194058,D:\uwb thesis\RelatedData\DAVIS-data\DAVIS\SAM_results\dance-jump\selected_by_sam\00010_sam_best.png,D:\uwb thesis\RelatedData\DAVIS-data\DAVIS\SAM_results\dance-jump\selected_by_score_default_no_gt\00010_best.png,dance-jump
11,default_no_gt,5,4,0.8784409570362748,0.8960506232510812,0.0176096662148064,D:\uwb thesis\RelatedData\DAVIS-data\DAVIS\SAM_results\dance-jump\selected_by_sam\00011_sam_best.png,D:\uwb thesis\RelatedData\DAVIS-data\DAVIS\SAM_results\dance-jump\selected_by_score_default_no_gt\00011_best.png,dance-jump
12,default_no_gt,5,4,0.8565983372850325,0.8711000178284899,0.0145016805434573,D:\uwb thesis\RelatedData\DAVIS-data\DAVIS\SAM_results\dance-jump\selected_by_sam\00012_sam_best.png,D:\uwb thesis\RelatedData\DAVIS-data\DAVIS\SAM_results\dance-jump\selected_by_score_default_no_gt\00012_best.png,dance-jump
13,default_no_gt,5,4,0.7845056635435603,0.8121220565695974,0.027616393026037,D:\uwb thesis\RelatedData\DAVIS-data\DAVIS\SAM_results\dance-jump\selected_by_sam\00013_sam_best.png,D:\uwb thesis\RelatedData\DAVIS-data\DAVIS\SAM_results\dance-jump\selected_by_score_default_no_gt\00013_best.png,dance-jump
14,default_no_gt,5,4,0.8088813633384313,0.8228653809536762,0.0139840176152449,D:\uwb thesis\RelatedData\DAVIS-data\DAVIS\SAM_results\dance-jump\selected_by_sam\00014_sam_best.png,D:\uwb thesis\RelatedData\DAVIS-data\DAVIS\SAM_results\dance-jump\selected_by_score_default_no_gt\00014_best.png,dance-jump
15,default_no_gt,2,1,0.8153745609018871,0.8507390094301386,0.0353644485282514,D:\uwb thesis\RelatedData\DAVIS-data\DAVIS\SAM_results\dance-jump\selected_by_sam\00015_sam_best.png,D:\uwb thesis\RelatedData\DAVIS-data\DAVIS\SAM_results\dance-jump\selected_by_score_default_no_gt\00015_best.png,dance-jump
16,default_no_gt,2,1,0.7717639045348563,0.8367246937459704,0.064960789211114,D:\uwb thesis\RelatedData\DAVIS-data\DAVIS\SAM_results\dance-jump\selected_by_sam\00016_sam_best.png,D:\uwb thesis\RelatedData\DAVIS-data\DAVIS\SAM_results\dance-jump\selected_by_score_default_no_gt\00016_best.png,dance-jump
17,default_no_gt,14,4,0.7779058927432413,0.8305890509322307,0.0526831581889893,D:\uwb thesis\RelatedData\DAVIS-data\DAVIS\SAM_results\dance-jump\selected_by_sam\00017_sam_best.png,D:\uwb thesis\RelatedData\DAVIS-data\DAVIS\SAM_results\dance-jump\selected_by_score_default_no_gt\00017_best.png,dance-jump
18,default_no_gt,2,13,0.7480272640656683,0.7798665991590904,0.031839335093422,D:\uwb thesis\RelatedData\DAVIS-data\DAVIS\SAM_results\dance-jump\selected_by_sam\00018_sam_best.png,D:\uwb thesis\RelatedData\DAVIS-data\DAVIS\SAM_results\dance-jump\selected_by_score_default_no_gt\00018_best.png,dance-jump
19,default_no_gt,5,13,0.716915995397008,0.8147986392055903,0.0978826438085822,D:\uwb thesis\RelatedData\DAVIS-data\DAVIS\SAM_results\dance-jump\selected_by_sam\00019_sam_best.png,D:\uwb thesis\RelatedData\DAVIS-data\DAVIS\SAM_results\dance-jump\selected_by_score_default_no_gt\00019_best.png,dance-jump
20,default_no_gt,8,7,0.7883893304725216,0.829965881868996,0.0415765513964744,D:\uwb thesis\RelatedData\DAVIS-data\DAVIS\SAM_results\dance-jump\selected_by_sam\00020_sam_best.png,D:\uwb thesis\RelatedData\DAVIS-data\DAVIS\SAM_results\dance-jump\selected_by_score_default_no_gt\00020_best.png,dance-jump
21,default_no_gt,5,5,0.7958525921299188,0.7958525921299188,0.0,D:\uwb thesis\RelatedData\DAVIS-data\DAVIS\SAM_results\dance-jump\selected_by_sam\00021_sam_best.png,D:\uwb thesis\RelatedData\DAVIS-data\DAVIS\SAM_results\dance-jump\selected_by_score_default_no_gt\00021_best.png,dance-jump
22,default_no_gt,8,7,0.7668514214196317,0.7940314347804114,0.0271800133607796,D:\uwb thesis\RelatedData\DAVIS-data\DAVIS\SAM_results\dance-jump\selected_by_sam\00022_sam_best.png,D:\uwb thesis\RelatedData\DAVIS-data\DAVIS\SAM_results\dance-jump\selected_by_score_default_no_gt\00022_best.png,dance-jump
23,default_no_gt,2,11,0.0014594874531159,0.712300464864599,0.710840977411483,D:\uwb thesis\RelatedData\DAVIS-data\DAVIS\SAM_results\dance-jump\selected_by_sam\00023_sam_best.png,D:\uwb thesis\RelatedData\DAVIS-data\DAVIS\SAM_results\dance-jump\selected_by_score_default_no_gt\00023_best.png,dance-jump
24,default_no_gt,8,7,0.7511902125775022,0.7708287895310796,0.0196385769535774,D:\uwb thesis\RelatedData\DAVIS-data\DAVIS\SAM_results\dance-jump\selected_by_sam\00024_sam_best.png,D:\uwb thesis\RelatedData\DAVIS-data\DAVIS\SAM_results\dance-jump\selected_by_score_default_no_gt\00024_best.png,dance-jump
25,default_no_gt,11,7,6.500823437635434e-05,0.7805840120321235,0.7805190037977471,D:\uwb thesis\RelatedData\DAVIS-data\DAVIS\SAM_results\dance-jump\selected_by_sam\00025_sam_best.png,D:\uwb thesis\RelatedData\DAVIS-data\DAVIS\SAM_results\dance-jump\selected_by_score_default_no_gt\00025_best.png,dance-jump
26,default_no_gt,8,7,0.7356254912806778,0.7804386621380461,0.0448131708573683,D:\uwb thesis\RelatedData\DAVIS-data\DAVIS\SAM_results\dance-jump\selected_by_sam\00026_sam_best.png,D:\uwb thesis\RelatedData\DAVIS-data\DAVIS\SAM_results\dance-jump\selected_by_score_default_no_gt\00026_best.png,dance-jump
27,default_no_gt,14,7,6.84931506849315e-05,0.7525286780100853,0.7524601848594004,D:\uwb thesis\RelatedData\DAVIS-data\DAVIS\SAM_results\dance-jump\selected_by_sam\00027_sam_best.png,D:\uwb thesis\RelatedData\DAVIS-data\DAVIS\SAM_results\dance-jump\selected_by_score_default_no_gt\00027_best.png,dance-jump
28,default_no_gt,5,4,0.6956038528031613,0.7856044386816633,0.090000585878502,D:\uwb thesis\RelatedData\DAVIS-data\DAVIS\SAM_results\dance-jump\selected_by_sam\00028_sam_best.png,D:\uwb thesis\RelatedData\DAVIS-data\DAVIS\SAM_results\dance-jump\selected_by_score_default_no_gt\00028_best.png,dance-jump
29,default_no_gt,5,4,0.698007843137255,0.770345801854923,0.072337958717668,D:\uwb thesis\RelatedData\DAVIS-data\DAVIS\SAM_results\dance-jump\selected_by_sam\00029_sam_best.png,D:\uwb thesis\RelatedData\DAVIS-data\DAVIS\SAM_results\dance-jump\selected_by_score_default_no_gt\00029_best.png,dance-jump
30,default_no_gt,5,4,0.7269563581640331,0.7957471652890022,0.0687908071249691,D:\uwb thesis\RelatedData\DAVIS-data\DAVIS\SAM_results\dance-jump\selected_by_sam\00030_sam_best.png,D:\uwb thesis\RelatedData\DAVIS-data\DAVIS\SAM_results\dance-jump\selected_by_score_default_no_gt\00030_best.png,dance-jump
31,default_no_gt,5,4,0.7458833160164983,0.801192232055064,0.0553089160385656,D:\uwb thesis\RelatedData\DAVIS-data\DAVIS\SAM_results\dance-jump\selected_by_sam\00031_sam_best.png,D:\uwb thesis\RelatedData\DAVIS-data\DAVIS\SAM_results\dance-jump\selected_by_score_default_no_gt\00031_best.png,dance-jump
32,default_no_gt,5,4,0.7451089648340763,0.799568244701876,0.0544592798677997,D:\uwb thesis\RelatedData\DAVIS-data\DAVIS\SAM_results\dance-jump\selected_by_sam\00032_sam_best.png,D:\uwb thesis\RelatedData\DAVIS-data\DAVIS\SAM_results\dance-jump\selected_by_score_default_no_gt\00032_best.png,dance-jump
33,default_no_gt,5,4,0.7435787801972941,0.7835079237174322,0.0399291435201381,D:\uwb thesis\RelatedData\DAVIS-data\DAVIS\SAM_results\dance-jump\selected_by_sam\00033_sam_best.png,D:\uwb thesis\RelatedData\DAVIS-data\DAVIS\SAM_results\dance-jump\selected_by_score_default_no_gt\00033_best.png,dance-jump
34,default_no_gt,5,4,0.7402063738471373,0.7802149009857029,0.0400085271385656,D:\uwb thesis\RelatedData\DAVIS-data\DAVIS\SAM_results\dance-jump\selected_by_sam\00034_sam_best.png,D:\uwb thesis\RelatedData\DAVIS-data\DAVIS\SAM_results\dance-jump\selected_by_score_default_no_gt\00034_best.png,dance-jump
35,default_no_gt,5,4,0.7455481789414904,0.7861212739159119,0.0405730949744215,D:\uwb thesis\RelatedData\DAVIS-data\DAVIS\SAM_results\dance-jump\selected_by_sam\00035_sam_best.png,D:\uwb thesis\RelatedData\DAVIS-data\DAVIS\SAM_results\dance-jump\selected_by_score_default_no_gt\00035_best.png,dance-jump
36,default_no_gt,5,13,0.7393015873015873,0.2581630087287618,-0.4811385785728255,D:\uwb thesis\RelatedData\DAVIS-data\DAVIS\SAM_results\dance-jump\selected_by_sam\00036_sam_best.png,D:\uwb thesis\RelatedData\DAVIS-data\DAVIS\SAM_results\dance-jump\selected_by_score_default_no_gt\00036_best.png,dance-jump
37,default_no_gt,5,4,0.7549655978190315,0.7897590172667732,0.0347934194477417,D:\uwb thesis\RelatedData\DAVIS-data\DAVIS\SAM_results\dance-jump\selected_by_sam\00037_sam_best.png,D:\uwb thesis\RelatedData\DAVIS-data\DAVIS\SAM_results\dance-jump\selected_by_score_default_no_gt\00037_best.png,dance-jump
38,default_no_gt,2,1,0.7682550449381041,0.8052147741027906,0.0369597291646864,D:\uwb thesis\RelatedData\DAVIS-data\DAVIS\SAM_results\dance-jump\selected_by_sam\00038_sam_best.png,D:\uwb thesis\RelatedData\DAVIS-data\DAVIS\SAM_results\dance-jump\selected_by_score_default_no_gt\00038_best.png,dance-jump
39,default_no_gt,2,1,0.777367173337052,0.7896834860822459,0.0123163127451939,D:\uwb thesis\RelatedData\DAVIS-data\DAVIS\SAM_results\dance-jump\selected_by_sam\00039_sam_best.png,D:\uwb thesis\RelatedData\DAVIS-data\DAVIS\SAM_results\dance-jump\selected_by_score_default_no_gt\00039_best.png,dance-jump
40,default_no_gt,5,10,0.7882692578510069,0.4518399264029439,-0.336429331448063,D:\uwb thesis\RelatedData\DAVIS-data\DAVIS\SAM_results\dance-jump\selected_by_sam\00040_sam_best.png,D:\uwb thesis\RelatedData\DAVIS-data\DAVIS\SAM_results\dance-jump\selected_by_score_default_no_gt\00040_best.png,dance-jump
41,default_no_gt,5,10,0.8079310095980371,0.3586529504677818,-0.4492780591302553,D:\uwb thesis\RelatedData\DAVIS-data\DAVIS\SAM_results\dance-jump\selected_by_sam\00041_sam_best.png,D:\uwb thesis\RelatedData\DAVIS-data\DAVIS\SAM_results\dance-jump\selected_by_score_default_no_gt\00041_best.png,dance-jump
42,default_no_gt,5,10,0.8215591633757496,0.5246264959716319,-0.2969326674041177,D:\uwb thesis\RelatedData\DAVIS-data\DAVIS\SAM_results\dance-jump\selected_by_sam\00042_sam_best.png,D:\uwb thesis\RelatedData\DAVIS-data\DAVIS\SAM_results\dance-jump\selected_by_score_default_no_gt\00042_best.png,dance-jump
43,default_no_gt,5,4,0.8255988297677821,0.8158539220629547,-0.0097449077048273,D:\uwb thesis\RelatedData\DAVIS-data\DAVIS\SAM_results\dance-jump\selected_by_sam\00043_sam_best.png,D:\uwb thesis\RelatedData\DAVIS-data\DAVIS\SAM_results\dance-jump\selected_by_score_default_no_gt\00043_best.png,dance-jump
44,default_no_gt,5,4,0.8278588583040828,0.821633054957879,-0.0062258033462038,D:\uwb thesis\RelatedData\DAVIS-data\DAVIS\SAM_results\dance-jump\selected_by_sam\00044_sam_best.png,D:\uwb thesis\RelatedData\DAVIS-data\DAVIS\SAM_results\dance-jump\selected_by_score_default_no_gt\00044_best.png,dance-jump
45,default_no_gt,5,4,0.8348313339099696,0.8287808871688003,-0.0060504467411692,D:\uwb thesis\RelatedData\DAVIS-data\DAVIS\SAM_results\dance-jump\selected_by_sam\00045_sam_best.png,D:\uwb thesis\RelatedData\DAVIS-data\DAVIS\SAM_results\dance-jump\selected_by_score_default_no_gt\00045_best.png,dance-jump
46,default_no_gt,8,7,0.8316499599801807,0.8243080625752106,-0.00734189740497,D:\uwb thesis\RelatedData\DAVIS-data\DAVIS\SAM_results\dance-jump\selected_by_sam\00046_sam_best.png,D:\uwb thesis\RelatedData\DAVIS-data\DAVIS\SAM_results\dance-jump\selected_by_score_default_no_gt\00046_best.png,dance-jump
47,default_no_gt,5,4,0.8309634809634809,0.8248063204725014,-0.0061571604909795,D:\uwb thesis\RelatedData\DAVIS-data\DAVIS\SAM_results\dance-jump\selected_by_sam\00047_sam_best.png,D:\uwb thesis\RelatedData\DAVIS-data\DAVIS\SAM_results\dance-jump\selected_by_score_default_no_gt\00047_best.png,dance-jump
48,default_no_gt,8,7,0.8257810083513765,0.8192191733770943,-0.0065618349742821,D:\uwb thesis\RelatedData\DAVIS-data\DAVIS\SAM_results\dance-jump\selected_by_sam\00048_sam_best.png,D:\uwb thesis\RelatedData\DAVIS-data\DAVIS\SAM_results\dance-jump\selected_by_score_default_no_gt\00048_best.png,dance-jump
49,default_no_gt,5,5,0.8270068694798822,0.8270068694798822,0.0,D:\uwb thesis\RelatedData\DAVIS-data\DAVIS\SAM_results\dance-jump\selected_by_sam\00049_sam_best.png,D:\uwb thesis\RelatedData\DAVIS-data\DAVIS\SAM_results\dance-jump\selected_by_score_default_no_gt\00049_best.png,dance-jump
50,default_no_gt,5,5,0.8475834906047428,0.8475834906047428,0.0,D:\uwb thesis\RelatedData\DAVIS-data\DAVIS\SAM_results\dance-jump\selected_by_sam\00050_sam_best.png,D:\uwb thesis\RelatedData\DAVIS-data\DAVIS\SAM_results\dance-jump\selected_by_score_default_no_gt\00050_best.png,dance-jump
51,default_no_gt,5,5,0.8094358167878907,0.8094358167878907,0.0,D:\uwb thesis\RelatedData\DAVIS-data\DAVIS\SAM_results\dance-jump\selected_by_sam\00051_sam_best.png,D:\uwb thesis\RelatedData\DAVIS-data\DAVIS\SAM_results\dance-jump\selected_by_score_default_no_gt\00051_best.png,dance-jump
52,default_no_gt,5,4,0.814077454266446,0.8077583796092845,-0.0063190746571614,D:\uwb thesis\RelatedData\DAVIS-data\DAVIS\SAM_results\dance-jump\selected_by_sam\00052_sam_best.png,D:\uwb thesis\RelatedData\DAVIS-data\DAVIS\SAM_results\dance-jump\selected_by_score_default_no_gt\00052_best.png,dance-jump
53,default_no_gt,5,4,0.812605910312048,0.8031617976612476,-0.0094441126508003,D:\uwb thesis\RelatedData\DAVIS-data\DAVIS\SAM_results\dance-jump\selected_by_sam\00053_sam_best.png,D:\uwb thesis\RelatedData\DAVIS-data\DAVIS\SAM_results\dance-jump\selected_by_score_default_no_gt\00053_best.png,dance-jump
54,default_no_gt,5,7,0.8093027218128381,0.1836303939962476,-0.6256723278165905,D:\uwb thesis\RelatedData\DAVIS-data\DAVIS\SAM_results\dance-jump\selected_by_sam\00054_sam_best.png,D:\uwb thesis\RelatedData\DAVIS-data\DAVIS\SAM_results\dance-jump\selected_by_score_default_no_gt\00054_best.png,dance-jump
55,default_no_gt,8,4,0.8105023829303485,0.2025400575943291,-0.6079623253360193,D:\uwb thesis\RelatedData\DAVIS-data\DAVIS\SAM_results\dance-jump\selected_by_sam\00055_sam_best.png,D:\uwb thesis\RelatedData\DAVIS-data\DAVIS\SAM_results\dance-jump\selected_by_score_default_no_gt\00055_best.png,dance-jump
56,default_no_gt,8,4,0.8074247995392726,0.3135374248093102,-0.4938873747299624,D:\uwb thesis\RelatedData\DAVIS-data\DAVIS\SAM_results\dance-jump\selected_by_sam\00056_sam_best.png,D:\uwb thesis\RelatedData\DAVIS-data\DAVIS\SAM_results\dance-jump\selected_by_score_default_no_gt\00056_best.png,dance-jump
57,default_no_gt,8,7,0.8139346475830408,0.8058813077469794,-0.0080533398360613,D:\uwb thesis\RelatedData\DAVIS-data\DAVIS\SAM_results\dance-jump\selected_by_sam\00057_sam_best.png,D:\uwb thesis\RelatedData\DAVIS-data\DAVIS\SAM_results\dance-jump\selected_by_score_default_no_gt\00057_best.png,dance-jump
58,default_no_gt,5,7,0.0,0.06911866759195,0.06911866759195,D:\uwb thesis\RelatedData\DAVIS-data\DAVIS\SAM_results\dance-jump\selected_by_sam\00058_sam_best.png,D:\uwb thesis\RelatedData\DAVIS-data\DAVIS\SAM_results\dance-jump\selected_by_score_default_no_gt\00058_best.png,dance-jump
59,default_no_gt,2,1,0.0009315520928164,0.005239896113364,0.0043083440205475,D:\uwb thesis\RelatedData\DAVIS-data\DAVIS\SAM_results\dance-jump\selected_by_sam\00059_sam_best.png,D:\uwb thesis\RelatedData\DAVIS-data\DAVIS\SAM_results\dance-jump\selected_by_score_default_no_gt\00059_best.png,dance-jump
0,default_no_gt,2,1,0.9157637337155866,0.9081914498907532,-0.0075722838248334,D:\uwb thesis\RelatedData\DAVIS-data\DAVIS\SAM_results\dance-twirl\selected_by_sam\00000_sam_best.png,D:\uwb thesis\RelatedData\DAVIS-data\DAVIS\SAM_results\dance-twirl\selected_by_score_default_no_gt\00000_best.png,dance-twirl
1,default_no_gt,2,1,0.9241698331405914,0.9145147645328928,-0.0096550686076984,D:\uwb thesis\RelatedData\DAVIS-data\DAVIS\SAM_results\dance-twirl\selected_by_sam\00001_sam_best.png,D:\uwb thesis\RelatedData\DAVIS-data\DAVIS\SAM_results\dance-twirl\selected_by_score_default_no_gt\00001_best.png,dance-twirl
2,default_no_gt,2,1,0.9045505438259756,0.9214178692532136,0.0168673254272377,D:\uwb thesis\RelatedData\DAVIS-data\DAVIS\SAM_results\dance-twirl\selected_by_sam\00002_sam_best.png,D:\uwb thesis\RelatedData\DAVIS-data\DAVIS\SAM_results\dance-twirl\selected_by_score_default_no_gt\00002_best.png,dance-twirl
3,default_no_gt,5,1,0.0,0.9389052566289348,0.9389052566289348,D:\uwb thesis\RelatedData\DAVIS-data\DAVIS\SAM_results\dance-twirl\selected_by_sam\00003_sam_best.png,D:\uwb thesis\RelatedData\DAVIS-data\DAVIS\SAM_results\dance-twirl\selected_by_score_default_no_gt\00003_best.png,dance-twirl
4,default_no_gt,2,1,0.9040462427745664,0.9286096461056332,0.0245634033310667,D:\uwb thesis\RelatedData\DAVIS-data\DAVIS\SAM_results\dance-twirl\selected_by_sam\00004_sam_best.png,D:\uwb thesis\RelatedData\DAVIS-data\DAVIS\SAM_results\dance-twirl\selected_by_score_default_no_gt\00004_best.png,dance-twirl
5,default_no_gt,5,1,0.0,0.9218459671608964,0.9218459671608964,D:\uwb thesis\RelatedData\DAVIS-data\DAVIS\SAM_results\dance-twirl\selected_by_sam\00005_sam_best.png,D:\uwb thesis\RelatedData\DAVIS-data\DAVIS\SAM_results\dance-twirl\selected_by_score_default_no_gt\00005_best.png,dance-twirl
6,default_no_gt,5,1,0.0,0.928671913615452,0.928671913615452,D:\uwb thesis\RelatedData\DAVIS-data\DAVIS\SAM_results\dance-twirl\selected_by_sam\00006_sam_best.png,D:\uwb thesis\RelatedData\DAVIS-data\DAVIS\SAM_results\dance-twirl\selected_by_score_default_no_gt\00006_best.png,dance-twirl
7,default_no_gt,5,1,0.0,0.9373244584663922,0.9373244584663922,D:\uwb thesis\RelatedData\DAVIS-data\DAVIS\SAM_results\dance-twirl\selected_by_sam\00007_sam_best.png,D:\uwb thesis\RelatedData\DAVIS-data\DAVIS\SAM_results\dance-twirl\selected_by_score_default_no_gt\00007_best.png,dance-twirl
8,default_no_gt,2,1,0.938985039601056,0.9455772387379172,0.0065921991368611,D:\uwb thesis\RelatedData\DAVIS-data\DAVIS\SAM_results\dance-twirl\selected_by_sam\00008_sam_best.png,D:\uwb thesis\RelatedData\DAVIS-data\DAVIS\SAM_results\dance-twirl\selected_by_score_default_no_gt\00008_best.png,dance-twirl
9,default_no_gt,5,1,0.0,0.9280724623149168,0.9280724623149168,D:\uwb thesis\RelatedData\DAVIS-data\DAVIS\SAM_results\dance-twirl\selected_by_sam\00009_sam_best.png,D:\uwb thesis\RelatedData\DAVIS-data\DAVIS\SAM_results\dance-twirl\selected_by_score_default_no_gt\00009_best.png,dance-twirl
10,default_no_gt,5,1,0.0,0.9389669826740764,0.9389669826740764,D:\uwb thesis\RelatedData\DAVIS-data\DAVIS\SAM_results\dance-twirl\selected_by_sam\00010_sam_best.png,D:\uwb thesis\RelatedData\DAVIS-data\DAVIS\SAM_results\dance-twirl\selected_by_score_default_no_gt\00010_best.png,dance-twirl
11,default_no_gt,5,1,0.0,0.9443845861325896,0.9443845861325896,D:\uwb thesis\RelatedData\DAVIS-data\DAVIS\SAM_results\dance-twirl\selected_by_sam\00011_sam_best.png,D:\uwb thesis\RelatedData\DAVIS-data\DAVIS\SAM_results\dance-twirl\selected_by_score_default_no_gt\00011_best.png,dance-twirl
12,default_no_gt,5,1,0.0,0.9443171969790763,0.9443171969790763,D:\uwb thesis\RelatedData\DAVIS-data\DAVIS\SAM_results\dance-twirl\selected_by_sam\00012_sam_best.png,D:\uwb thesis\RelatedData\DAVIS-data\DAVIS\SAM_results\dance-twirl\selected_by_score_default_no_gt\00012_best.png,dance-twirl
13,default_no_gt,5,1,0.0,0.939529946929492,0.939529946929492,D:\uwb thesis\RelatedData\DAVIS-data\DAVIS\SAM_results\dance-twirl\selected_by_sam\00013_sam_best.png,D:\uwb thesis\RelatedData\DAVIS-data\DAVIS\SAM_results\dance-twirl\selected_by_score_default_no_gt\00013_best.png,dance-twirl
14,default_no_gt,5,1,0.0,0.9324332693379576,0.9324332693379576,D:\uwb thesis\RelatedData\DAVIS-data\DAVIS\SAM_results\dance-twirl\selected_by_sam\00014_sam_best.png,D:\uwb thesis\RelatedData\DAVIS-data\DAVIS\SAM_results\dance-twirl\selected_by_score_default_no_gt\00014_best.png,dance-twirl
15,default_no_gt,8,1,0.0,0.9272829940082192,0.9272829940082192,D:\uwb thesis\RelatedData\DAVIS-data\DAVIS\SAM_results\dance-twirl\selected_by_sam\00015_sam_best.png,D:\uwb thesis\RelatedData\DAVIS-data\DAVIS\SAM_results\dance-twirl\selected_by_score_default_no_gt\00015_best.png,dance-twirl
16,default_no_gt,1,1,0.9318498398105586,0.9318498398105586,0.0,D:\uwb thesis\RelatedData\DAVIS-data\DAVIS\SAM_results\dance-twirl\selected_by_sam\00016_sam_best.png,D:\uwb thesis\RelatedData\DAVIS-data\DAVIS\SAM_results\dance-twirl\selected_by_score_default_no_gt\00016_best.png,dance-twirl
17,default_no_gt,5,1,0.0,0.9361539636474722,0.9361539636474722,D:\uwb thesis\RelatedData\DAVIS-data\DAVIS\SAM_results\dance-twirl\selected_by_sam\00017_sam_best.png,D:\uwb thesis\RelatedData\DAVIS-data\DAVIS\SAM_results\dance-twirl\selected_by_score_default_no_gt\00017_best.png,dance-twirl
18,default_no_gt,5,1,0.0,0.917016261137081,0.917016261137081,D:\uwb thesis\RelatedData\DAVIS-data\DAVIS\SAM_results\dance-twirl\selected_by_sam\00018_sam_best.png,D:\uwb thesis\RelatedData\DAVIS-data\DAVIS\SAM_results\dance-twirl\selected_by_score_default_no_gt\00018_best.png,dance-twirl
19,default_no_gt,8,1,0.0,0.934422768347268,0.934422768347268,D:\uwb thesis\RelatedData\DAVIS-data\DAVIS\SAM_results\dance-twirl\selected_by_sam\00019_sam_best.png,D:\uwb thesis\RelatedData\DAVIS-data\DAVIS\SAM_results\dance-twirl\selected_by_score_default_no_gt\00019_best.png,dance-twirl
20,default_no_gt,2,2,0.9246070079915694,0.9246070079915694,0.0,D:\uwb thesis\RelatedData\DAVIS-data\DAVIS\SAM_results\dance-twirl\selected_by_sam\00020_sam_best.png,D:\uwb thesis\RelatedData\DAVIS-data\DAVIS\SAM_results\dance-twirl\selected_by_score_default_no_gt\00020_best.png,dance-twirl
21,default_no_gt,2,1,0.9032608695652172,0.9012174515835536,-0.0020434179816637,D:\uwb thesis\RelatedData\DAVIS-data\DAVIS\SAM_results\dance-twirl\selected_by_sam\00021_sam_best.png,D:\uwb thesis\RelatedData\DAVIS-data\DAVIS\SAM_results\dance-twirl\selected_by_score_default_no_gt\00021_best.png,dance-twirl
22,default_no_gt,5,1,0.0,0.9034757390815046,0.9034757390815046,D:\uwb thesis\RelatedData\DAVIS-data\DAVIS\SAM_results\dance-twirl\selected_by_sam\00022_sam_best.png,D:\uwb thesis\RelatedData\DAVIS-data\DAVIS\SAM_results\dance-twirl\selected_by_score_default_no_gt\00022_best.png,dance-twirl
23,default_no_gt,2,1,0.9059224957348282,0.9049200847294436,-0.0010024110053846,D:\uwb thesis\RelatedData\DAVIS-data\DAVIS\SAM_results\dance-twirl\selected_by_sam\00023_sam_best.png,D:\uwb thesis\RelatedData\DAVIS-data\DAVIS\SAM_results\dance-twirl\selected_by_score_default_no_gt\00023_best.png,dance-twirl
24,default_no_gt,5,1,0.0,0.904707390786702,0.904707390786702,D:\uwb thesis\RelatedData\DAVIS-data\DAVIS\SAM_results\dance-twirl\selected_by_sam\00024_sam_best.png,D:\uwb thesis\RelatedData\DAVIS-data\DAVIS\SAM_results\dance-twirl\selected_by_score_default_no_gt\00024_best.png,dance-twirl
25,default_no_gt,5,1,0.0,0.9064415853553234,0.9064415853553234,D:\uwb thesis\RelatedData\DAVIS-data\DAVIS\SAM_results\dance-twirl\selected_by_sam\00025_sam_best.png,D:\uwb thesis\RelatedData\DAVIS-data\DAVIS\SAM_results\dance-twirl\selected_by_score_default_no_gt\00025_best.png,dance-twirl
26,default_no_gt,1,1,0.9198818066694808,0.9198818066694808,0.0,D:\uwb thesis\RelatedData\DAVIS-data\DAVIS\SAM_results\dance-twirl\selected_by_sam\00026_sam_best.png,D:\uwb thesis\RelatedData\DAVIS-data\DAVIS\SAM_results\dance-twirl\selected_by_score_default_no_gt\00026_best.png,dance-twirl
27,default_no_gt,5,1,0.0,0.9240871236386932,0.9240871236386932,D:\uwb thesis\RelatedData\DAVIS-data\DAVIS\SAM_results\dance-twirl\selected_by_sam\00027_sam_best.png,D:\uwb thesis\RelatedData\DAVIS-data\DAVIS\SAM_results\dance-twirl\selected_by_score_default_no_gt\00027_best.png,dance-twirl
28,default_no_gt,5,1,4.983305925150745e-05,0.9187075217374796,0.918657688678228,D:\uwb thesis\RelatedData\DAVIS-data\DAVIS\SAM_results\dance-twirl\selected_by_sam\00028_sam_best.png,D:\uwb thesis\RelatedData\DAVIS-data\DAVIS\SAM_results\dance-twirl\selected_by_score_default_no_gt\00028_best.png,dance-twirl
29,default_no_gt,2,4,0.0005580763351369,0.9276521615472128,0.9270940852120758,D:\uwb thesis\RelatedData\DAVIS-data\DAVIS\SAM_results\dance-twirl\selected_by_sam\00029_sam_best.png,D:\uwb thesis\RelatedData\DAVIS-data\DAVIS\SAM_results\dance-twirl\selected_by_score_default_no_gt\00029_best.png,dance-twirl
30,default_no_gt,2,1,0.9162463855826776,0.919782506544942,0.0035361209622642,D:\uwb thesis\RelatedData\DAVIS-data\DAVIS\SAM_results\dance-twirl\selected_by_sam\00030_sam_best.png,D:\uwb thesis\RelatedData\DAVIS-data\DAVIS\SAM_results\dance-twirl\selected_by_score_default_no_gt\00030_best.png,dance-twirl
31,default_no_gt,5,1,0.0001869901596428,0.905178078591142,0.9049910884314992,D:\uwb thesis\RelatedData\DAVIS-data\DAVIS\SAM_results\dance-twirl\selected_by_sam\00031_sam_best.png,D:\uwb thesis\RelatedData\DAVIS-data\DAVIS\SAM_results\dance-twirl\selected_by_score_default_no_gt\00031_best.png,dance-twirl
32,default_no_gt,5,1,0.0034316605946644,0.8790553891261393,0.8756237285314749,D:\uwb thesis\RelatedData\DAVIS-data\DAVIS\SAM_results\dance-twirl\selected_by_sam\00032_sam_best.png,D:\uwb thesis\RelatedData\DAVIS-data\DAVIS\SAM_results\dance-twirl\selected_by_score_default_no_gt\00032_best.png,dance-twirl
33,default_no_gt,5,2,0.0030907087066941,0.8278100993217833,0.8247193906150891,D:\uwb thesis\RelatedData\DAVIS-data\DAVIS\SAM_results\dance-twirl\selected_by_sam\00033_sam_best.png,D:\uwb thesis\RelatedData\DAVIS-data\DAVIS\SAM_results\dance-twirl\selected_by_score_default_no_gt\00033_best.png,dance-twirl
34,default_no_gt,5,1,0.0020155075522253,0.8865129997114737,0.8844974921592483,D:\uwb thesis\RelatedData\DAVIS-data\DAVIS\SAM_results\dance-twirl\selected_by_sam\00034_sam_best.png,D:\uwb thesis\RelatedData\DAVIS-data\DAVIS\SAM_results\dance-twirl\selected_by_score_default_no_gt\00034_best.png,dance-twirl
35,default_no_gt,8,3,0.0,0.0551744378003595,0.0551744378003595,D:\uwb thesis\RelatedData\DAVIS-data\DAVIS\SAM_results\dance-twirl\selected_by_sam\00035_sam_best.png,D:\uwb thesis\RelatedData\DAVIS-data\DAVIS\SAM_results\dance-twirl\selected_by_score_default_no_gt\00035_best.png,dance-twirl
36,default_no_gt,8,3,0.0011725669236334,0.0612714508580343,0.0600988839344008,D:\uwb thesis\RelatedData\DAVIS-data\DAVIS\SAM_results\dance-twirl\selected_by_sam\00036_sam_best.png,D:\uwb thesis\RelatedData\DAVIS-data\DAVIS\SAM_results\dance-twirl\selected_by_score_default_no_gt\00036_best.png,dance-twirl
37,default_no_gt,8,3,0.0,0.0640038888438791,0.0640038888438791,D:\uwb thesis\RelatedData\DAVIS-data\DAVIS\SAM_results\dance-twirl\selected_by_sam\00037_sam_best.png,D:\uwb thesis\RelatedData\DAVIS-data\DAVIS\SAM_results\dance-twirl\selected_by_score_default_no_gt\00037_best.png,dance-twirl
38,default_no_gt,5,1,0.0,0.8855487414876406,0.8855487414876406,D:\uwb thesis\RelatedData\DAVIS-data\DAVIS\SAM_results\dance-twirl\selected_by_sam\00038_sam_best.png,D:\uwb thesis\RelatedData\DAVIS-data\DAVIS\SAM_results\dance-twirl\selected_by_score_default_no_gt\00038_best.png,dance-twirl
39,default_no_gt,5,1,0.0,0.8890391964557476,0.8890391964557476,D:\uwb thesis\RelatedData\DAVIS-data\DAVIS\SAM_results\dance-twirl\selected_by_sam\00039_sam_best.png,D:\uwb thesis\RelatedData\DAVIS-data\DAVIS\SAM_results\dance-twirl\selected_by_score_default_no_gt\00039_best.png,dance-twirl
40,default_no_gt,2,1,0.8329207920792079,0.8670924093452625,0.0341716172660546,D:\uwb thesis\RelatedData\DAVIS-data\DAVIS\SAM_results\dance-twirl\selected_by_sam\00040_sam_best.png,D:\uwb thesis\RelatedData\DAVIS-data\DAVIS\SAM_results\dance-twirl\selected_by_score_default_no_gt\00040_best.png,dance-twirl
41,default_no_gt,2,1,0.7156763515122648,0.9188960774028092,0.2032197258905445,D:\uwb thesis\RelatedData\DAVIS-data\DAVIS\SAM_results\dance-twirl\selected_by_sam\00041_sam_best.png,D:\uwb thesis\RelatedData\DAVIS-data\DAVIS\SAM_results\dance-twirl\selected_by_score_default_no_gt\00041_best.png,dance-twirl
42,default_no_gt,5,1,0.0,0.9270789977524349,0.9270789977524349,D:\uwb thesis\RelatedData\DAVIS-data\DAVIS\SAM_results\dance-twirl\selected_by_sam\00042_sam_best.png,D:\uwb thesis\RelatedData\DAVIS-data\DAVIS\SAM_results\dance-twirl\selected_by_score_default_no_gt\00042_best.png,dance-twirl
43,default_no_gt,5,1,0.0,0.9303651454482776,0.9303651454482776,D:\uwb thesis\RelatedData\DAVIS-data\DAVIS\SAM_results\dance-twirl\selected_by_sam\00043_sam_best.png,D:\uwb thesis\RelatedData\DAVIS-data\DAVIS\SAM_results\dance-twirl\selected_by_score_default_no_gt\00043_best.png,dance-twirl
44,default_no_gt,5,1,0.0,0.9280161773202374,0.9280161773202374,D:\uwb thesis\RelatedData\DAVIS-data\DAVIS\SAM_results\dance-twirl\selected_by_sam\00044_sam_best.png,D:\uwb thesis\RelatedData\DAVIS-data\DAVIS\SAM_results\dance-twirl\selected_by_score_default_no_gt\00044_best.png,dance-twirl
45,default_no_gt,5,1,0.0,0.9099919356936604,0.9099919356936604,D:\uwb thesis\RelatedData\DAVIS-data\DAVIS\SAM_results\dance-twirl\selected_by_sam\00045_sam_best.png,D:\uwb thesis\RelatedData\DAVIS-data\DAVIS\SAM_results\dance-twirl\selected_by_score_default_no_gt\00045_best.png,dance-twirl
46,default_no_gt,5,1,0.0,0.9148315133825023,0.9148315133825023,D:\uwb thesis\RelatedData\DAVIS-data\DAVIS\SAM_results\dance-twirl\selected_by_sam\00046_sam_best.png,D:\uwb thesis\RelatedData\DAVIS-data\DAVIS\SAM_results\dance-twirl\selected_by_score_default_no_gt\00046_best.png,dance-twirl
47,default_no_gt,5,1,0.0,0.9057370601499816,0.9057370601499816,D:\uwb thesis\RelatedData\DAVIS-data\DAVIS\SAM_results\dance-twirl\selected_by_sam\00047_sam_best.png,D:\uwb thesis\RelatedData\DAVIS-data\DAVIS\SAM_results\dance-twirl\selected_by_score_default_no_gt\00047_best.png,dance-twirl
48,default_no_gt,5,1,0.0,0.8982291666666666,0.8982291666666666,D:\uwb thesis\RelatedData\DAVIS-data\DAVIS\SAM_results\dance-twirl\selected_by_sam\00048_sam_best.png,D:\uwb thesis\RelatedData\DAVIS-data\DAVIS\SAM_results\dance-twirl\selected_by_score_default_no_gt\00048_best.png,dance-twirl
49,default_no_gt,1,1,0.9072253210533144,0.9072253210533144,0.0,D:\uwb thesis\RelatedData\DAVIS-data\DAVIS\SAM_results\dance-twirl\selected_by_sam\00049_sam_best.png,D:\uwb thesis\RelatedData\DAVIS-data\DAVIS\SAM_results\dance-twirl\selected_by_score_default_no_gt\00049_best.png,dance-twirl
50,default_no_gt,5,1,0.0,0.9277730452515552,0.9277730452515552,D:\uwb thesis\RelatedData\DAVIS-data\DAVIS\SAM_results\dance-twirl\selected_by_sam\00050_sam_best.png,D:\uwb thesis\RelatedData\DAVIS-data\DAVIS\SAM_results\dance-twirl\selected_by_score_default_no_gt\00050_best.png,dance-twirl
51,default_no_gt,2,1,0.8125436260696466,0.9253195093158136,0.1127758832461671,D:\uwb thesis\RelatedData\DAVIS-data\DAVIS\SAM_results\dance-twirl\selected_by_sam\00051_sam_best.png,D:\uwb thesis\RelatedData\DAVIS-data\DAVIS\SAM_results\dance-twirl\selected_by_score_default_no_gt\00051_best.png,dance-twirl
52,default_no_gt,5,1,0.0,0.9168440176485856,0.9168440176485856,D:\uwb thesis\RelatedData\DAVIS-data\DAVIS\SAM_results\dance-twirl\selected_by_sam\00052_sam_best.png,D:\uwb thesis\RelatedData\DAVIS-data\DAVIS\SAM_results\dance-twirl\selected_by_score_default_no_gt\00052_best.png,dance-twirl
53,default_no_gt,2,1,0.8398621451685039,0.922074197669265,0.0822120525007611,D:\uwb thesis\RelatedData\DAVIS-data\DAVIS\SAM_results\dance-twirl\selected_by_sam\00053_sam_best.png,D:\uwb thesis\RelatedData\DAVIS-data\DAVIS\SAM_results\dance-twirl\selected_by_score_default_no_gt\00053_best.png,dance-twirl
54,default_no_gt,5,1,0.0,0.9395936009277074,0.9395936009277074,D:\uwb thesis\RelatedData\DAVIS-data\DAVIS\SAM_results\dance-twirl\selected_by_sam\00054_sam_best.png,D:\uwb thesis\RelatedData\DAVIS-data\DAVIS\SAM_results\dance-twirl\selected_by_score_default_no_gt\00054_best.png,dance-twirl
55,default_no_gt,2,1,0.8895470575270003,0.9425343811394892,0.0529873236124889,D:\uwb thesis\RelatedData\DAVIS-data\DAVIS\SAM_results\dance-twirl\selected_by_sam\00055_sam_best.png,D:\uwb thesis\RelatedData\DAVIS-data\DAVIS\SAM_results\dance-twirl\selected_by_score_default_no_gt\00055_best.png,dance-twirl
56,default_no_gt,2,1,0.9227771773138403,0.9323208700797384,0.0095436927658981,D:\uwb thesis\RelatedData\DAVIS-data\DAVIS\SAM_results\dance-twirl\selected_by_sam\00056_sam_best.png,D:\uwb thesis\RelatedData\DAVIS-data\DAVIS\SAM_results\dance-twirl\selected_by_score_default_no_gt\00056_best.png,dance-twirl
57,default_no_gt,5,2,0.0,0.9044779644006258,0.9044779644006258,D:\uwb thesis\RelatedData\DAVIS-data\DAVIS\SAM_results\dance-twirl\selected_by_sam\00057_sam_best.png,D:\uwb thesis\RelatedData\DAVIS-data\DAVIS\SAM_results\dance-twirl\selected_by_score_default_no_gt\00057_best.png,dance-twirl
58,default_no_gt,5,1,0.0,0.9352109307262236,0.9352109307262236,D:\uwb thesis\RelatedData\DAVIS-data\DAVIS\SAM_results\dance-twirl\selected_by_sam\00058_sam_best.png,D:\uwb thesis\RelatedData\DAVIS-data\DAVIS\SAM_results\dance-twirl\selected_by_score_default_no_gt\00058_best.png,dance-twirl
59,default_no_gt,5,1,0.0,0.9365017646706943,0.9365017646706943,D:\uwb thesis\RelatedData\DAVIS-data\DAVIS\SAM_results\dance-twirl\selected_by_sam\00059_sam_best.png,D:\uwb thesis\RelatedData\DAVIS-data\DAVIS\SAM_results\dance-twirl\selected_by_score_default_no_gt\00059_best.png,dance-twirl
60,default_no_gt,2,1,0.9160307566843362,0.9585119944373623,0.0424812377530261,D:\uwb thesis\RelatedData\DAVIS-data\DAVIS\SAM_results\dance-twirl\selected_by_sam\00060_sam_best.png,D:\uwb thesis\RelatedData\DAVIS-data\DAVIS\SAM_results\dance-twirl\selected_by_score_default_no_gt\00060_best.png,dance-twirl
61,default_no_gt,1,1,0.9436201780415432,0.9436201780415432,0.0,D:\uwb thesis\RelatedData\DAVIS-data\DAVIS\SAM_results\dance-twirl\selected_by_sam\00061_sam_best.png,D:\uwb thesis\RelatedData\DAVIS-data\DAVIS\SAM_results\dance-twirl\selected_by_score_default_no_gt\00061_best.png,dance-twirl
62,default_no_gt,2,1,0.9300449321053548,0.9481076286221172,0.0180626965167624,D:\uwb thesis\RelatedData\DAVIS-data\DAVIS\SAM_results\dance-twirl\selected_by_sam\00062_sam_best.png,D:\uwb thesis\RelatedData\DAVIS-data\DAVIS\SAM_results\dance-twirl\selected_by_score_default_no_gt\00062_best.png,dance-twirl
63,default_no_gt,2,1,0.9326995918965812,0.9370498799679916,0.0043502880714102,D:\uwb thesis\RelatedData\DAVIS-data\DAVIS\SAM_results\dance-twirl\selected_by_sam\00063_sam_best.png,D:\uwb thesis\RelatedData\DAVIS-data\DAVIS\SAM_results\dance-twirl\selected_by_score_default_no_gt\00063_best.png,dance-twirl
64,default_no_gt,5,2,0.0,0.892910420385904,0.892910420385904,D:\uwb thesis\RelatedData\DAVIS-data\DAVIS\SAM_results\dance-twirl\selected_by_sam\00064_sam_best.png,D:\uwb thesis\RelatedData\DAVIS-data\DAVIS\SAM_results\dance-twirl\selected_by_score_default_no_gt\00064_best.png,dance-twirl
65,default_no_gt,5,1,0.0,0.9137595010719158,0.9137595010719158,D:\uwb thesis\RelatedData\DAVIS-data\DAVIS\SAM_results\dance-twirl\selected_by_sam\00065_sam_best.png,D:\uwb thesis\RelatedData\DAVIS-data\DAVIS\SAM_results\dance-twirl\selected_by_score_default_no_gt\00065_best.png,dance-twirl
66,default_no_gt,5,1,0.0,0.9303957691054464,0.9303957691054464,D:\uwb thesis\RelatedData\DAVIS-data\DAVIS\SAM_results\dance-twirl\selected_by_sam\00066_sam_best.png,D:\uwb thesis\RelatedData\DAVIS-data\DAVIS\SAM_results\dance-twirl\selected_by_score_default_no_gt\00066_best.png,dance-twirl
67,default_no_gt,5,1,0.0,0.9361323474119564,0.9361323474119564,D:\uwb thesis\RelatedData\DAVIS-data\DAVIS\SAM_results\dance-twirl\selected_by_sam\00067_sam_best.png,D:\uwb thesis\RelatedData\DAVIS-data\DAVIS\SAM_results\dance-twirl\selected_by_score_default_no_gt\00067_best.png,dance-twirl
68,default_no_gt,1,1,0.947271674262836,0.947271674262836,0.0,D:\uwb thesis\RelatedData\DAVIS-data\DAVIS\SAM_results\dance-twirl\selected_by_sam\00068_sam_best.png,D:\uwb thesis\RelatedData\DAVIS-data\DAVIS\SAM_results\dance-twirl\selected_by_score_default_no_gt\00068_best.png,dance-twirl
69,default_no_gt,5,1,0.0,0.9406494960806272,0.9406494960806272,D:\uwb thesis\RelatedData\DAVIS-data\DAVIS\SAM_results\dance-twirl\selected_by_sam\00069_sam_best.png,D:\uwb thesis\RelatedData\DAVIS-data\DAVIS\SAM_results\dance-twirl\selected_by_score_default_no_gt\00069_best.png,dance-twirl
70,default_no_gt,1,1,0.9544006948465548,0.9544006948465548,0.0,D:\uwb thesis\RelatedData\DAVIS-data\DAVIS\SAM_results\dance-twirl\selected_by_sam\00070_sam_best.png,D:\uwb thesis\RelatedData\DAVIS-data\DAVIS\SAM_results\dance-twirl\selected_by_score_default_no_gt\00070_best.png,dance-twirl
71,default_no_gt,1,1,0.957958648605138,0.957958648605138,0.0,D:\uwb thesis\RelatedData\DAVIS-data\DAVIS\SAM_results\dance-twirl\selected_by_sam\00071_sam_best.png,D:\uwb thesis\RelatedData\DAVIS-data\DAVIS\SAM_results\dance-twirl\selected_by_score_default_no_gt\00071_best.png,dance-twirl
72,default_no_gt,5,1,0.0,0.9568007409367556,0.9568007409367556,D:\uwb thesis\RelatedData\DAVIS-data\DAVIS\SAM_results\dance-twirl\selected_by_sam\00072_sam_best.png,D:\uwb thesis\RelatedData\DAVIS-data\DAVIS\SAM_results\dance-twirl\selected_by_score_default_no_gt\00072_best.png,dance-twirl
73,default_no_gt,5,1,0.0,0.940022018037854,0.940022018037854,D:\uwb thesis\RelatedData\DAVIS-data\DAVIS\SAM_results\dance-twirl\selected_by_sam\00073_sam_best.png,D:\uwb thesis\RelatedData\DAVIS-data\DAVIS\SAM_results\dance-twirl\selected_by_score_default_no_gt\00073_best.png,dance-twirl
74,default_no_gt,1,1,0.9432027508289328,0.9432027508289328,0.0,D:\uwb thesis\RelatedData\DAVIS-data\DAVIS\SAM_results\dance-twirl\selected_by_sam\00074_sam_best.png,D:\uwb thesis\RelatedData\DAVIS-data\DAVIS\SAM_results\dance-twirl\selected_by_score_default_no_gt\00074_best.png,dance-twirl
75,default_no_gt,5,1,0.0,0.9653837884325952,0.9653837884325952,D:\uwb thesis\RelatedData\DAVIS-data\DAVIS\SAM_results\dance-twirl\selected_by_sam\00075_sam_best.png,D:\uwb thesis\RelatedData\DAVIS-data\DAVIS\SAM_results\dance-twirl\selected_by_score_default_no_gt\00075_best.png,dance-twirl
76,default_no_gt,2,1,0.8835071794969585,0.9687606886329952,0.0852535091360366,D:\uwb thesis\RelatedData\DAVIS-data\DAVIS\SAM_results\dance-twirl\selected_by_sam\00076_sam_best.png,D:\uwb thesis\RelatedData\DAVIS-data\DAVIS\SAM_results\dance-twirl\selected_by_score_default_no_gt\00076_best.png,dance-twirl
77,default_no_gt,2,1,0.9150463265039802,0.9708432128037936,0.0557968862998135,D:\uwb thesis\RelatedData\DAVIS-data\DAVIS\SAM_results\dance-twirl\selected_by_sam\00077_sam_best.png,D:\uwb thesis\RelatedData\DAVIS-data\DAVIS\SAM_results\dance-twirl\selected_by_score_default_no_gt\00077_best.png,dance-twirl
78,default_no_gt,2,1,0.9132042156375876,0.9657010938272962,0.0524968781897086,D:\uwb thesis\RelatedData\DAVIS-data\DAVIS\SAM_results\dance-twirl\selected_by_sam\00078_sam_best.png,D:\uwb thesis\RelatedData\DAVIS-data\DAVIS\SAM_results\dance-twirl\selected_by_score_default_no_gt\00078_best.png,dance-twirl
79,default_no_gt,1,1,0.9661586528855062,0.9661586528855062,0.0,D:\uwb thesis\RelatedData\DAVIS-data\DAVIS\SAM_results\dance-twirl\selected_by_sam\00079_sam_best.png,D:\uwb thesis\RelatedData\DAVIS-data\DAVIS\SAM_results\dance-twirl\selected_by_score_default_no_gt\00079_best.png,dance-twirl
80,default_no_gt,1,1,0.9723111023720572,0.9723111023720572,0.0,D:\uwb thesis\RelatedData\DAVIS-data\DAVIS\SAM_results\dance-twirl\selected_by_sam\00080_sam_best.png,D:\uwb thesis\RelatedData\DAVIS-data\DAVIS\SAM_results\dance-twirl\selected_by_score_default_no_gt\00080_best.png,dance-twirl
81,default_no_gt,1,1,0.9751993996195264,0.9751993996195264,0.0,D:\uwb thesis\RelatedData\DAVIS-data\DAVIS\SAM_results\dance-twirl\selected_by_sam\00081_sam_best.png,D:\uwb thesis\RelatedData\DAVIS-data\DAVIS\SAM_results\dance-twirl\selected_by_score_default_no_gt\00081_best.png,dance-twirl
82,default_no_gt,1,1,0.9717264684406256,0.9717264684406256,0.0,D:\uwb thesis\RelatedData\DAVIS-data\DAVIS\SAM_results\dance-twirl\selected_by_sam\00082_sam_best.png,D:\uwb thesis\RelatedData\DAVIS-data\DAVIS\SAM_results\dance-twirl\selected_by_score_default_no_gt\00082_best.png,dance-twirl
83,default_no_gt,2,1,0.929629693509719,0.9702042696974352,0.040574576187716,D:\uwb thesis\RelatedData\DAVIS-data\DAVIS\SAM_results\dance-twirl\selected_by_sam\00083_sam_best.png,D:\uwb thesis\RelatedData\DAVIS-data\DAVIS\SAM_results\dance-twirl\selected_by_score_default_no_gt\00083_best.png,dance-twirl
84,default_no_gt,5,1,0.0,0.9611396706456392,0.9611396706456392,D:\uwb thesis\RelatedData\DAVIS-data\DAVIS\SAM_results\dance-twirl\selected_by_sam\00084_sam_best.png,D:\uwb thesis\RelatedData\DAVIS-data\DAVIS\SAM_results\dance-twirl\selected_by_score_default_no_gt\00084_best.png,dance-twirl
85,default_no_gt,5,1,0.0,0.930629516074086,0.930629516074086,D:\uwb thesis\RelatedData\DAVIS-data\DAVIS\SAM_results\dance-twirl\selected_by_sam\00085_sam_best.png,D:\uwb thesis\RelatedData\DAVIS-data\DAVIS\SAM_results\dance-twirl\selected_by_score_default_no_gt\00085_best.png,dance-twirl
86,default_no_gt,1,1,0.9558187808268744,0.9558187808268744,0.0,D:\uwb thesis\RelatedData\DAVIS-data\DAVIS\SAM_results\dance-twirl\selected_by_sam\00086_sam_best.png,D:\uwb thesis\RelatedData\DAVIS-data\DAVIS\SAM_results\dance-twirl\selected_by_score_default_no_gt\00086_best.png,dance-twirl
87,default_no_gt,1,1,0.9495030458480282,0.9495030458480282,0.0,D:\uwb thesis\RelatedData\DAVIS-data\DAVIS\SAM_results\dance-twirl\selected_by_sam\00087_sam_best.png,D:\uwb thesis\RelatedData\DAVIS-data\DAVIS\SAM_results\dance-twirl\selected_by_score_default_no_gt\00087_best.png,dance-twirl
88,default_no_gt,1,1,0.9510616742820518,0.9510616742820518,0.0,D:\uwb thesis\RelatedData\DAVIS-data\DAVIS\SAM_results\dance-twirl\selected_by_sam\00088_sam_best.png,D:\uwb thesis\RelatedData\DAVIS-data\DAVIS\SAM_results\dance-twirl\selected_by_score_default_no_gt\00088_best.png,dance-twirl
89,default_no_gt,1,1,0.9465823635676176,0.9465823635676176,0.0,D:\uwb thesis\RelatedData\DAVIS-data\DAVIS\SAM_results\dance-twirl\selected_by_sam\00089_sam_best.png,D:\uwb thesis\RelatedData\DAVIS-data\DAVIS\SAM_results\dance-twirl\selected_by_score_default_no_gt\00089_best.png,dance-twirl
0,default_no_gt,2,1,0.9608812849473144,0.961694885283586,0.0008136003362715,D:\uwb thesis\RelatedData\DAVIS-data\DAVIS\SAM_results\dog\selected_by_sam\00000_sam_best.png,D:\uwb thesis\RelatedData\DAVIS-data\DAVIS\SAM_results\dog\selected_by_score_default_no_gt\00000_best.png,dog
1,default_no_gt,2,1,0.9371423579260036,0.9423813670004354,0.0052390090744318,D:\uwb thesis\RelatedData\DAVIS-data\DAVIS\SAM_results\dog\selected_by_sam\00001_sam_best.png,D:\uwb thesis\RelatedData\DAVIS-data\DAVIS\SAM_results\dog\selected_by_score_default_no_gt\00001_best.png,dog
2,default_no_gt,2,1,0.9493254506256528,0.9506552051797672,0.0013297545541142,D:\uwb thesis\RelatedData\DAVIS-data\DAVIS\SAM_results\dog\selected_by_sam\00002_sam_best.png,D:\uwb thesis\RelatedData\DAVIS-data\DAVIS\SAM_results\dog\selected_by_score_default_no_gt\00002_best.png,dog
3,default_no_gt,2,1,0.939147485460906,0.9513533934841548,0.0122059080232488,D:\uwb thesis\RelatedData\DAVIS-data\DAVIS\SAM_results\dog\selected_by_sam\00003_sam_best.png,D:\uwb thesis\RelatedData\DAVIS-data\DAVIS\SAM_results\dog\selected_by_score_default_no_gt\00003_best.png,dog
4,default_no_gt,2,1,0.9430515511475032,0.9512621269943444,0.0082105758468413,D:\uwb thesis\RelatedData\DAVIS-data\DAVIS\SAM_results\dog\selected_by_sam\00004_sam_best.png,D:\uwb thesis\RelatedData\DAVIS-data\DAVIS\SAM_results\dog\selected_by_score_default_no_gt\00004_best.png,dog
5,default_no_gt,2,1,0.941819142294578,0.9487560163789182,0.00693687408434,D:\uwb thesis\RelatedData\DAVIS-data\DAVIS\SAM_results\dog\selected_by_sam\00005_sam_best.png,D:\uwb thesis\RelatedData\DAVIS-data\DAVIS\SAM_results\dog\selected_by_score_default_no_gt\00005_best.png,dog
6,default_no_gt,2,1,0.9520578218027717,0.9546100757360354,0.0025522539332638,D:\uwb thesis\RelatedData\DAVIS-data\DAVIS\SAM_results\dog\selected_by_sam\00006_sam_best.png,D:\uwb thesis\RelatedData\DAVIS-data\DAVIS\SAM_results\dog\selected_by_score_default_no_gt\00006_best.png,dog
7,default_no_gt,2,1,0.9563839335801638,0.962553834107053,0.0061699005268891,D:\uwb thesis\RelatedData\DAVIS-data\DAVIS\SAM_results\dog\selected_by_sam\00007_sam_best.png,D:\uwb thesis\RelatedData\DAVIS-data\DAVIS\SAM_results\dog\selected_by_score_default_no_gt\00007_best.png,dog
8,default_no_gt,2,1,0.9552674136536906,0.9585945137730748,0.0033271001193843,D:\uwb thesis\RelatedData\DAVIS-data\DAVIS\SAM_results\dog\selected_by_sam\00008_sam_best.png,D:\uwb thesis\RelatedData\DAVIS-data\DAVIS\SAM_results\dog\selected_by_score_default_no_gt\00008_best.png,dog
9,default_no_gt,2,1,0.9622820543233306,0.963368991836855,0.0010869375135243,D:\uwb thesis\RelatedData\DAVIS-data\DAVIS\SAM_results\dog\selected_by_sam\00009_sam_best.png,D:\uwb thesis\RelatedData\DAVIS-data\DAVIS\SAM_results\dog\selected_by_score_default_no_gt\00009_best.png,dog
10,default_no_gt,2,1,0.957867988455264,0.9607487733991688,0.0028807849439046,D:\uwb thesis\RelatedData\DAVIS-data\DAVIS\SAM_results\dog\selected_by_sam\00010_sam_best.png,D:\uwb thesis\RelatedData\DAVIS-data\DAVIS\SAM_results\dog\selected_by_score_default_no_gt\00010_best.png,dog
11,default_no_gt,2,1,0.9595296324835004,0.9600466511162946,0.0005170186327942,D:\uwb thesis\RelatedData\DAVIS-data\DAVIS\SAM_results\dog\selected_by_sam\00011_sam_best.png,D:\uwb thesis\RelatedData\DAVIS-data\DAVIS\SAM_results\dog\selected_by_score_default_no_gt\00011_best.png,dog
12,default_no_gt,2,1,0.9552427052086174,0.954066953254578,-0.0011757519540394,D:\uwb thesis\RelatedData\DAVIS-data\DAVIS\SAM_results\dog\selected_by_sam\00012_sam_best.png,D:\uwb thesis\RelatedData\DAVIS-data\DAVIS\SAM_results\dog\selected_by_score_default_no_gt\00012_best.png,dog
13,default_no_gt,2,1,0.954526678141136,0.955469737876354,0.0009430597352181,D:\uwb thesis\RelatedData\DAVIS-data\DAVIS\SAM_results\dog\selected_by_sam\00013_sam_best.png,D:\uwb thesis\RelatedData\DAVIS-data\DAVIS\SAM_results\dog\selected_by_score_default_no_gt\00013_best.png,dog
14,default_no_gt,2,1,0.961265041439817,0.9603316589830042,-0.0009333824568127,D:\uwb thesis\RelatedData\DAVIS-data\DAVIS\SAM_results\dog\selected_by_sam\00014_sam_best.png,D:\uwb thesis\RelatedData\DAVIS-data\DAVIS\SAM_results\dog\selected_by_score_default_no_gt\00014_best.png,dog
15,default_no_gt,2,1,0.973872068080318,0.9705235985628076,-0.0033484695175104,D:\uwb thesis\RelatedData\DAVIS-data\DAVIS\SAM_results\dog\selected_by_sam\00015_sam_best.png,D:\uwb thesis\RelatedData\DAVIS-data\DAVIS\SAM_results\dog\selected_by_score_default_no_gt\00015_best.png,dog
16,default_no_gt,2,1,0.9700193764312136,0.9681673487949068,-0.0018520276363069,D:\uwb thesis\RelatedData\DAVIS-data\DAVIS\SAM_results\dog\selected_by_sam\00016_sam_best.png,D:\uwb thesis\RelatedData\DAVIS-data\DAVIS\SAM_results\dog\selected_by_score_default_no_gt\00016_best.png,dog
17,default_no_gt,2,1,0.9697464397360196,0.9672616996347096,-0.0024847401013099,D:\uwb thesis\RelatedData\DAVIS-data\DAVIS\SAM_results\dog\selected_by_sam\00017_sam_best.png,D:\uwb thesis\RelatedData\DAVIS-data\DAVIS\SAM_results\dog\selected_by_score_default_no_gt\00017_best.png,dog
18,default_no_gt,1,1,0.9687190520096984,0.9687190520096984,0.0,D:\uwb thesis\RelatedData\DAVIS-data\DAVIS\SAM_results\dog\selected_by_sam\00018_sam_best.png,D:\uwb thesis\RelatedData\DAVIS-data\DAVIS\SAM_results\dog\selected_by_score_default_no_gt\00018_best.png,dog
19,default_no_gt,2,1,0.973080967402734,0.9721306354770416,-0.0009503319256923,D:\uwb thesis\RelatedData\DAVIS-data\DAVIS\SAM_results\dog\selected_by_sam\00019_sam_best.png,D:\uwb thesis\RelatedData\DAVIS-data\DAVIS\SAM_results\dog\selected_by_score_default_no_gt\00019_best.png,dog
20,default_no_gt,2,1,0.9631446952349798,0.9671361502347418,0.0039914549997619,D:\uwb thesis\RelatedData\DAVIS-data\DAVIS\SAM_results\dog\selected_by_sam\00020_sam_best.png,D:\uwb thesis\RelatedData\DAVIS-data\DAVIS\SAM_results\dog\selected_by_score_default_no_gt\00020_best.png,dog
21,default_no_gt,2,1,0.9612130261660978,0.963841368584759,0.0026283424186611,D:\uwb thesis\RelatedData\DAVIS-data\DAVIS\SAM_results\dog\selected_by_sam\00021_sam_best.png,D:\uwb thesis\RelatedData\DAVIS-data\DAVIS\SAM_results\dog\selected_by_score_default_no_gt\00021_best.png,dog
22,default_no_gt,2,1,0.9711482582982942,0.9701380858445005,-0.0010101724537938,D:\uwb thesis\RelatedData\DAVIS-data\DAVIS\SAM_results\dog\selected_by_sam\00022_sam_best.png,D:\uwb thesis\RelatedData\DAVIS-data\DAVIS\SAM_results\dog\selected_by_score_default_no_gt\00022_best.png,dog
23,default_no_gt,2,1,0.9625371399044051,0.9631531647194762,0.000616024815071,D:\uwb thesis\RelatedData\DAVIS-data\DAVIS\SAM_results\dog\selected_by_sam\00023_sam_best.png,D:\uwb thesis\RelatedData\DAVIS-data\DAVIS\SAM_results\dog\selected_by_score_default_no_gt\00023_best.png,dog
24,default_no_gt,2,1,0.9583942741559048,0.9651036662844392,0.0067093921285344,D:\uwb thesis\RelatedData\DAVIS-data\DAVIS\SAM_results\dog\selected_by_sam\00024_sam_best.png,D:\uwb thesis\RelatedData\DAVIS-data\DAVIS\SAM_results\dog\selected_by_score_default_no_gt\00024_best.png,dog
25,default_no_gt,2,1,0.9663913235386846,0.967178135492171,0.0007868119534863,D:\uwb thesis\RelatedData\DAVIS-data\DAVIS\SAM_results\dog\selected_by_sam\00025_sam_best.png,D:\uwb thesis\RelatedData\DAVIS-data\DAVIS\SAM_results\dog\selected_by_score_default_no_gt\00025_best.png,dog
26,default_no_gt,2,1,0.97536106117895,0.9729821318545904,-0.0023789293243596,D:\uwb thesis\RelatedData\DAVIS-data\DAVIS\SAM_results\dog\selected_by_sam\00026_sam_best.png,D:\uwb thesis\RelatedData\DAVIS-data\DAVIS\SAM_results\dog\selected_by_score_default_no_gt\00026_best.png,dog
27,default_no_gt,1,1,0.9728028503562944,0.9728028503562944,0.0,D:\uwb thesis\RelatedData\DAVIS-data\DAVIS\SAM_results\dog\selected_by_sam\00027_sam_best.png,D:\uwb thesis\RelatedData\DAVIS-data\DAVIS\SAM_results\dog\selected_by_score_default_no_gt\00027_best.png,dog
28,default_no_gt,2,1,0.9693753159099694,0.9691893331754816,-0.0001859827344876,D:\uwb thesis\RelatedData\DAVIS-data\DAVIS\SAM_results\dog\selected_by_sam\00028_sam_best.png,D:\uwb thesis\RelatedData\DAVIS-data\DAVIS\SAM_results\dog\selected_by_score_default_no_gt\00028_best.png,dog
29,default_no_gt,2,1,0.9654476301930954,0.9618704408730274,-0.003577189320068,D:\uwb thesis\RelatedData\DAVIS-data\DAVIS\SAM_results\dog\selected_by_sam\00029_sam_best.png,D:\uwb thesis\RelatedData\DAVIS-data\DAVIS\SAM_results\dog\selected_by_score_default_no_gt\00029_best.png,dog
30,default_no_gt,1,1,0.9627523787421676,0.9627523787421676,0.0,D:\uwb thesis\RelatedData\DAVIS-data\DAVIS\SAM_results\dog\selected_by_sam\00030_sam_best.png,D:\uwb thesis\RelatedData\DAVIS-data\DAVIS\SAM_results\dog\selected_by_score_default_no_gt\00030_best.png,dog
31,default_no_gt,1,1,0.9638795795021626,0.9638795795021626,0.0,D:\uwb thesis\RelatedData\DAVIS-data\DAVIS\SAM_results\dog\selected_by_sam\00031_sam_best.png,D:\uwb thesis\RelatedData\DAVIS-data\DAVIS\SAM_results\dog\selected_by_score_default_no_gt\00031_best.png,dog
32,default_no_gt,1,1,0.966844977869498,0.966844977869498,0.0,D:\uwb thesis\RelatedData\DAVIS-data\DAVIS\SAM_results\dog\selected_by_sam\00032_sam_best.png,D:\uwb thesis\RelatedData\DAVIS-data\DAVIS\SAM_results\dog\selected_by_score_default_no_gt\00032_best.png,dog
33,default_no_gt,2,1,0.9694931724032118,0.9672904305492164,-0.0022027418539952,D:\uwb thesis\RelatedData\DAVIS-data\DAVIS\SAM_results\dog\selected_by_sam\00033_sam_best.png,D:\uwb thesis\RelatedData\DAVIS-data\DAVIS\SAM_results\dog\selected_by_score_default_no_gt\00033_best.png,dog
34,default_no_gt,2,1,0.9662847017129356,0.965623240097616,-0.0006614616153196,D:\uwb thesis\RelatedData\DAVIS-data\DAVIS\SAM_results\dog\selected_by_sam\00034_sam_best.png,D:\uwb thesis\RelatedData\DAVIS-data\DAVIS\SAM_results\dog\selected_by_score_default_no_gt\00034_best.png,dog
35,default_no_gt,1,1,0.9690145169071532,0.9690145169071532,0.0,D:\uwb thesis\RelatedData\DAVIS-data\DAVIS\SAM_results\dog\selected_by_sam\00035_sam_best.png,D:\uwb thesis\RelatedData\DAVIS-data\DAVIS\SAM_results\dog\selected_by_score_default_no_gt\00035_best.png,dog
36,default_no_gt,2,1,0.9560911921261424,0.9609440517551217,0.0048528596289791,D:\uwb thesis\RelatedData\DAVIS-data\DAVIS\SAM_results\dog\selected_by_sam\00036_sam_best.png,D:\uwb thesis\RelatedData\DAVIS-data\DAVIS\SAM_results\dog\selected_by_score_default_no_gt\00036_best.png,dog
37,default_no_gt,1,1,0.9645824139981966,0.9645824139981966,0.0,D:\uwb thesis\RelatedData\DAVIS-data\DAVIS\SAM_results\dog\selected_by_sam\00037_sam_best.png,D:\uwb thesis\RelatedData\DAVIS-data\DAVIS\SAM_results\dog\selected_by_score_default_no_gt\00037_best.png,dog
38,default_no_gt,1,1,0.9659166052636552,0.9659166052636552,0.0,D:\uwb thesis\RelatedData\DAVIS-data\DAVIS\SAM_results\dog\selected_by_sam\00038_sam_best.png,D:\uwb thesis\RelatedData\DAVIS-data\DAVIS\SAM_results\dog\selected_by_score_default_no_gt\00038_best.png,dog
39,default_no_gt,1,1,0.9619329276384386,0.9619329276384386,0.0,D:\uwb thesis\RelatedData\DAVIS-data\DAVIS\SAM_results\dog\selected_by_sam\00039_sam_best.png,D:\uwb thesis\RelatedData\DAVIS-data\DAVIS\SAM_results\dog\selected_by_score_default_no_gt\00039_best.png,dog
40,default_no_gt,2,1,0.9583363432781912,0.965736635305144,0.0074002920269528,D:\uwb thesis\RelatedData\DAVIS-data\DAVIS\SAM_results\dog\selected_by_sam\00040_sam_best.png,D:\uwb thesis\RelatedData\DAVIS-data\DAVIS\SAM_results\dog\selected_by_score_default_no_gt\00040_best.png,dog
41,default_no_gt,1,1,0.9657041239732408,0.9657041239732408,0.0,D:\uwb thesis\RelatedData\DAVIS-data\DAVIS\SAM_results\dog\selected_by_sam\00041_sam_best.png,D:\uwb thesis\RelatedData\DAVIS-data\DAVIS\SAM_results\dog\selected_by_score_default_no_gt\00041_best.png,dog
42,default_no_gt,1,1,0.9726152740106532,0.9726152740106532,0.0,D:\uwb thesis\RelatedData\DAVIS-data\DAVIS\SAM_results\dog\selected_by_sam\00042_sam_best.png,D:\uwb thesis\RelatedData\DAVIS-data\DAVIS\SAM_results\dog\selected_by_score_default_no_gt\00042_best.png,dog
43,default_no_gt,1,1,0.9685812788655436,0.9685812788655436,0.0,D:\uwb thesis\RelatedData\DAVIS-data\DAVIS\SAM_results\dog\selected_by_sam\00043_sam_best.png,D:\uwb thesis\RelatedData\DAVIS-data\DAVIS\SAM_results\dog\selected_by_score_default_no_gt\00043_best.png,dog
44,default_no_gt,1,1,0.9679268745659791,0.9679268745659791,0.0,D:\uwb thesis\RelatedData\DAVIS-data\DAVIS\SAM_results\dog\selected_by_sam\00044_sam_best.png,D:\uwb thesis\RelatedData\DAVIS-data\DAVIS\SAM_results\dog\selected_by_score_default_no_gt\00044_best.png,dog
45,default_no_gt,1,1,0.963725696865524,0.963725696865524,0.0,D:\uwb thesis\RelatedData\DAVIS-data\DAVIS\SAM_results\dog\selected_by_sam\00045_sam_best.png,D:\uwb thesis\RelatedData\DAVIS-data\DAVIS\SAM_results\dog\selected_by_score_default_no_gt\00045_best.png,dog
46,default_no_gt,1,1,0.9523028431750932,0.9523028431750932,0.0,D:\uwb thesis\RelatedData\DAVIS-data\DAVIS\SAM_results\dog\selected_by_sam\00046_sam_best.png,D:\uwb thesis\RelatedData\DAVIS-data\DAVIS\SAM_results\dog\selected_by_score_default_no_gt\00046_best.png,dog
47,default_no_gt,1,1,0.9599593089186844,0.9599593089186844,0.0,D:\uwb thesis\RelatedData\DAVIS-data\DAVIS\SAM_results\dog\selected_by_sam\00047_sam_best.png,D:\uwb thesis\RelatedData\DAVIS-data\DAVIS\SAM_results\dog\selected_by_score_default_no_gt\00047_best.png,dog
48,default_no_gt,1,1,0.9522690291086604,0.9522690291086604,0.0,D:\uwb thesis\RelatedData\DAVIS-data\DAVIS\SAM_results\dog\selected_by_sam\00048_sam_best.png,D:\uwb thesis\RelatedData\DAVIS-data\DAVIS\SAM_results\dog\selected_by_score_default_no_gt\00048_best.png,dog
49,default_no_gt,1,1,0.95733436452694,0.95733436452694,0.0,D:\uwb thesis\RelatedData\DAVIS-data\DAVIS\SAM_results\dog\selected_by_sam\00049_sam_best.png,D:\uwb thesis\RelatedData\DAVIS-data\DAVIS\SAM_results\dog\selected_by_score_default_no_gt\00049_best.png,dog
50,default_no_gt,1,1,0.9667413300378466,0.9667413300378466,0.0,D:\uwb thesis\RelatedData\DAVIS-data\DAVIS\SAM_results\dog\selected_by_sam\00050_sam_best.png,D:\uwb thesis\RelatedData\DAVIS-data\DAVIS\SAM_results\dog\selected_by_score_default_no_gt\00050_best.png,dog
51,default_no_gt,2,1,0.9593593990931436,0.9613750189710124,0.0020156198778686,D:\uwb thesis\RelatedData\DAVIS-data\DAVIS\SAM_results\dog\selected_by_sam\00051_sam_best.png,D:\uwb thesis\RelatedData\DAVIS-data\DAVIS\SAM_results\dog\selected_by_score_default_no_gt\00051_best.png,dog
52,default_no_gt,1,1,0.9627603115516288,0.9627603115516288,0.0,D:\uwb thesis\RelatedData\DAVIS-data\DAVIS\SAM_results\dog\selected_by_sam\00052_sam_best.png,D:\uwb thesis\RelatedData\DAVIS-data\DAVIS\SAM_results\dog\selected_by_score_default_no_gt\00052_best.png,dog
53,default_no_gt,1,1,0.9635660934514504,0.9635660934514504,0.0,D:\uwb thesis\RelatedData\DAVIS-data\DAVIS\SAM_results\dog\selected_by_sam\00053_sam_best.png,D:\uwb thesis\RelatedData\DAVIS-data\DAVIS\SAM_results\dog\selected_by_score_default_no_gt\00053_best.png,dog
54,default_no_gt,1,1,0.958720562390158,0.958720562390158,0.0,D:\uwb thesis\RelatedData\DAVIS-data\DAVIS\SAM_results\dog\selected_by_sam\00054_sam_best.png,D:\uwb thesis\RelatedData\DAVIS-data\DAVIS\SAM_results\dog\selected_by_score_default_no_gt\00054_best.png,dog
55,default_no_gt,1,2,0.9663664332549108,0.965178022469398,-0.0011884107855126,D:\uwb thesis\RelatedData\DAVIS-data\DAVIS\SAM_results\dog\selected_by_sam\00055_sam_best.png,D:\uwb thesis\RelatedData\DAVIS-data\DAVIS\SAM_results\dog\selected_by_score_default_no_gt\00055_best.png,dog
56,default_no_gt,1,1,0.9627589967284624,0.9627589967284624,0.0,D:\uwb thesis\RelatedData\DAVIS-data\DAVIS\SAM_results\dog\selected_by_sam\00056_sam_best.png,D:\uwb thesis\RelatedData\DAVIS-data\DAVIS\SAM_results\dog\selected_by_score_default_no_gt\00056_best.png,dog
57,default_no_gt,1,1,0.9598715259570004,0.9598715259570004,0.0,D:\uwb thesis\RelatedData\DAVIS-data\DAVIS\SAM_results\dog\selected_by_sam\00057_sam_best.png,D:\uwb thesis\RelatedData\DAVIS-data\DAVIS\SAM_results\dog\selected_by_score_default_no_gt\00057_best.png,dog
58,default_no_gt,2,1,0.957829326800388,0.9597006186196888,0.001871291819301,D:\uwb thesis\RelatedData\DAVIS-data\DAVIS\SAM_results\dog\selected_by_sam\00058_sam_best.png,D:\uwb thesis\RelatedData\DAVIS-data\DAVIS\SAM_results\dog\selected_by_score_default_no_gt\00058_best.png,dog
59,default_no_gt,1,1,0.9665229331577052,0.9665229331577052,0.0,D:\uwb thesis\RelatedData\DAVIS-data\DAVIS\SAM_results\dog\selected_by_sam\00059_sam_best.png,D:\uwb thesis\RelatedData\DAVIS-data\DAVIS\SAM_results\dog\selected_by_score_default_no_gt\00059_best.png,dog
0,default_no_gt,2,1,0.943477277865702,0.941567826173627,-0.001909451692075,D:\uwb thesis\RelatedData\DAVIS-data\DAVIS\SAM_results\dog-agility\selected_by_sam\00000_sam_best.png,D:\uwb thesis\RelatedData\DAVIS-data\DAVIS\SAM_results\dog-agility\selected_by_score_default_no_gt\00000_best.png,dog-agility
1,default_no_gt,2,2,0.9104557189359076,0.9104557189359076,0.0,D:\uwb thesis\RelatedData\DAVIS-data\DAVIS\SAM_results\dog-agility\selected_by_sam\00001_sam_best.png,D:\uwb thesis\RelatedData\DAVIS-data\DAVIS\SAM_results\dog-agility\selected_by_score_default_no_gt\00001_best.png,dog-agility
2,default_no_gt,2,0,0.9048072200392928,0.8136258587393548,-0.0911813612999379,D:\uwb thesis\RelatedData\DAVIS-data\DAVIS\SAM_results\dog-agility\selected_by_sam\00002_sam_best.png,D:\uwb thesis\RelatedData\DAVIS-data\DAVIS\SAM_results\dog-agility\selected_by_score_default_no_gt\00002_best.png,dog-agility
3,default_no_gt,2,1,0.9369388181248696,0.9341883574596844,-0.0027504606651851,D:\uwb thesis\RelatedData\DAVIS-data\DAVIS\SAM_results\dog-agility\selected_by_sam\00003_sam_best.png,D:\uwb thesis\RelatedData\DAVIS-data\DAVIS\SAM_results\dog-agility\selected_by_score_default_no_gt\00003_best.png,dog-agility
4,default_no_gt,2,1,0.9289874638379942,0.9341328911341638,0.0051454272961695,D:\uwb thesis\RelatedData\DAVIS-data\DAVIS\SAM_results\dog-agility\selected_by_sam\00004_sam_best.png,D:\uwb thesis\RelatedData\DAVIS-data\DAVIS\SAM_results\dog-agility\selected_by_score_default_no_gt\00004_best.png,dog-agility
5,default_no_gt,2,1,0.907480985355886,0.9113276583034648,0.0038466729475786,D:\uwb thesis\RelatedData\DAVIS-data\DAVIS\SAM_results\dog-agility\selected_by_sam\00005_sam_best.png,D:\uwb thesis\RelatedData\DAVIS-data\DAVIS\SAM_results\dog-agility\selected_by_score_default_no_gt\00005_best.png,dog-agility
6,default_no_gt,2,0,0.9479425056916648,0.7873627526400447,-0.1605797530516199,D:\uwb thesis\RelatedData\DAVIS-data\DAVIS\SAM_results\dog-agility\selected_by_sam\00006_sam_best.png,D:\uwb thesis\RelatedData\DAVIS-data\DAVIS\SAM_results\dog-agility\selected_by_score_default_no_gt\00006_best.png,dog-agility
7,default_no_gt,2,1,0.9502491476527668,0.9505320678746044,0.0002829202218377,D:\uwb thesis\RelatedData\DAVIS-data\DAVIS\SAM_results\dog-agility\selected_by_sam\00007_sam_best.png,D:\uwb thesis\RelatedData\DAVIS-data\DAVIS\SAM_results\dog-agility\selected_by_score_default_no_gt\00007_best.png,dog-agility
8,default_no_gt,2,1,0.8973738539747375,0.9041238483345144,0.006749994359777,D:\uwb thesis\RelatedData\DAVIS-data\DAVIS\SAM_results\dog-agility\selected_by_sam\00008_sam_best.png,D:\uwb thesis\RelatedData\DAVIS-data\DAVIS\SAM_results\dog-agility\selected_by_score_default_no_gt\00008_best.png,dog-agility
9,default_no_gt,2,1,0.9305971536570756,0.93475935828877,0.0041622046316944,D:\uwb thesis\RelatedData\DAVIS-data\DAVIS\SAM_results\dog-agility\selected_by_sam\00009_sam_best.png,D:\uwb thesis\RelatedData\DAVIS-data\DAVIS\SAM_results\dog-agility\selected_by_score_default_no_gt\00009_best.png,dog-agility
10,default_no_gt,2,1,0.952180146748756,0.9524930235685708,0.0003128768198147,D:\uwb thesis\RelatedData\DAVIS-data\DAVIS\SAM_results\dog-agility\selected_by_sam\00010_sam_best.png,D:\uwb thesis\RelatedData\DAVIS-data\DAVIS\SAM_results\dog-agility\selected_by_score_default_no_gt\00010_best.png,dog-agility
11,default_no_gt,2,1,0.9480085388461322,0.9523263617045074,0.0043178228583751,D:\uwb thesis\RelatedData\DAVIS-data\DAVIS\SAM_results\dog-agility\selected_by_sam\00011_sam_best.png,D:\uwb thesis\RelatedData\DAVIS-data\DAVIS\SAM_results\dog-agility\selected_by_score_default_no_gt\00011_best.png,dog-agility
12,default_no_gt,2,1,0.947196101572315,0.950419912981888,0.003223811409573,D:\uwb thesis\RelatedData\DAVIS-data\DAVIS\SAM_results\dog-agility\selected_by_sam\00012_sam_best.png,D:\uwb thesis\RelatedData\DAVIS-data\DAVIS\SAM_results\dog-agility\selected_by_score_default_no_gt\00012_best.png,dog-agility
13,default_no_gt,2,1,0.9353842926288344,0.9368267136164244,0.0014424209875901,D:\uwb thesis\RelatedData\DAVIS-data\DAVIS\SAM_results\dog-agility\selected_by_sam\00013_sam_best.png,D:\uwb thesis\RelatedData\DAVIS-data\DAVIS\SAM_results\dog-agility\selected_by_score_default_no_gt\00013_best.png,dog-agility
14,default_no_gt,2,0,0.9421074278193632,0.8673511840375431,-0.0747562437818202,D:\uwb thesis\RelatedData\DAVIS-data\DAVIS\SAM_results\dog-agility\selected_by_sam\00014_sam_best.png,D:\uwb thesis\RelatedData\DAVIS-data\DAVIS\SAM_results\dog-agility\selected_by_score_default_no_gt\00014_best.png,dog-agility
15,default_no_gt,2,1,0.9566902090635292,0.953720999249341,-0.0029692098141882,D:\uwb thesis\RelatedData\DAVIS-data\DAVIS\SAM_results\dog-agility\selected_by_sam\00015_sam_best.png,D:\uwb thesis\RelatedData\DAVIS-data\DAVIS\SAM_results\dog-agility\selected_by_score_default_no_gt\00015_best.png,dog-agility
16,default_no_gt,2,1,0.9546141683028966,0.9552783640704474,0.0006641957675508,D:\uwb thesis\RelatedData\DAVIS-data\DAVIS\SAM_results\dog-agility\selected_by_sam\00016_sam_best.png,D:\uwb thesis\RelatedData\DAVIS-data\DAVIS\SAM_results\dog-agility\selected_by_score_default_no_gt\00016_best.png,dog-agility
17,default_no_gt,2,1,0.9448089387251978,0.943376889572124,-0.0014320491530738,D:\uwb thesis\RelatedData\DAVIS-data\DAVIS\SAM_results\dog-agility\selected_by_sam\00017_sam_best.png,D:\uwb thesis\RelatedData\DAVIS-data\DAVIS\SAM_results\dog-agility\selected_by_score_default_no_gt\00017_best.png,dog-agility
18,default_no_gt,2,5,0.9643713386286406,0.0,-0.9643713386286406,D:\uwb thesis\RelatedData\DAVIS-data\DAVIS\SAM_results\dog-agility\selected_by_sam\00018_sam_best.png,D:\uwb thesis\RelatedData\DAVIS-data\DAVIS\SAM_results\dog-agility\selected_by_score_default_no_gt\00018_best.png,dog-agility
19,default_no_gt,2,1,0.9722407962860364,0.9735938537418192,0.0013530574557828,D:\uwb thesis\RelatedData\DAVIS-data\DAVIS\SAM_results\dog-agility\selected_by_sam\00019_sam_best.png,D:\uwb thesis\RelatedData\DAVIS-data\DAVIS\SAM_results\dog-agility\selected_by_score_default_no_gt\00019_best.png,dog-agility
20,default_no_gt,2,2,0.943095987411487,0.943095987411487,0.0,D:\uwb thesis\RelatedData\DAVIS-data\DAVIS\SAM_results\dog-agility\selected_by_sam\00020_sam_best.png,D:\uwb thesis\RelatedData\DAVIS-data\DAVIS\SAM_results\dog-agility\selected_by_score_default_no_gt\00020_best.png,dog-agility
21,default_no_gt,2,5,0.9699148492484144,0.0,-0.9699148492484144,D:\uwb thesis\RelatedData\DAVIS-data\DAVIS\SAM_results\dog-agility\selected_by_sam\00021_sam_best.png,D:\uwb thesis\RelatedData\DAVIS-data\DAVIS\SAM_results\dog-agility\selected_by_score_default_no_gt\00021_best.png,dog-agility
22,default_no_gt,2,1,0.9529295132348568,0.9542166775064546,0.0012871642715978,D:\uwb thesis\RelatedData\DAVIS-data\DAVIS\SAM_results\dog-agility\selected_by_sam\00022_sam_best.png,D:\uwb thesis\RelatedData\DAVIS-data\DAVIS\SAM_results\dog-agility\selected_by_score_default_no_gt\00022_best.png,dog-agility
23,default_no_gt,2,1,0.9564248782190892,0.9598126679968998,0.0033877897778105,D:\uwb thesis\RelatedData\DAVIS-data\DAVIS\SAM_results\dog-agility\selected_by_sam\00023_sam_best.png,D:\uwb thesis\RelatedData\DAVIS-data\DAVIS\SAM_results\dog-agility\selected_by_score_default_no_gt\00023_best.png,dog-agility
24,default_no_gt,5,5,0.0,0.0,0.0,D:\uwb thesis\RelatedData\DAVIS-data\DAVIS\SAM_results\dog-agility\selected_by_sam\00024_sam_best.png,D:\uwb thesis\RelatedData\DAVIS-data\DAVIS\SAM_results\dog-agility\selected_by_score_default_no_gt\00024_best.png,dog-agility
0,default_no_gt,5,4,0.0,0.0,0.0,D:\uwb thesis\RelatedData\DAVIS-data\DAVIS\SAM_results\drift-chicane\selected_by_sam\00000_sam_best.png,D:\uwb thesis\RelatedData\DAVIS-data\DAVIS\SAM_results\drift-chicane\selected_by_score_default_no_gt\00000_best.png,drift-chicane
1,default_no_gt,2,10,0.0,0.8589996061441513,0.8589996061441513,D:\uwb thesis\RelatedData\DAVIS-data\DAVIS\SAM_results\drift-chicane\selected_by_sam\00001_sam_best.png,D:\uwb thesis\RelatedData\DAVIS-data\DAVIS\SAM_results\drift-chicane\selected_by_score_default_no_gt\00001_best.png,drift-chicane
2,default_no_gt,2,4,0.0,0.9078571428571428,0.9078571428571428,D:\uwb thesis\RelatedData\DAVIS-data\DAVIS\SAM_results\drift-chicane\selected_by_sam\00002_sam_best.png,D:\uwb thesis\RelatedData\DAVIS-data\DAVIS\SAM_results\drift-chicane\selected_by_score_default_no_gt\00002_best.png,drift-chicane
3,default_no_gt,8,1,0.0,0.9160387513455328,0.9160387513455328,D:\uwb thesis\RelatedData\DAVIS-data\DAVIS\SAM_results\drift-chicane\selected_by_sam\00003_sam_best.png,D:\uwb thesis\RelatedData\DAVIS-data\DAVIS\SAM_results\drift-chicane\selected_by_score_default_no_gt\00003_best.png,drift-chicane
4,default_no_gt,8,4,0.0,0.9095707248416608,0.9095707248416608,D:\uwb thesis\RelatedData\DAVIS-data\DAVIS\SAM_results\drift-chicane\selected_by_sam\00004_sam_best.png,D:\uwb thesis\RelatedData\DAVIS-data\DAVIS\SAM_results\drift-chicane\selected_by_score_default_no_gt\00004_best.png,drift-chicane
5,default_no_gt,11,4,0.0,0.9076817085773338,0.9076817085773338,D:\uwb thesis\RelatedData\DAVIS-data\DAVIS\SAM_results\drift-chicane\selected_by_sam\00005_sam_best.png,D:\uwb thesis\RelatedData\DAVIS-data\DAVIS\SAM_results\drift-chicane\selected_by_score_default_no_gt\00005_best.png,drift-chicane
6,default_no_gt,5,1,0.0,0.9282068730860836,0.9282068730860836,D:\uwb thesis\RelatedData\DAVIS-data\DAVIS\SAM_results\drift-chicane\selected_by_sam\00006_sam_best.png,D:\uwb thesis\RelatedData\DAVIS-data\DAVIS\SAM_results\drift-chicane\selected_by_score_default_no_gt\00006_best.png,drift-chicane
7,default_no_gt,5,1,0.0,0.9289508632138114,0.9289508632138114,D:\uwb thesis\RelatedData\DAVIS-data\DAVIS\SAM_results\drift-chicane\selected_by_sam\00007_sam_best.png,D:\uwb thesis\RelatedData\DAVIS-data\DAVIS\SAM_results\drift-chicane\selected_by_score_default_no_gt\00007_best.png,drift-chicane
8,default_no_gt,5,1,0.0,0.9345430978613092,0.9345430978613092,D:\uwb thesis\RelatedData\DAVIS-data\DAVIS\SAM_results\drift-chicane\selected_by_sam\00008_sam_best.png,D:\uwb thesis\RelatedData\DAVIS-data\DAVIS\SAM_results\drift-chicane\selected_by_score_default_no_gt\00008_best.png,drift-chicane
9,default_no_gt,11,1,0.0,0.9287945034353527,0.9287945034353527,D:\uwb thesis\RelatedData\DAVIS-data\DAVIS\SAM_results\drift-chicane\selected_by_sam\00009_sam_best.png,D:\uwb thesis\RelatedData\DAVIS-data\DAVIS\SAM_results\drift-chicane\selected_by_score_default_no_gt\00009_best.png,drift-chicane
10,default_no_gt,5,1,0.0002724795640326,0.9266547406082288,0.9263822610441964,D:\uwb thesis\RelatedData\DAVIS-data\DAVIS\SAM_results\drift-chicane\selected_by_sam\00010_sam_best.png,D:\uwb thesis\RelatedData\DAVIS-data\DAVIS\SAM_results\drift-chicane\selected_by_score_default_no_gt\00010_best.png,drift-chicane
11,default_no_gt,8,1,0.0,0.916406914139983,0.916406914139983,D:\uwb thesis\RelatedData\DAVIS-data\DAVIS\SAM_results\drift-chicane\selected_by_sam\00011_sam_best.png,D:\uwb thesis\RelatedData\DAVIS-data\DAVIS\SAM_results\drift-chicane\selected_by_score_default_no_gt\00011_best.png,drift-chicane
12,default_no_gt,2,1,0.9380038921323324,0.93689721686415,-0.0011066752681825,D:\uwb thesis\RelatedData\DAVIS-data\DAVIS\SAM_results\drift-chicane\selected_by_sam\00012_sam_best.png,D:\uwb thesis\RelatedData\DAVIS-data\DAVIS\SAM_results\drift-chicane\selected_by_score_default_no_gt\00012_best.png,drift-chicane
13,default_no_gt,11,1,0.0,0.9272588055130168,0.9272588055130168,D:\uwb thesis\RelatedData\DAVIS-data\DAVIS\SAM_results\drift-chicane\selected_by_sam\00013_sam_best.png,D:\uwb thesis\RelatedData\DAVIS-data\DAVIS\SAM_results\drift-chicane\selected_by_score_default_no_gt\00013_best.png,drift-chicane
14,default_no_gt,5,1,0.0,0.9158306826523122,0.9158306826523122,D:\uwb thesis\RelatedData\DAVIS-data\DAVIS\SAM_results\drift-chicane\selected_by_sam\00014_sam_best.png,D:\uwb thesis\RelatedData\DAVIS-data\DAVIS\SAM_results\drift-chicane\selected_by_score_default_no_gt\00014_best.png,drift-chicane
15,default_no_gt,5,1,0.0,0.912227883279296,0.912227883279296,D:\uwb thesis\RelatedData\DAVIS-data\DAVIS\SAM_results\drift-chicane\selected_by_sam\00015_sam_best.png,D:\uwb thesis\RelatedData\DAVIS-data\DAVIS\SAM_results\drift-chicane\selected_by_score_default_no_gt\00015_best.png,drift-chicane
16,default_no_gt,5,1,0.0,0.9046786182772192,0.9046786182772192,D:\uwb thesis\RelatedData\DAVIS-data\DAVIS\SAM_results\drift-chicane\selected_by_sam\00016_sam_best.png,D:\uwb thesis\RelatedData\DAVIS-data\DAVIS\SAM_results\drift-chicane\selected_by_score_default_no_gt\00016_best.png,drift-chicane
17,default_no_gt,11,1,0.0,0.892020725388601,0.892020725388601,D:\uwb thesis\RelatedData\DAVIS-data\DAVIS\SAM_results\drift-chicane\selected_by_sam\00017_sam_best.png,D:\uwb thesis\RelatedData\DAVIS-data\DAVIS\SAM_results\drift-chicane\selected_by_score_default_no_gt\00017_best.png,drift-chicane
18,default_no_gt,5,1,0.0,0.8989560764230845,0.8989560764230845,D:\uwb thesis\RelatedData\DAVIS-data\DAVIS\SAM_results\drift-chicane\selected_by_sam\00018_sam_best.png,D:\uwb thesis\RelatedData\DAVIS-data\DAVIS\SAM_results\drift-chicane\selected_by_score_default_no_gt\00018_best.png,drift-chicane
19,default_no_gt,5,1,0.0,0.8907970879223446,0.8907970879223446,D:\uwb thesis\RelatedData\DAVIS-data\DAVIS\SAM_results\drift-chicane\selected_by_sam\00019_sam_best.png,D:\uwb thesis\RelatedData\DAVIS-data\DAVIS\SAM_results\drift-chicane\selected_by_score_default_no_gt\00019_best.png,drift-chicane
20,default_no_gt,5,1,0.0,0.8985296787075694,0.8985296787075694,D:\uwb thesis\RelatedData\DAVIS-data\DAVIS\SAM_results\drift-chicane\selected_by_sam\00020_sam_best.png,D:\uwb thesis\RelatedData\DAVIS-data\DAVIS\SAM_results\drift-chicane\selected_by_score_default_no_gt\00020_best.png,drift-chicane
21,default_no_gt,8,1,0.0,0.8947729220222793,0.8947729220222793,D:\uwb thesis\RelatedData\DAVIS-data\DAVIS\SAM_results\drift-chicane\selected_by_sam\00021_sam_best.png,D:\uwb thesis\RelatedData\DAVIS-data\DAVIS\SAM_results\drift-chicane\selected_by_score_default_no_gt\00021_best.png,drift-chicane
22,default_no_gt,2,1,0.916043507817811,0.8868690147703295,-0.0291744930474814,D:\uwb thesis\RelatedData\DAVIS-data\DAVIS\SAM_results\drift-chicane\selected_by_sam\00022_sam_best.png,D:\uwb thesis\RelatedData\DAVIS-data\DAVIS\SAM_results\drift-chicane\selected_by_score_default_no_gt\00022_best.png,drift-chicane
23,default_no_gt,2,2,0.9130785357200452,0.9130785357200452,0.0,D:\uwb thesis\RelatedData\DAVIS-data\DAVIS\SAM_results\drift-chicane\selected_by_sam\00023_sam_best.png,D:\uwb thesis\RelatedData\DAVIS-data\DAVIS\SAM_results\drift-chicane\selected_by_score_default_no_gt\00023_best.png,drift-chicane
24,default_no_gt,2,2,0.9174114021571648,0.9174114021571648,0.0,D:\uwb thesis\RelatedData\DAVIS-data\DAVIS\SAM_results\drift-chicane\selected_by_sam\00024_sam_best.png,D:\uwb thesis\RelatedData\DAVIS-data\DAVIS\SAM_results\drift-chicane\selected_by_score_default_no_gt\00024_best.png,drift-chicane
25,default_no_gt,2,1,0.9230656506447832,0.9020750426378624,-0.0209906080069206,D:\uwb thesis\RelatedData\DAVIS-data\DAVIS\SAM_results\drift-chicane\selected_by_sam\00025_sam_best.png,D:\uwb thesis\RelatedData\DAVIS-data\DAVIS\SAM_results\drift-chicane\selected_by_score_default_no_gt\00025_best.png,drift-chicane
26,default_no_gt,2,1,0.9214689265536724,0.9034013605442176,-0.0180675660094545,D:\uwb thesis\RelatedData\DAVIS-data\DAVIS\SAM_results\drift-chicane\selected_by_sam\00026_sam_best.png,D:\uwb thesis\RelatedData\DAVIS-data\DAVIS\SAM_results\drift-chicane\selected_by_score_default_no_gt\00026_best.png,drift-chicane
27,default_no_gt,2,1,0.9251077586206896,0.9028229478340056,-0.022284810786684,D:\uwb thesis\RelatedData\DAVIS-data\DAVIS\SAM_results\drift-chicane\selected_by_sam\00027_sam_best.png,D:\uwb thesis\RelatedData\DAVIS-data\DAVIS\SAM_results\drift-chicane\selected_by_score_default_no_gt\00027_best.png,drift-chicane
28,default_no_gt,2,1,0.9309403043308624,0.9109321927286452,-0.0200081116022171,D:\uwb thesis\RelatedData\DAVIS-data\DAVIS\SAM_results\drift-chicane\selected_by_sam\00028_sam_best.png,D:\uwb thesis\RelatedData\DAVIS-data\DAVIS\SAM_results\drift-chicane\selected_by_score_default_no_gt\00028_best.png,drift-chicane
29,default_no_gt,2,1,0.918881817047298,0.9127401786807,-0.006141638366598,D:\uwb thesis\RelatedData\DAVIS-data\DAVIS\SAM_results\drift-chicane\selected_by_sam\00029_sam_best.png,D:\uwb thesis\RelatedData\DAVIS-data\DAVIS\SAM_results\drift-chicane\selected_by_score_default_no_gt\00029_best.png,drift-chicane
30,default_no_gt,2,1,0.9316623020326724,0.91547935281333,-0.0161829492193422,D:\uwb thesis\RelatedData\DAVIS-data\DAVIS\SAM_results\drift-chicane\selected_by_sam\00030_sam_best.png,D:\uwb thesis\RelatedData\DAVIS-data\DAVIS\SAM_results\drift-chicane\selected_by_score_default_no_gt\00030_best.png,drift-chicane
31,default_no_gt,2,1,0.939820583104909,0.9238233867054828,-0.0159971963994262,D:\uwb thesis\RelatedData\DAVIS-data\DAVIS\SAM_results\drift-chicane\selected_by_sam\00031_sam_best.png,D:\uwb thesis\RelatedData\DAVIS-data\DAVIS\SAM_results\drift-chicane\selected_by_score_default_no_gt\00031_best.png,drift-chicane
32,default_no_gt,2,1,0.9322324159021408,0.913455838767042,-0.0187765771350986,D:\uwb thesis\RelatedData\DAVIS-data\DAVIS\SAM_results\drift-chicane\selected_by_sam\00032_sam_best.png,D:\uwb thesis\RelatedData\DAVIS-data\DAVIS\SAM_results\drift-chicane\selected_by_score_default_no_gt\00032_best.png,drift-chicane
33,default_no_gt,2,1,0.929278123854892,0.915028006197116,-0.0142501176577759,D:\uwb thesis\RelatedData\DAVIS-data\DAVIS\SAM_results\drift-chicane\selected_by_sam\00033_sam_best.png,D:\uwb thesis\RelatedData\DAVIS-data\DAVIS\SAM_results\drift-chicane\selected_by_score_default_no_gt\00033_best.png,drift-chicane
34,default_no_gt,2,1,0.9124907430264132,0.9006750241080038,-0.0118157189184093,D:\uwb thesis\RelatedData\DAVIS-data\DAVIS\SAM_results\drift-chicane\selected_by_sam\00034_sam_best.png,D:\uwb thesis\RelatedData\DAVIS-data\DAVIS\SAM_results\drift-chicane\selected_by_score_default_no_gt\00034_best.png,drift-chicane
35,default_no_gt,2,1,0.9202795392778568,0.914977192093259,-0.0053023471845978,D:\uwb thesis\RelatedData\DAVIS-data\DAVIS\SAM_results\drift-chicane\selected_by_sam\00035_sam_best.png,D:\uwb thesis\RelatedData\DAVIS-data\DAVIS\SAM_results\drift-chicane\selected_by_score_default_no_gt\00035_best.png,drift-chicane
36,default_no_gt,2,1,0.9067123287671232,0.907372654155496,0.0006603253883726,D:\uwb thesis\RelatedData\DAVIS-data\DAVIS\SAM_results\drift-chicane\selected_by_sam\00036_sam_best.png,D:\uwb thesis\RelatedData\DAVIS-data\DAVIS\SAM_results\drift-chicane\selected_by_score_default_no_gt\00036_best.png,drift-chicane
37,default_no_gt,2,1,0.9367483991878808,0.9129319450731854,-0.0238164541146952,D:\uwb thesis\RelatedData\DAVIS-data\DAVIS\SAM_results\drift-chicane\selected_by_sam\00037_sam_best.png,D:\uwb thesis\RelatedData\DAVIS-data\DAVIS\SAM_results\drift-chicane\selected_by_score_default_no_gt\00037_best.png,drift-chicane
38,default_no_gt,2,1,0.938768933290364,0.9168742216687422,-0.0218947116216219,D:\uwb thesis\RelatedData\DAVIS-data\DAVIS\SAM_results\drift-chicane\selected_by_sam\00038_sam_best.png,D:\uwb thesis\RelatedData\DAVIS-data\DAVIS\SAM_results\drift-chicane\selected_by_score_default_no_gt\00038_best.png,drift-chicane
39,default_no_gt,2,1,0.9258263907551734,0.9060665362035224,-0.0197598545516508,D:\uwb thesis\RelatedData\DAVIS-data\DAVIS\SAM_results\drift-chicane\selected_by_sam\00039_sam_best.png,D:\uwb thesis\RelatedData\DAVIS-data\DAVIS\SAM_results\drift-chicane\selected_by_score_default_no_gt\00039_best.png,drift-chicane
40,default_no_gt,2,1,0.9418425681618294,0.9248369507110018,-0.0170056174508276,D:\uwb thesis\RelatedData\DAVIS-data\DAVIS\SAM_results\drift-chicane\selected_by_sam\00040_sam_best.png,D:\uwb thesis\RelatedData\DAVIS-data\DAVIS\SAM_results\drift-chicane\selected_by_score_default_no_gt\00040_best.png,drift-chicane
41,default_no_gt,2,1,0.952883000559806,0.9444698563717868,-0.0084131441880191,D:\uwb thesis\RelatedData\DAVIS-data\DAVIS\SAM_results\drift-chicane\selected_by_sam\00041_sam_best.png,D:\uwb thesis\RelatedData\DAVIS-data\DAVIS\SAM_results\drift-chicane\selected_by_score_default_no_gt\00041_best.png,drift-chicane
42,default_no_gt,2,1,0.9482055464926592,0.9505596263789357,0.0023540798862764,D:\uwb thesis\RelatedData\DAVIS-data\DAVIS\SAM_results\drift-chicane\selected_by_sam\00042_sam_best.png,D:\uwb thesis\RelatedData\DAVIS-data\DAVIS\SAM_results\drift-chicane\selected_by_score_default_no_gt\00042_best.png,drift-chicane
43,default_no_gt,2,1,0.9528609761404018,0.9527610008628128,-9.997527758898173e-05,D:\uwb thesis\RelatedData\DAVIS-data\DAVIS\SAM_results\drift-chicane\selected_by_sam\00043_sam_best.png,D:\uwb thesis\RelatedData\DAVIS-data\DAVIS\SAM_results\drift-chicane\selected_by_score_default_no_gt\00043_best.png,drift-chicane
44,default_no_gt,2,1,0.9500228952704912,0.9527140821349916,0.0026911868645003,D:\uwb thesis\RelatedData\DAVIS-data\DAVIS\SAM_results\drift-chicane\selected_by_sam\00044_sam_best.png,D:\uwb thesis\RelatedData\DAVIS-data\DAVIS\SAM_results\drift-chicane\selected_by_score_default_no_gt\00044_best.png,drift-chicane
45,default_no_gt,2,1,0.9525488555548915,0.9535436345274164,0.0009947789725248,D:\uwb thesis\RelatedData\DAVIS-data\DAVIS\SAM_results\drift-chicane\selected_by_sam\00045_sam_best.png,D:\uwb thesis\RelatedData\DAVIS-data\DAVIS\SAM_results\drift-chicane\selected_by_score_default_no_gt\00045_best.png,drift-chicane
46,default_no_gt,2,1,0.9599398261644752,0.9575253415601588,-0.0024144846043164,D:\uwb thesis\RelatedData\DAVIS-data\DAVIS\SAM_results\drift-chicane\selected_by_sam\00046_sam_best.png,D:\uwb thesis\RelatedData\DAVIS-data\DAVIS\SAM_results\drift-chicane\selected_by_score_default_no_gt\00046_best.png,drift-chicane
47,default_no_gt,2,1,0.9597167342330784,0.9634090329165604,0.0036922986834818,D:\uwb thesis\RelatedData\DAVIS-data\DAVIS\SAM_results\drift-chicane\selected_by_sam\00047_sam_best.png,D:\uwb thesis\RelatedData\DAVIS-data\DAVIS\SAM_results\drift-chicane\selected_by_score_default_no_gt\00047_best.png,drift-chicane
48,default_no_gt,2,1,0.9574366102669798,0.9643759835948305,0.0069393733278506,D:\uwb thesis\RelatedData\DAVIS-data\DAVIS\SAM_results\drift-chicane\selected_by_sam\00048_sam_best.png,D:\uwb thesis\RelatedData\DAVIS-data\DAVIS\SAM_results\drift-chicane\selected_by_score_default_no_gt\00048_best.png,drift-chicane
49,default_no_gt,2,1,0.9590902974027722,0.9631808861549432,0.0040905887521711,D:\uwb thesis\RelatedData\DAVIS-data\DAVIS\SAM_results\drift-chicane\selected_by_sam\00049_sam_best.png,D:\uwb thesis\RelatedData\DAVIS-data\DAVIS\SAM_results\drift-chicane\selected_by_score_default_no_gt\00049_best.png,drift-chicane
50,default_no_gt,2,1,0.9594999788842434,0.9622300647004454,0.0027300858162019,D:\uwb thesis\RelatedData\DAVIS-data\DAVIS\SAM_results\drift-chicane\selected_by_sam\00050_sam_best.png,D:\uwb thesis\RelatedData\DAVIS-data\DAVIS\SAM_results\drift-chicane\selected_by_score_default_no_gt\00050_best.png,drift-chicane
51,default_no_gt,2,1,0.9606255235967608,0.9646105572546372,0.0039850336578765,D:\uwb thesis\RelatedData\DAVIS-data\DAVIS\SAM_results\drift-chicane\selected_by_sam\00051_sam_best.png,D:\uwb thesis\RelatedData\DAVIS-data\DAVIS\SAM_results\drift-chicane\selected_by_score_default_no_gt\00051_best.png,drift-chicane
0,default_no_gt,2,7,0.0,0.9433279742765274,0.9433279742765274,D:\uwb thesis\RelatedData\DAVIS-data\DAVIS\SAM_results\drift-straight\selected_by_sam\00000_sam_best.png,D:\uwb thesis\RelatedData\DAVIS-data\DAVIS\SAM_results\drift-straight\selected_by_score_default_no_gt\00000_best.png,drift-straight
1,default_no_gt,2,8,0.0,0.956564082586677,0.956564082586677,D:\uwb thesis\RelatedData\DAVIS-data\DAVIS\SAM_results\drift-straight\selected_by_sam\00001_sam_best.png,D:\uwb thesis\RelatedData\DAVIS-data\DAVIS\SAM_results\drift-straight\selected_by_score_default_no_gt\00001_best.png,drift-straight
2,default_no_gt,5,8,0.0,0.9463986599664992,0.9463986599664992,D:\uwb thesis\RelatedData\DAVIS-data\DAVIS\SAM_results\drift-straight\selected_by_sam\00002_sam_best.png,D:\uwb thesis\RelatedData\DAVIS-data\DAVIS\SAM_results\drift-straight\selected_by_score_default_no_gt\00002_best.png,drift-straight
3,default_no_gt,5,7,0.0,0.9447020436201272,0.9447020436201272,D:\uwb thesis\RelatedData\DAVIS-data\DAVIS\SAM_results\drift-straight\selected_by_sam\00003_sam_best.png,D:\uwb thesis\RelatedData\DAVIS-data\DAVIS\SAM_results\drift-straight\selected_by_score_default_no_gt\00003_best.png,drift-straight
4,default_no_gt,2,7,0.0,0.9449683104034626,0.9449683104034626,D:\uwb thesis\RelatedData\DAVIS-data\DAVIS\SAM_results\drift-straight\selected_by_sam\00004_sam_best.png,D:\uwb thesis\RelatedData\DAVIS-data\DAVIS\SAM_results\drift-straight\selected_by_score_default_no_gt\00004_best.png,drift-straight
5,default_no_gt,2,7,0.0,0.9428148148148148,0.9428148148148148,D:\uwb thesis\RelatedData\DAVIS-data\DAVIS\SAM_results\drift-straight\selected_by_sam\00005_sam_best.png,D:\uwb thesis\RelatedData\DAVIS-data\DAVIS\SAM_results\drift-straight\selected_by_score_default_no_gt\00005_best.png,drift-straight
6,default_no_gt,2,7,0.0,0.9524011299435028,0.9524011299435028,D:\uwb thesis\RelatedData\DAVIS-data\DAVIS\SAM_results\drift-straight\selected_by_sam\00006_sam_best.png,D:\uwb thesis\RelatedData\DAVIS-data\DAVIS\SAM_results\drift-straight\selected_by_score_default_no_gt\00006_best.png,drift-straight
7,default_no_gt,2,7,0.0,0.9556689951638904,0.9556689951638904,D:\uwb thesis\RelatedData\DAVIS-data\DAVIS\SAM_results\drift-straight\selected_by_sam\00007_sam_best.png,D:\uwb thesis\RelatedData\DAVIS-data\DAVIS\SAM_results\drift-straight\selected_by_score_default_no_gt\00007_best.png,drift-straight
8,default_no_gt,2,8,0.0,0.961524500907441,0.961524500907441,D:\uwb thesis\RelatedData\DAVIS-data\DAVIS\SAM_results\drift-straight\selected_by_sam\00008_sam_best.png,D:\uwb thesis\RelatedData\DAVIS-data\DAVIS\SAM_results\drift-straight\selected_by_score_default_no_gt\00008_best.png,drift-straight
9,default_no_gt,2,7,0.0,0.9615254428523072,0.9615254428523072,D:\uwb thesis\RelatedData\DAVIS-data\DAVIS\SAM_results\drift-straight\selected_by_sam\00009_sam_best.png,D:\uwb thesis\RelatedData\DAVIS-data\DAVIS\SAM_results\drift-straight\selected_by_score_default_no_gt\00009_best.png,drift-straight
10,default_no_gt,2,7,0.0,0.947978096040438,0.947978096040438,D:\uwb thesis\RelatedData\DAVIS-data\DAVIS\SAM_results\drift-straight\selected_by_sam\00010_sam_best.png,D:\uwb thesis\RelatedData\DAVIS-data\DAVIS\SAM_results\drift-straight\selected_by_score_default_no_gt\00010_best.png,drift-straight
11,default_no_gt,2,5,0.0,0.961236407571486,0.961236407571486,D:\uwb thesis\RelatedData\DAVIS-data\DAVIS\SAM_results\drift-straight\selected_by_sam\00011_sam_best.png,D:\uwb thesis\RelatedData\DAVIS-data\DAVIS\SAM_results\drift-straight\selected_by_score_default_no_gt\00011_best.png,drift-straight
12,default_no_gt,2,4,0.0,0.9720099520170606,0.9720099520170606,D:\uwb thesis\RelatedData\DAVIS-data\DAVIS\SAM_results\drift-straight\selected_by_sam\00012_sam_best.png,D:\uwb thesis\RelatedData\DAVIS-data\DAVIS\SAM_results\drift-straight\selected_by_score_default_no_gt\00012_best.png,drift-straight
13,default_no_gt,2,4,0.0,0.9700768973587428,0.9700768973587428,D:\uwb thesis\RelatedData\DAVIS-data\DAVIS\SAM_results\drift-straight\selected_by_sam\00013_sam_best.png,D:\uwb thesis\RelatedData\DAVIS-data\DAVIS\SAM_results\drift-straight\selected_by_score_default_no_gt\00013_best.png,drift-straight
14,default_no_gt,2,1,0.9720599842146804,0.9715140069247716,-0.0005459772899085,D:\uwb thesis\RelatedData\DAVIS-data\DAVIS\SAM_results\drift-straight\selected_by_sam\00014_sam_best.png,D:\uwb thesis\RelatedData\DAVIS-data\DAVIS\SAM_results\drift-straight\selected_by_score_default_no_gt\00014_best.png,drift-straight
15,default_no_gt,2,2,0.97753060615109,0.97753060615109,0.0,D:\uwb thesis\RelatedData\DAVIS-data\DAVIS\SAM_results\drift-straight\selected_by_sam\00015_sam_best.png,D:\uwb thesis\RelatedData\DAVIS-data\DAVIS\SAM_results\drift-straight\selected_by_score_default_no_gt\00015_best.png,drift-straight
16,default_no_gt,2,1,0.9717837411207576,0.9704401281799752,-0.0013436129407825,D:\uwb thesis\RelatedData\DAVIS-data\DAVIS\SAM_results\drift-straight\selected_by_sam\00016_sam_best.png,D:\uwb thesis\RelatedData\DAVIS-data\DAVIS\SAM_results\drift-straight\selected_by_score_default_no_gt\00016_best.png,drift-straight
17,default_no_gt,5,1,0.0,0.9758889430102288,0.9758889430102288,D:\uwb thesis\RelatedData\DAVIS-data\DAVIS\SAM_results\drift-straight\selected_by_sam\00017_sam_best.png,D:\uwb thesis\RelatedData\DAVIS-data\DAVIS\SAM_results\drift-straight\selected_by_score_default_no_gt\00017_best.png,drift-straight
18,default_no_gt,5,1,0.0,0.9752869988124188,0.9752869988124188,D:\uwb thesis\RelatedData\DAVIS-data\DAVIS\SAM_results\drift-straight\selected_by_sam\00018_sam_best.png,D:\uwb thesis\RelatedData\DAVIS-data\DAVIS\SAM_results\drift-straight\selected_by_score_default_no_gt\00018_best.png,drift-straight
19,default_no_gt,5,1,0.0,0.9651294165981924,0.9651294165981924,D:\uwb thesis\RelatedData\DAVIS-data\DAVIS\SAM_results\drift-straight\selected_by_sam\00019_sam_best.png,D:\uwb thesis\RelatedData\DAVIS-data\DAVIS\SAM_results\drift-straight\selected_by_score_default_no_gt\00019_best.png,drift-straight
20,default_no_gt,2,7,0.9819800810263336,0.0001048833696929,-0.9818751976566408,D:\uwb thesis\RelatedData\DAVIS-data\DAVIS\SAM_results\drift-straight\selected_by_sam\00020_sam_best.png,D:\uwb thesis\RelatedData\DAVIS-data\DAVIS\SAM_results\drift-straight\selected_by_score_default_no_gt\00020_best.png,drift-straight
21,default_no_gt,5,13,0.0,5.461794745753454e-05,5.461794745753454e-05,D:\uwb thesis\RelatedData\DAVIS-data\DAVIS\SAM_results\drift-straight\selected_by_sam\00021_sam_best.png,D:\uwb thesis\RelatedData\DAVIS-data\DAVIS\SAM_results\drift-straight\selected_by_score_default_no_gt\00021_best.png,drift-straight
22,default_no_gt,4,8,0.0,0.0010371014686694,0.0010371014686694,D:\uwb thesis\RelatedData\DAVIS-data\DAVIS\SAM_results\drift-straight\selected_by_sam\00022_sam_best.png,D:\uwb thesis\RelatedData\DAVIS-data\DAVIS\SAM_results\drift-straight\selected_by_score_default_no_gt\00022_best.png,drift-straight
23,default_no_gt,5,7,0.0,0.0007091304484856,0.0007091304484856,D:\uwb thesis\RelatedData\DAVIS-data\DAVIS\SAM_results\drift-straight\selected_by_sam\00023_sam_best.png,D:\uwb thesis\RelatedData\DAVIS-data\DAVIS\SAM_results\drift-straight\selected_by_score_default_no_gt\00023_best.png,drift-straight
24,default_no_gt,2,7,0.983666471145603,0.0003138373751783,-0.9833526337704248,D:\uwb thesis\RelatedData\DAVIS-data\DAVIS\SAM_results\drift-straight\selected_by_sam\00024_sam_best.png,D:\uwb thesis\RelatedData\DAVIS-data\DAVIS\SAM_results\drift-straight\selected_by_score_default_no_gt\00024_best.png,drift-straight
25,default_no_gt,2,1,0.9839501930423884,0.9842910794330252,0.0003408863906365,D:\uwb thesis\RelatedData\DAVIS-data\DAVIS\SAM_results\drift-straight\selected_by_sam\00025_sam_best.png,D:\uwb thesis\RelatedData\DAVIS-data\DAVIS\SAM_results\drift-straight\selected_by_score_default_no_gt\00025_best.png,drift-straight
26,default_no_gt,2,3,0.9841088642458504,0.0,-0.9841088642458504,D:\uwb thesis\RelatedData\DAVIS-data\DAVIS\SAM_results\drift-straight\selected_by_sam\00026_sam_best.png,D:\uwb thesis\RelatedData\DAVIS-data\DAVIS\SAM_results\drift-straight\selected_by_score_default_no_gt\00026_best.png,drift-straight
27,default_no_gt,2,1,0.987572075447112,0.9889304899886048,0.0013584145414927,D:\uwb thesis\RelatedData\DAVIS-data\DAVIS\SAM_results\drift-straight\selected_by_sam\00027_sam_best.png,D:\uwb thesis\RelatedData\DAVIS-data\DAVIS\SAM_results\drift-straight\selected_by_score_default_no_gt\00027_best.png,drift-straight
28,default_no_gt,2,1,0.9845255175240828,0.9853308244691064,0.0008053069450235,D:\uwb thesis\RelatedData\DAVIS-data\DAVIS\SAM_results\drift-straight\selected_by_sam\00028_sam_best.png,D:\uwb thesis\RelatedData\DAVIS-data\DAVIS\SAM_results\drift-straight\selected_by_score_default_no_gt\00028_best.png,drift-straight
29,default_no_gt,1,2,0.9818392844951184,0.982242117732823,0.0004028332377045,D:\uwb thesis\RelatedData\DAVIS-data\DAVIS\SAM_results\drift-straight\selected_by_sam\00029_sam_best.png,D:\uwb thesis\RelatedData\DAVIS-data\DAVIS\SAM_results\drift-straight\selected_by_score_default_no_gt\00029_best.png,drift-straight
30,default_no_gt,1,2,0.9852578083206452,0.9855178451872072,0.0002600368665618,D:\uwb thesis\RelatedData\DAVIS-data\DAVIS\SAM_results\drift-straight\selected_by_sam\00030_sam_best.png,D:\uwb thesis\RelatedData\DAVIS-data\DAVIS\SAM_results\drift-straight\selected_by_score_default_no_gt\00030_best.png,drift-straight
31,default_no_gt,1,1,0.9829292824846542,0.9829292824846542,0.0,D:\uwb thesis\RelatedData\DAVIS-data\DAVIS\SAM_results\drift-straight\selected_by_sam\00031_sam_best.png,D:\uwb thesis\RelatedData\DAVIS-data\DAVIS\SAM_results\drift-straight\selected_by_score_default_no_gt\00031_best.png,drift-straight
32,default_no_gt,2,0,0.9734379910868988,0.7172543258243552,-0.2561836652625434,D:\uwb thesis\RelatedData\DAVIS-data\DAVIS\SAM_results\drift-straight\selected_by_sam\00032_sam_best.png,D:\uwb thesis\RelatedData\DAVIS-data\DAVIS\SAM_results\drift-straight\selected_by_score_default_no_gt\00032_best.png,drift-straight
33,default_no_gt,2,2,0.972873034138857,0.972873034138857,0.0,D:\uwb thesis\RelatedData\DAVIS-data\DAVIS\SAM_results\drift-straight\selected_by_sam\00033_sam_best.png,D:\uwb thesis\RelatedData\DAVIS-data\DAVIS\SAM_results\drift-straight\selected_by_score_default_no_gt\00033_best.png,drift-straight
34,default_no_gt,2,2,0.95676378653403,0.95676378653403,0.0,D:\uwb thesis\RelatedData\DAVIS-data\DAVIS\SAM_results\drift-straight\selected_by_sam\00034_sam_best.png,D:\uwb thesis\RelatedData\DAVIS-data\DAVIS\SAM_results\drift-straight\selected_by_score_default_no_gt\00034_best.png,drift-straight
35,default_no_gt,2,1,0.9616552984458532,0.9610593764712454,-0.0005959219746078,D:\uwb thesis\RelatedData\DAVIS-data\DAVIS\SAM_results\drift-straight\selected_by_sam\00035_sam_best.png,D:\uwb thesis\RelatedData\DAVIS-data\DAVIS\SAM_results\drift-straight\selected_by_score_default_no_gt\00035_best.png,drift-straight
36,default_no_gt,2,1,0.9656238749757688,0.9629942284576494,-0.0026296465181193,D:\uwb thesis\RelatedData\DAVIS-data\DAVIS\SAM_results\drift-straight\selected_by_sam\00036_sam_best.png,D:\uwb thesis\RelatedData\DAVIS-data\DAVIS\SAM_results\drift-straight\selected_by_score_default_no_gt\00036_best.png,drift-straight
37,default_no_gt,2,1,0.971517474908736,0.96652702770908,-0.004990447199656,D:\uwb thesis\RelatedData\DAVIS-data\DAVIS\SAM_results\drift-straight\selected_by_sam\00037_sam_best.png,D:\uwb thesis\RelatedData\DAVIS-data\DAVIS\SAM_results\drift-straight\selected_by_score_default_no_gt\00037_best.png,drift-straight
38,default_no_gt,2,5,0.9677959391437136,0.0,-0.9677959391437136,D:\uwb thesis\RelatedData\DAVIS-data\DAVIS\SAM_results\drift-straight\selected_by_sam\00038_sam_best.png,D:\uwb thesis\RelatedData\DAVIS-data\DAVIS\SAM_results\drift-straight\selected_by_score_default_no_gt\00038_best.png,drift-straight
39,default_no_gt,2,1,0.9707159459528492,0.9679456231736756,-0.0027703227791737,D:\uwb thesis\RelatedData\DAVIS-data\DAVIS\SAM_results\drift-straight\selected_by_sam\00039_sam_best.png,D:\uwb thesis\RelatedData\DAVIS-data\DAVIS\SAM_results\drift-straight\selected_by_score_default_no_gt\00039_best.png,drift-straight
40,default_no_gt,2,1,0.9674973639726188,0.9623189841647264,-0.0051783798078922,D:\uwb thesis\RelatedData\DAVIS-data\DAVIS\SAM_results\drift-straight\selected_by_sam\00040_sam_best.png,D:\uwb thesis\RelatedData\DAVIS-data\DAVIS\SAM_results\drift-straight\selected_by_score_default_no_gt\00040_best.png,drift-straight
41,default_no_gt,2,8,0.9601088810934116,0.0,-0.9601088810934116,D:\uwb thesis\RelatedData\DAVIS-data\DAVIS\SAM_results\drift-straight\selected_by_sam\00041_sam_best.png,D:\uwb thesis\RelatedData\DAVIS-data\DAVIS\SAM_results\drift-straight\selected_by_score_default_no_gt\00041_best.png,drift-straight
42,default_no_gt,4,2,0.0,0.0,0.0,D:\uwb thesis\RelatedData\DAVIS-data\DAVIS\SAM_results\drift-straight\selected_by_sam\00042_sam_best.png,D:\uwb thesis\RelatedData\DAVIS-data\DAVIS\SAM_results\drift-straight\selected_by_score_default_no_gt\00042_best.png,drift-straight
43,default_no_gt,8,13,0.9737658001430956,0.0,-0.9737658001430956,D:\uwb thesis\RelatedData\DAVIS-data\DAVIS\SAM_results\drift-straight\selected_by_sam\00043_sam_best.png,D:\uwb thesis\RelatedData\DAVIS-data\DAVIS\SAM_results\drift-straight\selected_by_score_default_no_gt\00043_best.png,drift-straight
44,default_no_gt,2,14,0.9772627896808046,0.0,-0.9772627896808046,D:\uwb thesis\RelatedData\DAVIS-data\DAVIS\SAM_results\drift-straight\selected_by_sam\00044_sam_best.png,D:\uwb thesis\RelatedData\DAVIS-data\DAVIS\SAM_results\drift-straight\selected_by_score_default_no_gt\00044_best.png,drift-straight
45,default_no_gt,5,2,0.964117824643119,0.0,-0.964117824643119,D:\uwb thesis\RelatedData\DAVIS-data\DAVIS\SAM_results\drift-straight\selected_by_sam\00045_sam_best.png,D:\uwb thesis\RelatedData\DAVIS-data\DAVIS\SAM_results\drift-straight\selected_by_score_default_no_gt\00045_best.png,drift-straight
46,default_no_gt,8,4,0.9637971819397304,0.0,-0.9637971819397304,D:\uwb thesis\RelatedData\DAVIS-data\DAVIS\SAM_results\drift-straight\selected_by_sam\00046_sam_best.png,D:\uwb thesis\RelatedData\DAVIS-data\DAVIS\SAM_results\drift-straight\selected_by_score_default_no_gt\00046_best.png,drift-straight
47,default_no_gt,11,6,0.9612006737247352,0.0,-0.9612006737247352,D:\uwb thesis\RelatedData\DAVIS-data\DAVIS\SAM_results\drift-straight\selected_by_sam\00047_sam_best.png,D:\uwb thesis\RelatedData\DAVIS-data\DAVIS\SAM_results\drift-straight\selected_by_score_default_no_gt\00047_best.png,drift-straight
48,default_no_gt,1,0,0.0,0.0,0.0,D:\uwb thesis\RelatedData\DAVIS-data\DAVIS\SAM_results\drift-straight\selected_by_sam\00048_sam_best.png,D:\uwb thesis\RelatedData\DAVIS-data\DAVIS\SAM_results\drift-straight\selected_by_score_default_no_gt\00048_best.png,drift-straight
49,default_no_gt,2,0,0.0,0.0,0.0,D:\uwb thesis\RelatedData\DAVIS-data\DAVIS\SAM_results\drift-straight\selected_by_sam\00049_sam_best.png,D:\uwb thesis\RelatedData\DAVIS-data\DAVIS\SAM_results\drift-straight\selected_by_score_default_no_gt\00049_best.png,drift-straight
0,default_no_gt,4,1,0.0,0.972628377588022,0.972628377588022,D:\uwb thesis\RelatedData\DAVIS-data\DAVIS\SAM_results\drift-turn\selected_by_sam\00000_sam_best.png,D:\uwb thesis\RelatedData\DAVIS-data\DAVIS\SAM_results\drift-turn\selected_by_score_default_no_gt\00000_best.png,drift-turn
1,default_no_gt,5,1,0.0,0.9678259884445451,0.9678259884445451,D:\uwb thesis\RelatedData\DAVIS-data\DAVIS\SAM_results\drift-turn\selected_by_sam\00001_sam_best.png,D:\uwb thesis\RelatedData\DAVIS-data\DAVIS\SAM_results\drift-turn\selected_by_score_default_no_gt\00001_best.png,drift-turn
2,default_no_gt,5,1,0.0,0.9620099392600772,0.9620099392600772,D:\uwb thesis\RelatedData\DAVIS-data\DAVIS\SAM_results\drift-turn\selected_by_sam\00002_sam_best.png,D:\uwb thesis\RelatedData\DAVIS-data\DAVIS\SAM_results\drift-turn\selected_by_score_default_no_gt\00002_best.png,drift-turn
3,default_no_gt,5,1,0.0,0.9502739148756848,0.9502739148756848,D:\uwb thesis\RelatedData\DAVIS-data\DAVIS\SAM_results\drift-turn\selected_by_sam\00003_sam_best.png,D:\uwb thesis\RelatedData\DAVIS-data\DAVIS\SAM_results\drift-turn\selected_by_score_default_no_gt\00003_best.png,drift-turn
4,default_no_gt,5,1,0.0,0.959838526032502,0.959838526032502,D:\uwb thesis\RelatedData\DAVIS-data\DAVIS\SAM_results\drift-turn\selected_by_sam\00004_sam_best.png,D:\uwb thesis\RelatedData\DAVIS-data\DAVIS\SAM_results\drift-turn\selected_by_score_default_no_gt\00004_best.png,drift-turn
5,default_no_gt,5,1,0.0,0.9697976442162488,0.9697976442162488,D:\uwb thesis\RelatedData\DAVIS-data\DAVIS\SAM_results\drift-turn\selected_by_sam\00005_sam_best.png,D:\uwb thesis\RelatedData\DAVIS-data\DAVIS\SAM_results\drift-turn\selected_by_score_default_no_gt\00005_best.png,drift-turn
6,default_no_gt,8,1,0.0,0.9633767243054208,0.9633767243054208,D:\uwb thesis\RelatedData\DAVIS-data\DAVIS\SAM_results\drift-turn\selected_by_sam\00006_sam_best.png,D:\uwb thesis\RelatedData\DAVIS-data\DAVIS\SAM_results\drift-turn\selected_by_score_default_no_gt\00006_best.png,drift-turn
7,default_no_gt,8,1,0.0,0.9530932594644506,0.9530932594644506,D:\uwb thesis\RelatedData\DAVIS-data\DAVIS\SAM_results\drift-turn\selected_by_sam\00007_sam_best.png,D:\uwb thesis\RelatedData\DAVIS-data\DAVIS\SAM_results\drift-turn\selected_by_score_default_no_gt\00007_best.png,drift-turn
8,default_no_gt,8,1,0.0,0.9620343839541547,0.9620343839541547,D:\uwb thesis\RelatedData\DAVIS-data\DAVIS\SAM_results\drift-turn\selected_by_sam\00008_sam_best.png,D:\uwb thesis\RelatedData\DAVIS-data\DAVIS\SAM_results\drift-turn\selected_by_score_default_no_gt\00008_best.png,drift-turn
9,default_no_gt,8,1,0.0,0.9522201587033596,0.9522201587033596,D:\uwb thesis\RelatedData\DAVIS-data\DAVIS\SAM_results\drift-turn\selected_by_sam\00009_sam_best.png,D:\uwb thesis\RelatedData\DAVIS-data\DAVIS\SAM_results\drift-turn\selected_by_score_default_no_gt\00009_best.png,drift-turn
10,default_no_gt,7,1,0.0,0.9535633666559176,0.9535633666559176,D:\uwb thesis\RelatedData\DAVIS-data\DAVIS\SAM_results\drift-turn\selected_by_sam\00010_sam_best.png,D:\uwb thesis\RelatedData\DAVIS-data\DAVIS\SAM_results\drift-turn\selected_by_score_default_no_gt\00010_best.png,drift-turn
11,default_no_gt,7,1,0.0,0.9609150833656456,0.9609150833656456,D:\uwb thesis\RelatedData\DAVIS-data\DAVIS\SAM_results\drift-turn\selected_by_sam\00011_sam_best.png,D:\uwb thesis\RelatedData\DAVIS-data\DAVIS\SAM_results\drift-turn\selected_by_score_default_no_gt\00011_best.png,drift-turn
12,default_no_gt,8,1,0.0,0.961598109445388,0.961598109445388,D:\uwb thesis\RelatedData\DAVIS-data\DAVIS\SAM_results\drift-turn\selected_by_sam\00012_sam_best.png,D:\uwb thesis\RelatedData\DAVIS-data\DAVIS\SAM_results\drift-turn\selected_by_score_default_no_gt\00012_best.png,drift-turn
13,default_no_gt,7,1,0.0,0.9601881758180032,0.9601881758180032,D:\uwb thesis\RelatedData\DAVIS-data\DAVIS\SAM_results\drift-turn\selected_by_sam\00013_sam_best.png,D:\uwb thesis\RelatedData\DAVIS-data\DAVIS\SAM_results\drift-turn\selected_by_score_default_no_gt\00013_best.png,drift-turn
14,default_no_gt,7,4,0.0,0.0,0.0,D:\uwb thesis\RelatedData\DAVIS-data\DAVIS\SAM_results\drift-turn\selected_by_sam\00014_sam_best.png,D:\uwb thesis\RelatedData\DAVIS-data\DAVIS\SAM_results\drift-turn\selected_by_score_default_no_gt\00014_best.png,drift-turn
15,default_no_gt,7,5,1.850669479684276e-05,0.0,-1.850669479684276e-05,D:\uwb thesis\RelatedData\DAVIS-data\DAVIS\SAM_results\drift-turn\selected_by_sam\00015_sam_best.png,D:\uwb thesis\RelatedData\DAVIS-data\DAVIS\SAM_results\drift-turn\selected_by_score_default_no_gt\00015_best.png,drift-turn
16,default_no_gt,7,4,0.0,0.0,0.0,D:\uwb thesis\RelatedData\DAVIS-data\DAVIS\SAM_results\drift-turn\selected_by_sam\00016_sam_best.png,D:\uwb thesis\RelatedData\DAVIS-data\DAVIS\SAM_results\drift-turn\selected_by_score_default_no_gt\00016_best.png,drift-turn
17,default_no_gt,10,4,0.0,0.0,0.0,D:\uwb thesis\RelatedData\DAVIS-data\DAVIS\SAM_results\drift-turn\selected_by_sam\00017_sam_best.png,D:\uwb thesis\RelatedData\DAVIS-data\DAVIS\SAM_results\drift-turn\selected_by_score_default_no_gt\00017_best.png,drift-turn
18,default_no_gt,10,2,4.208311415044714e-06,0.9504289799809342,0.9504247716695192,D:\uwb thesis\RelatedData\DAVIS-data\DAVIS\SAM_results\drift-turn\selected_by_sam\00018_sam_best.png,D:\uwb thesis\RelatedData\DAVIS-data\DAVIS\SAM_results\drift-turn\selected_by_score_default_no_gt\00018_best.png,drift-turn
19,default_no_gt,7,6,7.9961298731414e-06,0.0,-7.9961298731414e-06,D:\uwb thesis\RelatedData\DAVIS-data\DAVIS\SAM_results\drift-turn\selected_by_sam\00019_sam_best.png,D:\uwb thesis\RelatedData\DAVIS-data\DAVIS\SAM_results\drift-turn\selected_by_score_default_no_gt\00019_best.png,drift-turn
20,default_no_gt,10,4,0.0,0.0,0.0,D:\uwb thesis\RelatedData\DAVIS-data\DAVIS\SAM_results\drift-turn\selected_by_sam\00020_sam_best.png,D:\uwb thesis\RelatedData\DAVIS-data\DAVIS\SAM_results\drift-turn\selected_by_score_default_no_gt\00020_best.png,drift-turn
21,default_no_gt,4,3,0.0,0.0,0.0,D:\uwb thesis\RelatedData\DAVIS-data\DAVIS\SAM_results\drift-turn\selected_by_sam\00021_sam_best.png,D:\uwb thesis\RelatedData\DAVIS-data\DAVIS\SAM_results\drift-turn\selected_by_score_default_no_gt\00021_best.png,drift-turn
22,default_no_gt,4,3,0.0,0.0,0.0,D:\uwb thesis\RelatedData\DAVIS-data\DAVIS\SAM_results\drift-turn\selected_by_sam\00022_sam_best.png,D:\uwb thesis\RelatedData\DAVIS-data\DAVIS\SAM_results\drift-turn\selected_by_score_default_no_gt\00022_best.png,drift-turn
23,default_no_gt,7,6,2.3268414456998308e-05,0.0,-2.3268414456998308e-05,D:\uwb thesis\RelatedData\DAVIS-data\DAVIS\SAM_results\drift-turn\selected_by_sam\00023_sam_best.png,D:\uwb thesis\RelatedData\DAVIS-data\DAVIS\SAM_results\drift-turn\selected_by_score_default_no_gt\00023_best.png,drift-turn
24,default_no_gt,4,3,0.0,0.0,0.0,D:\uwb thesis\RelatedData\DAVIS-data\DAVIS\SAM_results\drift-turn\selected_by_sam\00024_sam_best.png,D:\uwb thesis\RelatedData\DAVIS-data\DAVIS\SAM_results\drift-turn\selected_by_score_default_no_gt\00024_best.png,drift-turn
25,default_no_gt,4,1,0.0,0.9660674678054756,0.9660674678054756,D:\uwb thesis\RelatedData\DAVIS-data\DAVIS\SAM_results\drift-turn\selected_by_sam\00025_sam_best.png,D:\uwb thesis\RelatedData\DAVIS-data\DAVIS\SAM_results\drift-turn\selected_by_score_default_no_gt\00025_best.png,drift-turn
26,default_no_gt,4,1,0.0,0.9635469595148336,0.9635469595148336,D:\uwb thesis\RelatedData\DAVIS-data\DAVIS\SAM_results\drift-turn\selected_by_sam\00026_sam_best.png,D:\uwb thesis\RelatedData\DAVIS-data\DAVIS\SAM_results\drift-turn\selected_by_score_default_no_gt\00026_best.png,drift-turn
27,default_no_gt,4,1,0.0,0.9577092805562984,0.9577092805562984,D:\uwb thesis\RelatedData\DAVIS-data\DAVIS\SAM_results\drift-turn\selected_by_sam\00027_sam_best.png,D:\uwb thesis\RelatedData\DAVIS-data\DAVIS\SAM_results\drift-turn\selected_by_score_default_no_gt\00027_best.png,drift-turn
28,default_no_gt,4,1,1.642791431199895e-05,0.956073222533122,0.95605679461881,D:\uwb thesis\RelatedData\DAVIS-data\DAVIS\SAM_results\drift-turn\selected_by_sam\00028_sam_best.png,D:\uwb thesis\RelatedData\DAVIS-data\DAVIS\SAM_results\drift-turn\selected_by_score_default_no_gt\00028_best.png,drift-turn
29,default_no_gt,4,2,3.6176118499809256e-05,0.9476669157101134,0.9476307395916136,D:\uwb thesis\RelatedData\DAVIS-data\DAVIS\SAM_results\drift-turn\selected_by_sam\00029_sam_best.png,D:\uwb thesis\RelatedData\DAVIS-data\DAVIS\SAM_results\drift-turn\selected_by_score_default_no_gt\00029_best.png,drift-turn
30,default_no_gt,4,2,1.987794939074085e-05,0.9483936422049374,0.9483737642555466,D:\uwb thesis\RelatedData\DAVIS-data\DAVIS\SAM_results\drift-turn\selected_by_sam\00030_sam_best.png,D:\uwb thesis\RelatedData\DAVIS-data\DAVIS\SAM_results\drift-turn\selected_by_score_default_no_gt\00030_best.png,drift-turn
31,default_no_gt,4,1,6.610390211334175e-06,0.9543403238651448,0.9543337134749332,D:\uwb thesis\RelatedData\DAVIS-data\DAVIS\SAM_results\drift-turn\selected_by_sam\00031_sam_best.png,D:\uwb thesis\RelatedData\DAVIS-data\DAVIS\SAM_results\drift-turn\selected_by_score_default_no_gt\00031_best.png,drift-turn
32,default_no_gt,4,1,0.0,0.9558190347664032,0.9558190347664032,D:\uwb thesis\RelatedData\DAVIS-data\DAVIS\SAM_results\drift-turn\selected_by_sam\00032_sam_best.png,D:\uwb thesis\RelatedData\DAVIS-data\DAVIS\SAM_results\drift-turn\selected_by_score_default_no_gt\00032_best.png,drift-turn
33,default_no_gt,4,1,0.0,0.9666707548905378,0.9666707548905378,D:\uwb thesis\RelatedData\DAVIS-data\DAVIS\SAM_results\drift-turn\selected_by_sam\00033_sam_best.png,D:\uwb thesis\RelatedData\DAVIS-data\DAVIS\SAM_results\drift-turn\selected_by_score_default_no_gt\00033_best.png,drift-turn
34,default_no_gt,4,1,0.0,0.962926632237962,0.962926632237962,D:\uwb thesis\RelatedData\DAVIS-data\DAVIS\SAM_results\drift-turn\selected_by_sam\00034_sam_best.png,D:\uwb thesis\RelatedData\DAVIS-data\DAVIS\SAM_results\drift-turn\selected_by_score_default_no_gt\00034_best.png,drift-turn
35,default_no_gt,5,2,0.0,0.9498764560536532,0.9498764560536532,D:\uwb thesis\RelatedData\DAVIS-data\DAVIS\SAM_results\drift-turn\selected_by_sam\00035_sam_best.png,D:\uwb thesis\RelatedData\DAVIS-data\DAVIS\SAM_results\drift-turn\selected_by_score_default_no_gt\00035_best.png,drift-turn
36,default_no_gt,5,2,0.0,0.9403411993053428,0.9403411993053428,D:\uwb thesis\RelatedData\DAVIS-data\DAVIS\SAM_results\drift-turn\selected_by_sam\00036_sam_best.png,D:\uwb thesis\RelatedData\DAVIS-data\DAVIS\SAM_results\drift-turn\selected_by_score_default_no_gt\00036_best.png,drift-turn
37,default_no_gt,5,1,6.0710924930941324e-06,0.9542960736606078,0.9542900025681148,D:\uwb thesis\RelatedData\DAVIS-data\DAVIS\SAM_results\drift-turn\selected_by_sam\00037_sam_best.png,D:\uwb thesis\RelatedData\DAVIS-data\DAVIS\SAM_results\drift-turn\selected_by_score_default_no_gt\00037_best.png,drift-turn
38,default_no_gt,2,1,0.9571643175893608,0.9631758616892412,0.0060115440998805,D:\uwb thesis\RelatedData\DAVIS-data\DAVIS\SAM_results\drift-turn\selected_by_sam\00038_sam_best.png,D:\uwb thesis\RelatedData\DAVIS-data\DAVIS\SAM_results\drift-turn\selected_by_score_default_no_gt\00038_best.png,drift-turn
39,default_no_gt,2,1,0.9602709630172098,0.96519199172397,0.0049210287067602,D:\uwb thesis\RelatedData\DAVIS-data\DAVIS\SAM_results\drift-turn\selected_by_sam\00039_sam_best.png,D:\uwb thesis\RelatedData\DAVIS-data\DAVIS\SAM_results\drift-turn\selected_by_score_default_no_gt\00039_best.png,drift-turn
40,default_no_gt,2,2,0.970165107524878,0.970165107524878,0.0,D:\uwb thesis\RelatedData\DAVIS-data\DAVIS\SAM_results\drift-turn\selected_by_sam\00040_sam_best.png,D:\uwb thesis\RelatedData\DAVIS-data\DAVIS\SAM_results\drift-turn\selected_by_score_default_no_gt\00040_best.png,drift-turn
41,default_no_gt,4,2,0.0,0.9714795008912656,0.9714795008912656,D:\uwb thesis\RelatedData\DAVIS-data\DAVIS\SAM_results\drift-turn\selected_by_sam\00041_sam_best.png,D:\uwb thesis\RelatedData\DAVIS-data\DAVIS\SAM_results\drift-turn\selected_by_score_default_no_gt\00041_best.png,drift-turn
42,default_no_gt,5,1,0.0,0.9656284410885638,0.9656284410885638,D:\uwb thesis\RelatedData\DAVIS-data\DAVIS\SAM_results\drift-turn\selected_by_sam\00042_sam_best.png,D:\uwb thesis\RelatedData\DAVIS-data\DAVIS\SAM_results\drift-turn\selected_by_score_default_no_gt\00042_best.png,drift-turn
43,default_no_gt,2,2,0.9630809323874332,0.9630809323874332,0.0,D:\uwb thesis\RelatedData\DAVIS-data\DAVIS\SAM_results\drift-turn\selected_by_sam\00043_sam_best.png,D:\uwb thesis\RelatedData\DAVIS-data\DAVIS\SAM_results\drift-turn\selected_by_score_default_no_gt\00043_best.png,drift-turn
44,default_no_gt,2,1,0.9773025226776136,0.9768418273039344,-0.0004606953736792,D:\uwb thesis\RelatedData\DAVIS-data\DAVIS\SAM_results\drift-turn\selected_by_sam\00044_sam_best.png,D:\uwb thesis\RelatedData\DAVIS-data\DAVIS\SAM_results\drift-turn\selected_by_score_default_no_gt\00044_best.png,drift-turn
45,default_no_gt,2,1,0.9768549951503396,0.977759482789932,0.0009044876395923,D:\uwb thesis\RelatedData\DAVIS-data\DAVIS\SAM_results\drift-turn\selected_by_sam\00045_sam_best.png,D:\uwb thesis\RelatedData\DAVIS-data\DAVIS\SAM_results\drift-turn\selected_by_score_default_no_gt\00045_best.png,drift-turn
46,default_no_gt,2,1,0.9783551694831067,0.978173292827896,-0.0001818766552109,D:\uwb thesis\RelatedData\DAVIS-data\DAVIS\SAM_results\drift-turn\selected_by_sam\00046_sam_best.png,D:\uwb thesis\RelatedData\DAVIS-data\DAVIS\SAM_results\drift-turn\selected_by_score_default_no_gt\00046_best.png,drift-turn
47,default_no_gt,2,2,0.9756216625488164,0.9756216625488164,0.0,D:\uwb thesis\RelatedData\DAVIS-data\DAVIS\SAM_results\drift-turn\selected_by_sam\00047_sam_best.png,D:\uwb thesis\RelatedData\DAVIS-data\DAVIS\SAM_results\drift-turn\selected_by_score_default_no_gt\00047_best.png,drift-turn
48,default_no_gt,1,1,0.977118186724231,0.977118186724231,0.0,D:\uwb thesis\RelatedData\DAVIS-data\DAVIS\SAM_results\drift-turn\selected_by_sam\00048_sam_best.png,D:\uwb thesis\RelatedData\DAVIS-data\DAVIS\SAM_results\drift-turn\selected_by_score_default_no_gt\00048_best.png,drift-turn
49,default_no_gt,2,2,0.9760000657532444,0.9760000657532444,0.0,D:\uwb thesis\RelatedData\DAVIS-data\DAVIS\SAM_results\drift-turn\selected_by_sam\00049_sam_best.png,D:\uwb thesis\RelatedData\DAVIS-data\DAVIS\SAM_results\drift-turn\selected_by_score_default_no_gt\00049_best.png,drift-turn
50,default_no_gt,2,1,0.969324443209705,0.974875689010523,0.005551245800818,D:\uwb thesis\RelatedData\DAVIS-data\DAVIS\SAM_results\drift-turn\selected_by_sam\00050_sam_best.png,D:\uwb thesis\RelatedData\DAVIS-data\DAVIS\SAM_results\drift-turn\selected_by_score_default_no_gt\00050_best.png,drift-turn
51,default_no_gt,2,2,0.9724744813248054,0.9724744813248054,0.0,D:\uwb thesis\RelatedData\DAVIS-data\DAVIS\SAM_results\drift-turn\selected_by_sam\00051_sam_best.png,D:\uwb thesis\RelatedData\DAVIS-data\DAVIS\SAM_results\drift-turn\selected_by_score_default_no_gt\00051_best.png,drift-turn
52,default_no_gt,1,2,0.981508905343206,0.9763296220353588,-0.0051792833078472,D:\uwb thesis\RelatedData\DAVIS-data\DAVIS\SAM_results\drift-turn\selected_by_sam\00052_sam_best.png,D:\uwb thesis\RelatedData\DAVIS-data\DAVIS\SAM_results\drift-turn\selected_by_score_default_no_gt\00052_best.png,drift-turn
53,default_no_gt,1,2,0.9756049149924636,0.9723300277569066,-0.0032748872355571,D:\uwb thesis\RelatedData\DAVIS-data\DAVIS\SAM_results\drift-turn\selected_by_sam\00053_sam_best.png,D:\uwb thesis\RelatedData\DAVIS-data\DAVIS\SAM_results\drift-turn\selected_by_score_default_no_gt\00053_best.png,drift-turn
54,default_no_gt,1,2,0.9845862192156546,0.9829868437741418,-0.0015993754415127,D:\uwb thesis\RelatedData\DAVIS-data\DAVIS\SAM_results\drift-turn\selected_by_sam\00054_sam_best.png,D:\uwb thesis\RelatedData\DAVIS-data\DAVIS\SAM_results\drift-turn\selected_by_score_default_no_gt\00054_best.png,drift-turn
55,default_no_gt,2,0,0.9882810438893638,0.8555967217987643,-0.1326843220905994,D:\uwb thesis\RelatedData\DAVIS-data\DAVIS\SAM_results\drift-turn\selected_by_sam\00055_sam_best.png,D:\uwb thesis\RelatedData\DAVIS-data\DAVIS\SAM_results\drift-turn\selected_by_score_default_no_gt\00055_best.png,drift-turn
56,default_no_gt,1,0,0.9838387966179204,0.8208465541001133,-0.162992242517807,D:\uwb thesis\RelatedData\DAVIS-data\DAVIS\SAM_results\drift-turn\selected_by_sam\00056_sam_best.png,D:\uwb thesis\RelatedData\DAVIS-data\DAVIS\SAM_results\drift-turn\selected_by_score_default_no_gt\00056_best.png,drift-turn
57,default_no_gt,1,0,0.9907715091485014,0.8556207811490397,-0.1351507279994617,D:\uwb thesis\RelatedData\DAVIS-data\DAVIS\SAM_results\drift-turn\selected_by_sam\00057_sam_best.png,D:\uwb thesis\RelatedData\DAVIS-data\DAVIS\SAM_results\drift-turn\selected_by_score_default_no_gt\00057_best.png,drift-turn
58,default_no_gt,1,2,0.9855143795453196,0.9814104605975664,-0.004103918947753,D:\uwb thesis\RelatedData\DAVIS-data\DAVIS\SAM_results\drift-turn\selected_by_sam\00058_sam_best.png,D:\uwb thesis\RelatedData\DAVIS-data\DAVIS\SAM_results\drift-turn\selected_by_score_default_no_gt\00058_best.png,drift-turn
59,default_no_gt,1,0,0.968706283430318,0.6080569660425262,-0.3606493173877917,D:\uwb thesis\RelatedData\DAVIS-data\DAVIS\SAM_results\drift-turn\selected_by_sam\00059_sam_best.png,D:\uwb thesis\RelatedData\DAVIS-data\DAVIS\SAM_results\drift-turn\selected_by_score_default_no_gt\00059_best.png,drift-turn
60,default_no_gt,2,5,0.9687739991548624,0.6896424457293682,-0.2791315534254941,D:\uwb thesis\RelatedData\DAVIS-data\DAVIS\SAM_results\drift-turn\selected_by_sam\00060_sam_best.png,D:\uwb thesis\RelatedData\DAVIS-data\DAVIS\SAM_results\drift-turn\selected_by_score_default_no_gt\00060_best.png,drift-turn
61,default_no_gt,2,2,0.9644236568925196,0.9644236568925196,0.0,D:\uwb thesis\RelatedData\DAVIS-data\DAVIS\SAM_results\drift-turn\selected_by_sam\00061_sam_best.png,D:\uwb thesis\RelatedData\DAVIS-data\DAVIS\SAM_results\drift-turn\selected_by_score_default_no_gt\00061_best.png,drift-turn
62,default_no_gt,2,2,0.965849398895267,0.965849398895267,0.0,D:\uwb thesis\RelatedData\DAVIS-data\DAVIS\SAM_results\drift-turn\selected_by_sam\00062_sam_best.png,D:\uwb thesis\RelatedData\DAVIS-data\DAVIS\SAM_results\drift-turn\selected_by_score_default_no_gt\00062_best.png,drift-turn
63,default_no_gt,2,2,0.9664724741290648,0.9664724741290648,0.0,D:\uwb thesis\RelatedData\DAVIS-data\DAVIS\SAM_results\drift-turn\selected_by_sam\00063_sam_best.png,D:\uwb thesis\RelatedData\DAVIS-data\DAVIS\SAM_results\drift-turn\selected_by_score_default_no_gt\00063_best.png,drift-turn
0,default_no_gt,2,1,0.9734421456888008,0.9693158258465792,-0.0041263198422216,D:\uwb thesis\RelatedData\DAVIS-data\DAVIS\SAM_results\elephant\selected_by_sam\00000_sam_best.png,D:\uwb thesis\RelatedData\DAVIS-data\DAVIS\SAM_results\elephant\selected_by_score_default_no_gt\00000_best.png,elephant
1,default_no_gt,2,1,0.9717924821373096,0.9698202153718168,-0.0019722667654928,D:\uwb thesis\RelatedData\DAVIS-data\DAVIS\SAM_results\elephant\selected_by_sam\00001_sam_best.png,D:\uwb thesis\RelatedData\DAVIS-data\DAVIS\SAM_results\elephant\selected_by_score_default_no_gt\00001_best.png,elephant
2,default_no_gt,2,1,0.9722378102007732,0.9719721735897,-0.0002656366110732,D:\uwb thesis\RelatedData\DAVIS-data\DAVIS\SAM_results\elephant\selected_by_sam\00002_sam_best.png,D:\uwb thesis\RelatedData\DAVIS-data\DAVIS\SAM_results\elephant\selected_by_score_default_no_gt\00002_best.png,elephant
3,default_no_gt,2,1,0.9731799568628676,0.9738187355303842,0.0006387786675164,D:\uwb thesis\RelatedData\DAVIS-data\DAVIS\SAM_results\elephant\selected_by_sam\00003_sam_best.png,D:\uwb thesis\RelatedData\DAVIS-data\DAVIS\SAM_results\elephant\selected_by_score_default_no_gt\00003_best.png,elephant
4,default_no_gt,2,1,0.9748088732923924,0.9743338008415148,-0.0004750724508777,D:\uwb thesis\RelatedData\DAVIS-data\DAVIS\SAM_results\elephant\selected_by_sam\00004_sam_best.png,D:\uwb thesis\RelatedData\DAVIS-data\DAVIS\SAM_results\elephant\selected_by_score_default_no_gt\00004_best.png,elephant
5,default_no_gt,2,1,0.9707250811891082,0.9703686457120684,-0.0003564354770398,D:\uwb thesis\RelatedData\DAVIS-data\DAVIS\SAM_results\elephant\selected_by_sam\00005_sam_best.png,D:\uwb thesis\RelatedData\DAVIS-data\DAVIS\SAM_results\elephant\selected_by_score_default_no_gt\00005_best.png,elephant
6,default_no_gt,2,1,0.9687202905101072,0.96997472045162,0.0012544299415128,D:\uwb thesis\RelatedData\DAVIS-data\DAVIS\SAM_results\elephant\selected_by_sam\00006_sam_best.png,D:\uwb thesis\RelatedData\DAVIS-data\DAVIS\SAM_results\elephant\selected_by_score_default_no_gt\00006_best.png,elephant
7,default_no_gt,2,1,0.9695054040063372,0.9680088509365165,-0.0014965530698209,D:\uwb thesis\RelatedData\DAVIS-data\DAVIS\SAM_results\elephant\selected_by_sam\00007_sam_best.png,D:\uwb thesis\RelatedData\DAVIS-data\DAVIS\SAM_results\elephant\selected_by_score_default_no_gt\00007_best.png,elephant
8,default_no_gt,2,1,0.9713792448048656,0.9701283363514684,-0.0012509084533973,D:\uwb thesis\RelatedData\DAVIS-data\DAVIS\SAM_results\elephant\selected_by_sam\00008_sam_best.png,D:\uwb thesis\RelatedData\DAVIS-data\DAVIS\SAM_results\elephant\selected_by_score_default_no_gt\00008_best.png,elephant
9,default_no_gt,2,1,0.9705348036715962,0.9714358137545348,0.0009010100829387,D:\uwb thesis\RelatedData\DAVIS-data\DAVIS\SAM_results\elephant\selected_by_sam\00009_sam_best.png,D:\uwb thesis\RelatedData\DAVIS-data\DAVIS\SAM_results\elephant\selected_by_score_default_no_gt\00009_best.png,elephant
10,default_no_gt,2,1,0.9689881942793755,0.9711268715524036,0.0021386772730278,D:\uwb thesis\RelatedData\DAVIS-data\DAVIS\SAM_results\elephant\selected_by_sam\00010_sam_best.png,D:\uwb thesis\RelatedData\DAVIS-data\DAVIS\SAM_results\elephant\selected_by_score_default_no_gt\00010_best.png,elephant
11,default_no_gt,2,1,0.9624534612229444,0.9687946379518734,0.0063411767289289,D:\uwb thesis\RelatedData\DAVIS-data\DAVIS\SAM_results\elephant\selected_by_sam\00011_sam_best.png,D:\uwb thesis\RelatedData\DAVIS-data\DAVIS\SAM_results\elephant\selected_by_score_default_no_gt\00011_best.png,elephant
12,default_no_gt,2,1,0.947693568468,0.965839141671235,0.018145573203235,D:\uwb thesis\RelatedData\DAVIS-data\DAVIS\SAM_results\elephant\selected_by_sam\00012_sam_best.png,D:\uwb thesis\RelatedData\DAVIS-data\DAVIS\SAM_results\elephant\selected_by_score_default_no_gt\00012_best.png,elephant
13,default_no_gt,2,1,0.9632710943039472,0.9690149674790376,0.0057438731750906,D:\uwb thesis\RelatedData\DAVIS-data\DAVIS\SAM_results\elephant\selected_by_sam\00013_sam_best.png,D:\uwb thesis\RelatedData\DAVIS-data\DAVIS\SAM_results\elephant\selected_by_score_default_no_gt\00013_best.png,elephant
14,default_no_gt,2,1,0.9639321411034198,0.9672619047619048,0.0033297636584849,D:\uwb thesis\RelatedData\DAVIS-data\DAVIS\SAM_results\elephant\selected_by_sam\00014_sam_best.png,D:\uwb thesis\RelatedData\DAVIS-data\DAVIS\SAM_results\elephant\selected_by_score_default_no_gt\00014_best.png,elephant
15,default_no_gt,2,1,0.9615139645234227,0.9646666561319786,0.0031526916085556,D:\uwb thesis\RelatedData\DAVIS-data\DAVIS\SAM_results\elephant\selected_by_sam\00015_sam_best.png,D:\uwb thesis\RelatedData\DAVIS-data\DAVIS\SAM_results\elephant\selected_by_score_default_no_gt\00015_best.png,elephant
16,default_no_gt,2,1,0.9627977617905676,0.963815320241548,0.0010175584509806,D:\uwb thesis\RelatedData\DAVIS-data\DAVIS\SAM_results\elephant\selected_by_sam\00016_sam_best.png,D:\uwb thesis\RelatedData\DAVIS-data\DAVIS\SAM_results\elephant\selected_by_score_default_no_gt\00016_best.png,elephant
17,default_no_gt,2,1,0.9640694518061644,0.9628846642929808,-0.0011847875131838,D:\uwb thesis\RelatedData\DAVIS-data\DAVIS\SAM_results\elephant\selected_by_sam\00017_sam_best.png,D:\uwb thesis\RelatedData\DAVIS-data\DAVIS\SAM_results\elephant\selected_by_score_default_no_gt\00017_best.png,elephant
18,default_no_gt,2,1,0.961312937147657,0.9613328638647932,1.99267171361317e-05,D:\uwb thesis\RelatedData\DAVIS-data\DAVIS\SAM_results\elephant\selected_by_sam\00018_sam_best.png,D:\uwb thesis\RelatedData\DAVIS-data\DAVIS\SAM_results\elephant\selected_by_score_default_no_gt\00018_best.png,elephant
19,default_no_gt,2,1,0.9655615355847872,0.9638686013963514,-0.0016929341884357,D:\uwb thesis\RelatedData\DAVIS-data\DAVIS\SAM_results\elephant\selected_by_sam\00019_sam_best.png,D:\uwb thesis\RelatedData\DAVIS-data\DAVIS\SAM_results\elephant\selected_by_score_default_no_gt\00019_best.png,elephant
20,default_no_gt,2,1,0.9640292445166532,0.9649362990642164,0.0009070545475631,D:\uwb thesis\RelatedData\DAVIS-data\DAVIS\SAM_results\elephant\selected_by_sam\00020_sam_best.png,D:\uwb thesis\RelatedData\DAVIS-data\DAVIS\SAM_results\elephant\selected_by_score_default_no_gt\00020_best.png,elephant
21,default_no_gt,2,1,0.9663008517722358,0.9616267942583732,-0.0046740575138626,D:\uwb thesis\RelatedData\DAVIS-data\DAVIS\SAM_results\elephant\selected_by_sam\00021_sam_best.png,D:\uwb thesis\RelatedData\DAVIS-data\DAVIS\SAM_results\elephant\selected_by_score_default_no_gt\00021_best.png,elephant
22,default_no_gt,2,1,0.9662585605375372,0.9633254566355856,-0.0029331039019514,D:\uwb thesis\RelatedData\DAVIS-data\DAVIS\SAM_results\elephant\selected_by_sam\00022_sam_best.png,D:\uwb thesis\RelatedData\DAVIS-data\DAVIS\SAM_results\elephant\selected_by_score_default_no_gt\00022_best.png,elephant
23,default_no_gt,2,1,0.9649239235998706,0.960957984268082,-0.0039659393317884,D:\uwb thesis\RelatedData\DAVIS-data\DAVIS\SAM_results\elephant\selected_by_sam\00023_sam_best.png,D:\uwb thesis\RelatedData\DAVIS-data\DAVIS\SAM_results\elephant\selected_by_score_default_no_gt\00023_best.png,elephant
24,default_no_gt,2,1,0.965897742342136,0.9618331716779824,-0.0040645706641533,D:\uwb thesis\RelatedData\DAVIS-data\DAVIS\SAM_results\elephant\selected_by_sam\00024_sam_best.png,D:\uwb thesis\RelatedData\DAVIS-data\DAVIS\SAM_results\elephant\selected_by_score_default_no_gt\00024_best.png,elephant
25,default_no_gt,2,1,0.9684174050789564,0.9658885136788528,-0.0025288914001035,D:\uwb thesis\RelatedData\DAVIS-data\DAVIS\SAM_results\elephant\selected_by_sam\00025_sam_best.png,D:\uwb thesis\RelatedData\DAVIS-data\DAVIS\SAM_results\elephant\selected_by_score_default_no_gt\00025_best.png,elephant
26,default_no_gt,2,1,0.9669151366584956,0.9685000330534804,0.001584896394985,D:\uwb thesis\RelatedData\DAVIS-data\DAVIS\SAM_results\elephant\selected_by_sam\00026_sam_best.png,D:\uwb thesis\RelatedData\DAVIS-data\DAVIS\SAM_results\elephant\selected_by_score_default_no_gt\00026_best.png,elephant
27,default_no_gt,2,1,0.966457945506854,0.9681262181598226,0.0016682726529686,D:\uwb thesis\RelatedData\DAVIS-data\DAVIS\SAM_results\elephant\selected_by_sam\00027_sam_best.png,D:\uwb thesis\RelatedData\DAVIS-data\DAVIS\SAM_results\elephant\selected_by_score_default_no_gt\00027_best.png,elephant
28,default_no_gt,2,1,0.9589530747077756,0.9682211231116046,0.0092680484038288,D:\uwb thesis\RelatedData\DAVIS-data\DAVIS\SAM_results\elephant\selected_by_sam\00028_sam_best.png,D:\uwb thesis\RelatedData\DAVIS-data\DAVIS\SAM_results\elephant\selected_by_score_default_no_gt\00028_best.png,elephant
29,default_no_gt,2,1,0.9644508963235542,0.965549597855228,0.0010987015316736,D:\uwb thesis\RelatedData\DAVIS-data\DAVIS\SAM_results\elephant\selected_by_sam\00029_sam_best.png,D:\uwb thesis\RelatedData\DAVIS-data\DAVIS\SAM_results\elephant\selected_by_score_default_no_gt\00029_best.png,elephant
30,default_no_gt,2,1,0.969357086488574,0.964448798631752,-0.0049082878568219,D:\uwb thesis\RelatedData\DAVIS-data\DAVIS\SAM_results\elephant\selected_by_sam\00030_sam_best.png,D:\uwb thesis\RelatedData\DAVIS-data\DAVIS\SAM_results\elephant\selected_by_score_default_no_gt\00030_best.png,elephant
31,default_no_gt,2,1,0.9619946181189992,0.9648087071240106,0.0028140890050112,D:\uwb thesis\RelatedData\DAVIS-data\DAVIS\SAM_results\elephant\selected_by_sam\00031_sam_best.png,D:\uwb thesis\RelatedData\DAVIS-data\DAVIS\SAM_results\elephant\selected_by_score_default_no_gt\00031_best.png,elephant
32,default_no_gt,2,1,0.9618984400929308,0.9610799093506748,-0.0008185307422557,D:\uwb thesis\RelatedData\DAVIS-data\DAVIS\SAM_results\elephant\selected_by_sam\00032_sam_best.png,D:\uwb thesis\RelatedData\DAVIS-data\DAVIS\SAM_results\elephant\selected_by_score_default_no_gt\00032_best.png,elephant
33,default_no_gt,2,1,0.964701370593924,0.9617339361737236,-0.0029674344202004,D:\uwb thesis\RelatedData\DAVIS-data\DAVIS\SAM_results\elephant\selected_by_sam\00033_sam_best.png,D:\uwb thesis\RelatedData\DAVIS-data\DAVIS\SAM_results\elephant\selected_by_score_default_no_gt\00033_best.png,elephant
34,default_no_gt,2,1,0.9665497115481934,0.963384049490052,-0.0031656620581415,D:\uwb thesis\RelatedData\DAVIS-data\DAVIS\SAM_results\elephant\selected_by_sam\00034_sam_best.png,D:\uwb thesis\RelatedData\DAVIS-data\DAVIS\SAM_results\elephant\selected_by_score_default_no_gt\00034_best.png,elephant
35,default_no_gt,2,1,0.9645930242464515,0.9600694737197106,-0.004523550526741,D:\uwb thesis\RelatedData\DAVIS-data\DAVIS\SAM_results\elephant\selected_by_sam\00035_sam_best.png,D:\uwb thesis\RelatedData\DAVIS-data\DAVIS\SAM_results\elephant\selected_by_score_default_no_gt\00035_best.png,elephant
36,default_no_gt,2,1,0.9671665077576492,0.96353898444742,-0.0036275233102294,D:\uwb thesis\RelatedData\DAVIS-data\DAVIS\SAM_results\elephant\selected_by_sam\00036_sam_best.png,D:\uwb thesis\RelatedData\DAVIS-data\DAVIS\SAM_results\elephant\selected_by_score_default_no_gt\00036_best.png,elephant
37,default_no_gt,2,1,0.9656644818921436,0.964225941422594,-0.0014385404695494,D:\uwb thesis\RelatedData\DAVIS-data\DAVIS\SAM_results\elephant\selected_by_sam\00037_sam_best.png,D:\uwb thesis\RelatedData\DAVIS-data\DAVIS\SAM_results\elephant\selected_by_score_default_no_gt\00037_best.png,elephant
38,default_no_gt,2,1,0.9674665722128752,0.9644247291089526,-0.0030418431039226,D:\uwb thesis\RelatedData\DAVIS-data\DAVIS\SAM_results\elephant\selected_by_sam\00038_sam_best.png,D:\uwb thesis\RelatedData\DAVIS-data\DAVIS\SAM_results\elephant\selected_by_score_default_no_gt\00038_best.png,elephant
39,default_no_gt,2,1,0.9653807758128922,0.9609965969001816,-0.0043841789127105,D:\uwb thesis\RelatedData\DAVIS-data\DAVIS\SAM_results\elephant\selected_by_sam\00039_sam_best.png,D:\uwb thesis\RelatedData\DAVIS-data\DAVIS\SAM_results\elephant\selected_by_score_default_no_gt\00039_best.png,elephant
40,default_no_gt,2,1,0.9670761139728395,0.9643730041210996,-0.0027031098517398,D:\uwb thesis\RelatedData\DAVIS-data\DAVIS\SAM_results\elephant\selected_by_sam\00040_sam_best.png,D:\uwb thesis\RelatedData\DAVIS-data\DAVIS\SAM_results\elephant\selected_by_score_default_no_gt\00040_best.png,elephant
41,default_no_gt,2,1,0.9633208512192896,0.9638966303521662,0.0005757791328767,D:\uwb thesis\RelatedData\DAVIS-data\DAVIS\SAM_results\elephant\selected_by_sam\00041_sam_best.png,D:\uwb thesis\RelatedData\DAVIS-data\DAVIS\SAM_results\elephant\selected_by_score_default_no_gt\00041_best.png,elephant
42,default_no_gt,2,1,0.9596457775659124,0.961839832742478,0.0021940551765654,D:\uwb thesis\RelatedData\DAVIS-data\DAVIS\SAM_results\elephant\selected_by_sam\00042_sam_best.png,D:\uwb thesis\RelatedData\DAVIS-data\DAVIS\SAM_results\elephant\selected_by_score_default_no_gt\00042_best.png,elephant
43,default_no_gt,2,1,0.9642896771091468,0.964663143989432,0.0003734668802852,D:\uwb thesis\RelatedData\DAVIS-data\DAVIS\SAM_results\elephant\selected_by_sam\00043_sam_best.png,D:\uwb thesis\RelatedData\DAVIS-data\DAVIS\SAM_results\elephant\selected_by_score_default_no_gt\00043_best.png,elephant
44,default_no_gt,2,1,0.9644675731632252,0.9622676339738976,-0.0021999391893278,D:\uwb thesis\RelatedData\DAVIS-data\DAVIS\SAM_results\elephant\selected_by_sam\00044_sam_best.png,D:\uwb thesis\RelatedData\DAVIS-data\DAVIS\SAM_results\elephant\selected_by_score_default_no_gt\00044_best.png,elephant
45,default_no_gt,2,2,0.9665527714502656,0.9665527714502656,0.0,D:\uwb thesis\RelatedData\DAVIS-data\DAVIS\SAM_results\elephant\selected_by_sam\00045_sam_best.png,D:\uwb thesis\RelatedData\DAVIS-data\DAVIS\SAM_results\elephant\selected_by_score_default_no_gt\00045_best.png,elephant
46,default_no_gt,2,1,0.9699849345231196,0.9674845095819984,-0.0025004249411212,D:\uwb thesis\RelatedData\DAVIS-data\DAVIS\SAM_results\elephant\selected_by_sam\00046_sam_best.png,D:\uwb thesis\RelatedData\DAVIS-data\DAVIS\SAM_results\elephant\selected_by_score_default_no_gt\00046_best.png,elephant
47,default_no_gt,2,1,0.9680202059452108,0.9622583437530056,-0.005761862192205,D:\uwb thesis\RelatedData\DAVIS-data\DAVIS\SAM_results\elephant\selected_by_sam\00047_sam_best.png,D:\uwb thesis\RelatedData\DAVIS-data\DAVIS\SAM_results\elephant\selected_by_score_default_no_gt\00047_best.png,elephant
48,default_no_gt,2,1,0.9603389045431736,0.955258891961476,-0.0050800125816975,D:\uwb thesis\RelatedData\DAVIS-data\DAVIS\SAM_results\elephant\selected_by_sam\00048_sam_best.png,D:\uwb thesis\RelatedData\DAVIS-data\DAVIS\SAM_results\elephant\selected_by_score_default_no_gt\00048_best.png,elephant
49,default_no_gt,2,1,0.9618301557129966,0.9613313288549734,-0.0004988268580231,D:\uwb thesis\RelatedData\DAVIS-data\DAVIS\SAM_results\elephant\selected_by_sam\00049_sam_best.png,D:\uwb thesis\RelatedData\DAVIS-data\DAVIS\SAM_results\elephant\selected_by_score_default_no_gt\00049_best.png,elephant
50,default_no_gt,2,1,0.9594690231632906,0.9575938938237468,-0.0018751293395439,D:\uwb thesis\RelatedData\DAVIS-data\DAVIS\SAM_results\elephant\selected_by_sam\00050_sam_best.png,D:\uwb thesis\RelatedData\DAVIS-data\DAVIS\SAM_results\elephant\selected_by_score_default_no_gt\00050_best.png,elephant
51,default_no_gt,2,1,0.9645619300473276,0.9620255575234722,-0.0025363725238555,D:\uwb thesis\RelatedData\DAVIS-data\DAVIS\SAM_results\elephant\selected_by_sam\00051_sam_best.png,D:\uwb thesis\RelatedData\DAVIS-data\DAVIS\SAM_results\elephant\selected_by_score_default_no_gt\00051_best.png,elephant
52,default_no_gt,2,1,0.9672744182441728,0.960380712115131,-0.0068937061290417,D:\uwb thesis\RelatedData\DAVIS-data\DAVIS\SAM_results\elephant\selected_by_sam\00052_sam_best.png,D:\uwb thesis\RelatedData\DAVIS-data\DAVIS\SAM_results\elephant\selected_by_score_default_no_gt\00052_best.png,elephant
53,default_no_gt,2,1,0.9611446369476347,0.9557382414662792,-0.0054063954813557,D:\uwb thesis\RelatedData\DAVIS-data\DAVIS\SAM_results\elephant\selected_by_sam\00053_sam_best.png,D:\uwb thesis\RelatedData\DAVIS-data\DAVIS\SAM_results\elephant\selected_by_score_default_no_gt\00053_best.png,elephant
54,default_no_gt,2,1,0.9574713994671682,0.9542100357309306,-0.0032613637362376,D:\uwb thesis\RelatedData\DAVIS-data\DAVIS\SAM_results\elephant\selected_by_sam\00054_sam_best.png,D:\uwb thesis\RelatedData\DAVIS-data\DAVIS\SAM_results\elephant\selected_by_score_default_no_gt\00054_best.png,elephant
55,default_no_gt,2,1,0.9667472189490924,0.948022070148759,-0.0187251488003332,D:\uwb thesis\RelatedData\DAVIS-data\DAVIS\SAM_results\elephant\selected_by_sam\00055_sam_best.png,D:\uwb thesis\RelatedData\DAVIS-data\DAVIS\SAM_results\elephant\selected_by_score_default_no_gt\00055_best.png,elephant
56,default_no_gt,2,1,0.9673022894375036,0.9647693798066468,-0.0025329096308569,D:\uwb thesis\RelatedData\DAVIS-data\DAVIS\SAM_results\elephant\selected_by_sam\00056_sam_best.png,D:\uwb thesis\RelatedData\DAVIS-data\DAVIS\SAM_results\elephant\selected_by_score_default_no_gt\00056_best.png,elephant
57,default_no_gt,2,1,0.9631537242472268,0.9635132741621238,0.0003595499148971,D:\uwb thesis\RelatedData\DAVIS-data\DAVIS\SAM_results\elephant\selected_by_sam\00057_sam_best.png,D:\uwb thesis\RelatedData\DAVIS-data\DAVIS\SAM_results\elephant\selected_by_score_default_no_gt\00057_best.png,elephant
58,default_no_gt,2,1,0.9656459897273804,0.9652103877735434,-0.000435601953837,D:\uwb thesis\RelatedData\DAVIS-data\DAVIS\SAM_results\elephant\selected_by_sam\00058_sam_best.png,D:\uwb thesis\RelatedData\DAVIS-data\DAVIS\SAM_results\elephant\selected_by_score_default_no_gt\00058_best.png,elephant
59,default_no_gt,2,1,0.9654225366027148,0.9640731501306252,-0.0013493864720895,D:\uwb thesis\RelatedData\DAVIS-data\DAVIS\SAM_results\elephant\selected_by_sam\00059_sam_best.png,D:\uwb thesis\RelatedData\DAVIS-data\DAVIS\SAM_results\elephant\selected_by_score_default_no_gt\00059_best.png,elephant
60,default_no_gt,2,1,0.9642462073324906,0.9626037965489488,-0.0016424107835417,D:\uwb thesis\RelatedData\DAVIS-data\DAVIS\SAM_results\elephant\selected_by_sam\00060_sam_best.png,D:\uwb thesis\RelatedData\DAVIS-data\DAVIS\SAM_results\elephant\selected_by_score_default_no_gt\00060_best.png,elephant
61,default_no_gt,2,1,0.965217563056746,0.9640949088623508,-0.0011226541943953,D:\uwb thesis\RelatedData\DAVIS-data\DAVIS\SAM_results\elephant\selected_by_sam\00061_sam_best.png,D:\uwb thesis\RelatedData\DAVIS-data\DAVIS\SAM_results\elephant\selected_by_score_default_no_gt\00061_best.png,elephant
62,default_no_gt,2,1,0.9614291354125544,0.9607412491420728,-0.0006878862704815,D:\uwb thesis\RelatedData\DAVIS-data\DAVIS\SAM_results\elephant\selected_by_sam\00062_sam_best.png,D:\uwb thesis\RelatedData\DAVIS-data\DAVIS\SAM_results\elephant\selected_by_score_default_no_gt\00062_best.png,elephant
63,default_no_gt,2,1,0.9617816827879672,0.9612483592265344,-0.0005333235614326,D:\uwb thesis\RelatedData\DAVIS-data\DAVIS\SAM_results\elephant\selected_by_sam\00063_sam_best.png,D:\uwb thesis\RelatedData\DAVIS-data\DAVIS\SAM_results\elephant\selected_by_score_default_no_gt\00063_best.png,elephant
64,default_no_gt,2,1,0.9576744551962868,0.956498798147388,-0.0011756570488985,D:\uwb thesis\RelatedData\DAVIS-data\DAVIS\SAM_results\elephant\selected_by_sam\00064_sam_best.png,D:\uwb thesis\RelatedData\DAVIS-data\DAVIS\SAM_results\elephant\selected_by_score_default_no_gt\00064_best.png,elephant
65,default_no_gt,2,1,0.9611384247742542,0.959569205601106,-0.001569219173148,D:\uwb thesis\RelatedData\DAVIS-data\DAVIS\SAM_results\elephant\selected_by_sam\00065_sam_best.png,D:\uwb thesis\RelatedData\DAVIS-data\DAVIS\SAM_results\elephant\selected_by_score_default_no_gt\00065_best.png,elephant
66,default_no_gt,2,1,0.958754878924986,0.9509525817456972,-0.0078022971792888,D:\uwb thesis\RelatedData\DAVIS-data\DAVIS\SAM_results\elephant\selected_by_sam\00066_sam_best.png,D:\uwb thesis\RelatedData\DAVIS-data\DAVIS\SAM_results\elephant\selected_by_score_default_no_gt\00066_best.png,elephant
67,default_no_gt,2,1,0.957738014462129,0.9550667563154356,-0.0026712581466934,D:\uwb thesis\RelatedData\DAVIS-data\DAVIS\SAM_results\elephant\selected_by_sam\00067_sam_best.png,D:\uwb thesis\RelatedData\DAVIS-data\DAVIS\SAM_results\elephant\selected_by_score_default_no_gt\00067_best.png,elephant
68,default_no_gt,2,1,0.9555282603185744,0.9534757807212608,-0.0020524795973136,D:\uwb thesis\RelatedData\DAVIS-data\DAVIS\SAM_results\elephant\selected_by_sam\00068_sam_best.png,D:\uwb thesis\RelatedData\DAVIS-data\DAVIS\SAM_results\elephant\selected_by_score_default_no_gt\00068_best.png,elephant
69,default_no_gt,2,1,0.961197623699844,0.9577743008018776,-0.0034233228979665,D:\uwb thesis\RelatedData\DAVIS-data\DAVIS\SAM_results\elephant\selected_by_sam\00069_sam_best.png,D:\uwb thesis\RelatedData\DAVIS-data\DAVIS\SAM_results\elephant\selected_by_score_default_no_gt\00069_best.png,elephant
70,default_no_gt,2,1,0.961748416145356,0.9549849359037472,-0.0067634802416086,D:\uwb thesis\RelatedData\DAVIS-data\DAVIS\SAM_results\elephant\selected_by_sam\00070_sam_best.png,D:\uwb thesis\RelatedData\DAVIS-data\DAVIS\SAM_results\elephant\selected_by_score_default_no_gt\00070_best.png,elephant
71,default_no_gt,2,1,0.9636566558441558,0.9528311314532408,-0.0108255243909149,D:\uwb thesis\RelatedData\DAVIS-data\DAVIS\SAM_results\elephant\selected_by_sam\00071_sam_best.png,D:\uwb thesis\RelatedData\DAVIS-data\DAVIS\SAM_results\elephant\selected_by_score_default_no_gt\00071_best.png,elephant
72,default_no_gt,2,1,0.9691725923794648,0.9629260757332466,-0.0062465166462182,D:\uwb thesis\RelatedData\DAVIS-data\DAVIS\SAM_results\elephant\selected_by_sam\00072_sam_best.png,D:\uwb thesis\RelatedData\DAVIS-data\DAVIS\SAM_results\elephant\selected_by_score_default_no_gt\00072_best.png,elephant
73,default_no_gt,2,1,0.9668382859691084,0.9601666232751888,-0.0066716626939197,D:\uwb thesis\RelatedData\DAVIS-data\DAVIS\SAM_results\elephant\selected_by_sam\00073_sam_best.png,D:\uwb thesis\RelatedData\DAVIS-data\DAVIS\SAM_results\elephant\selected_by_score_default_no_gt\00073_best.png,elephant
74,default_no_gt,2,1,0.962894397939472,0.959281699685096,-0.003612698254376,D:\uwb thesis\RelatedData\DAVIS-data\DAVIS\SAM_results\elephant\selected_by_sam\00074_sam_best.png,D:\uwb thesis\RelatedData\DAVIS-data\DAVIS\SAM_results\elephant\selected_by_score_default_no_gt\00074_best.png,elephant
75,default_no_gt,2,1,0.9623171539217852,0.9643533563268806,0.0020362024050954,D:\uwb thesis\RelatedData\DAVIS-data\DAVIS\SAM_results\elephant\selected_by_sam\00075_sam_best.png,D:\uwb thesis\RelatedData\DAVIS-data\DAVIS\SAM_results\elephant\selected_by_score_default_no_gt\00075_best.png,elephant
76,default_no_gt,2,1,0.9654712597232044,0.9663843622059886,0.0009131024827842,D:\uwb thesis\RelatedData\DAVIS-data\DAVIS\SAM_results\elephant\selected_by_sam\00076_sam_best.png,D:\uwb thesis\RelatedData\DAVIS-data\DAVIS\SAM_results\elephant\selected_by_score_default_no_gt\00076_best.png,elephant
77,default_no_gt,2,1,0.965319680624124,0.9650684931506848,-0.0002511874734389,D:\uwb thesis\RelatedData\DAVIS-data\DAVIS\SAM_results\elephant\selected_by_sam\00077_sam_best.png,D:\uwb thesis\RelatedData\DAVIS-data\DAVIS\SAM_results\elephant\selected_by_score_default_no_gt\00077_best.png,elephant
78,default_no_gt,2,1,0.9663874152516336,0.9666239290147952,0.0002365137631618,D:\uwb thesis\RelatedData\DAVIS-data\DAVIS\SAM_results\elephant\selected_by_sam\00078_sam_best.png,D:\uwb thesis\RelatedData\DAVIS-data\DAVIS\SAM_results\elephant\selected_by_score_default_no_gt\00078_best.png,elephant
79,default_no_gt,2,1,0.9656089051337432,0.968635640002481,0.0030267348687378,D:\uwb thesis\RelatedData\DAVIS-data\DAVIS\SAM_results\elephant\selected_by_sam\00079_sam_best.png,D:\uwb thesis\RelatedData\DAVIS-data\DAVIS\SAM_results\elephant\selected_by_score_default_no_gt\00079_best.png,elephant
0,default_no_gt,5,2,0.0,0.960287745572336,0.960287745572336,D:\uwb thesis\RelatedData\DAVIS-data\DAVIS\SAM_results\flamingo\selected_by_sam\00000_sam_best.png,D:\uwb thesis\RelatedData\DAVIS-data\DAVIS\SAM_results\flamingo\selected_by_score_default_no_gt\00000_best.png,flamingo
1,default_no_gt,5,2,0.0,0.9615092107486902,0.9615092107486902,D:\uwb thesis\RelatedData\DAVIS-data\DAVIS\SAM_results\flamingo\selected_by_sam\00001_sam_best.png,D:\uwb thesis\RelatedData\DAVIS-data\DAVIS\SAM_results\flamingo\selected_by_score_default_no_gt\00001_best.png,flamingo
2,default_no_gt,2,10,0.0,0.955550883095038,0.955550883095038,D:\uwb thesis\RelatedData\DAVIS-data\DAVIS\SAM_results\flamingo\selected_by_sam\00002_sam_best.png,D:\uwb thesis\RelatedData\DAVIS-data\DAVIS\SAM_results\flamingo\selected_by_score_default_no_gt\00002_best.png,flamingo
3,default_no_gt,2,2,0.9609513367630936,0.9609513367630936,0.0,D:\uwb thesis\RelatedData\DAVIS-data\DAVIS\SAM_results\flamingo\selected_by_sam\00003_sam_best.png,D:\uwb thesis\RelatedData\DAVIS-data\DAVIS\SAM_results\flamingo\selected_by_score_default_no_gt\00003_best.png,flamingo
4,default_no_gt,11,0,0.0,0.9628416242779548,0.9628416242779548,D:\uwb thesis\RelatedData\DAVIS-data\DAVIS\SAM_results\flamingo\selected_by_sam\00004_sam_best.png,D:\uwb thesis\RelatedData\DAVIS-data\DAVIS\SAM_results\flamingo\selected_by_score_default_no_gt\00004_best.png,flamingo
5,default_no_gt,5,2,0.0,0.9689596952249016,0.9689596952249016,D:\uwb thesis\RelatedData\DAVIS-data\DAVIS\SAM_results\flamingo\selected_by_sam\00005_sam_best.png,D:\uwb thesis\RelatedData\DAVIS-data\DAVIS\SAM_results\flamingo\selected_by_score_default_no_gt\00005_best.png,flamingo
6,default_no_gt,5,2,0.0,0.9647671045896604,0.9647671045896604,D:\uwb thesis\RelatedData\DAVIS-data\DAVIS\SAM_results\flamingo\selected_by_sam\00006_sam_best.png,D:\uwb thesis\RelatedData\DAVIS-data\DAVIS\SAM_results\flamingo\selected_by_score_default_no_gt\00006_best.png,flamingo
7,default_no_gt,11,2,0.0,0.9600922919159118,0.9600922919159118,D:\uwb thesis\RelatedData\DAVIS-data\DAVIS\SAM_results\flamingo\selected_by_sam\00007_sam_best.png,D:\uwb thesis\RelatedData\DAVIS-data\DAVIS\SAM_results\flamingo\selected_by_score_default_no_gt\00007_best.png,flamingo
8,default_no_gt,8,17,0.0,0.0,0.0,D:\uwb thesis\RelatedData\DAVIS-data\DAVIS\SAM_results\flamingo\selected_by_sam\00008_sam_best.png,D:\uwb thesis\RelatedData\DAVIS-data\DAVIS\SAM_results\flamingo\selected_by_score_default_no_gt\00008_best.png,flamingo
9,default_no_gt,5,2,0.0,0.9585298910712754,0.9585298910712754,D:\uwb thesis\RelatedData\DAVIS-data\DAVIS\SAM_results\flamingo\selected_by_sam\00009_sam_best.png,D:\uwb thesis\RelatedData\DAVIS-data\DAVIS\SAM_results\flamingo\selected_by_score_default_no_gt\00009_best.png,flamingo
10,default_no_gt,5,41,0.0,0.0,0.0,D:\uwb thesis\RelatedData\DAVIS-data\DAVIS\SAM_results\flamingo\selected_by_sam\00010_sam_best.png,D:\uwb thesis\RelatedData\DAVIS-data\DAVIS\SAM_results\flamingo\selected_by_score_default_no_gt\00010_best.png,flamingo
11,default_no_gt,50,2,0.0,0.9588661089679684,0.9588661089679684,D:\uwb thesis\RelatedData\DAVIS-data\DAVIS\SAM_results\flamingo\selected_by_sam\00011_sam_best.png,D:\uwb thesis\RelatedData\DAVIS-data\DAVIS\SAM_results\flamingo\selected_by_score_default_no_gt\00011_best.png,flamingo
12,default_no_gt,26,2,0.0,0.9561727055760468,0.9561727055760468,D:\uwb thesis\RelatedData\DAVIS-data\DAVIS\SAM_results\flamingo\selected_by_sam\00012_sam_best.png,D:\uwb thesis\RelatedData\DAVIS-data\DAVIS\SAM_results\flamingo\selected_by_score_default_no_gt\00012_best.png,flamingo
13,default_no_gt,2,8,0.0,0.9534823172054676,0.9534823172054676,D:\uwb thesis\RelatedData\DAVIS-data\DAVIS\SAM_results\flamingo\selected_by_sam\00013_sam_best.png,D:\uwb thesis\RelatedData\DAVIS-data\DAVIS\SAM_results\flamingo\selected_by_score_default_no_gt\00013_best.png,flamingo
14,default_no_gt,2,5,0.0,0.9549934583515046,0.9549934583515046,D:\uwb thesis\RelatedData\DAVIS-data\DAVIS\SAM_results\flamingo\selected_by_sam\00014_sam_best.png,D:\uwb thesis\RelatedData\DAVIS-data\DAVIS\SAM_results\flamingo\selected_by_score_default_no_gt\00014_best.png,flamingo
15,default_no_gt,23,20,0.0,3.3257948649727285e-05,3.3257948649727285e-05,D:\uwb thesis\RelatedData\DAVIS-data\DAVIS\SAM_results\flamingo\selected_by_sam\00015_sam_best.png,D:\uwb thesis\RelatedData\DAVIS-data\DAVIS\SAM_results\flamingo\selected_by_score_default_no_gt\00015_best.png,flamingo
16,default_no_gt,5,17,0.0,0.0006341154090044,0.0006341154090044,D:\uwb thesis\RelatedData\DAVIS-data\DAVIS\SAM_results\flamingo\selected_by_sam\00016_sam_best.png,D:\uwb thesis\RelatedData\DAVIS-data\DAVIS\SAM_results\flamingo\selected_by_score_default_no_gt\00016_best.png,flamingo
17,default_no_gt,5,17,0.0,0.0024962050936076,0.0024962050936076,D:\uwb thesis\RelatedData\DAVIS-data\DAVIS\SAM_results\flamingo\selected_by_sam\00017_sam_best.png,D:\uwb thesis\RelatedData\DAVIS-data\DAVIS\SAM_results\flamingo\selected_by_score_default_no_gt\00017_best.png,flamingo
18,default_no_gt,2,16,0.0,0.0112126384844529,0.0112126384844529,D:\uwb thesis\RelatedData\DAVIS-data\DAVIS\SAM_results\flamingo\selected_by_sam\00018_sam_best.png,D:\uwb thesis\RelatedData\DAVIS-data\DAVIS\SAM_results\flamingo\selected_by_score_default_no_gt\00018_best.png,flamingo
19,default_no_gt,2,7,0.0,0.9444152431011826,0.9444152431011826,D:\uwb thesis\RelatedData\DAVIS-data\DAVIS\SAM_results\flamingo\selected_by_sam\00019_sam_best.png,D:\uwb thesis\RelatedData\DAVIS-data\DAVIS\SAM_results\flamingo\selected_by_score_default_no_gt\00019_best.png,flamingo
20,default_no_gt,2,10,0.0,0.9436077057793344,0.9436077057793344,D:\uwb thesis\RelatedData\DAVIS-data\DAVIS\SAM_results\flamingo\selected_by_sam\00020_sam_best.png,D:\uwb thesis\RelatedData\DAVIS-data\DAVIS\SAM_results\flamingo\selected_by_score_default_no_gt\00020_best.png,flamingo
21,default_no_gt,8,10,0.0,0.9468000705218618,0.9468000705218618,D:\uwb thesis\RelatedData\DAVIS-data\DAVIS\SAM_results\flamingo\selected_by_sam\00021_sam_best.png,D:\uwb thesis\RelatedData\DAVIS-data\DAVIS\SAM_results\flamingo\selected_by_score_default_no_gt\00021_best.png,flamingo
22,default_no_gt,5,1,0.0,0.9488145357855086,0.9488145357855086,D:\uwb thesis\RelatedData\DAVIS-data\DAVIS\SAM_results\flamingo\selected_by_sam\00022_sam_best.png,D:\uwb thesis\RelatedData\DAVIS-data\DAVIS\SAM_results\flamingo\selected_by_score_default_no_gt\00022_best.png,flamingo
23,default_no_gt,2,11,0.0,0.9529463890119628,0.9529463890119628,D:\uwb thesis\RelatedData\DAVIS-data\DAVIS\SAM_results\flamingo\selected_by_sam\00023_sam_best.png,D:\uwb thesis\RelatedData\DAVIS-data\DAVIS\SAM_results\flamingo\selected_by_score_default_no_gt\00023_best.png,flamingo
24,default_no_gt,8,2,0.0,0.9528995130588755,0.9528995130588755,D:\uwb thesis\RelatedData\DAVIS-data\DAVIS\SAM_results\flamingo\selected_by_sam\00024_sam_best.png,D:\uwb thesis\RelatedData\DAVIS-data\DAVIS\SAM_results\flamingo\selected_by_score_default_no_gt\00024_best.png,flamingo
25,default_no_gt,5,1,0.0,0.9466273595283144,0.9466273595283144,D:\uwb thesis\RelatedData\DAVIS-data\DAVIS\SAM_results\flamingo\selected_by_sam\00025_sam_best.png,D:\uwb thesis\RelatedData\DAVIS-data\DAVIS\SAM_results\flamingo\selected_by_score_default_no_gt\00025_best.png,flamingo
26,default_no_gt,5,2,0.0,0.9582873537850364,0.9582873537850364,D:\uwb thesis\RelatedData\DAVIS-data\DAVIS\SAM_results\flamingo\selected_by_sam\00026_sam_best.png,D:\uwb thesis\RelatedData\DAVIS-data\DAVIS\SAM_results\flamingo\selected_by_score_default_no_gt\00026_best.png,flamingo
27,default_no_gt,14,2,0.0,0.9571780653111522,0.9571780653111522,D:\uwb thesis\RelatedData\DAVIS-data\DAVIS\SAM_results\flamingo\selected_by_sam\00027_sam_best.png,D:\uwb thesis\RelatedData\DAVIS-data\DAVIS\SAM_results\flamingo\selected_by_score_default_no_gt\00027_best.png,flamingo
28,default_no_gt,5,2,0.0,0.956498673740053,0.956498673740053,D:\uwb thesis\RelatedData\DAVIS-data\DAVIS\SAM_results\flamingo\selected_by_sam\00028_sam_best.png,D:\uwb thesis\RelatedData\DAVIS-data\DAVIS\SAM_results\flamingo\selected_by_score_default_no_gt\00028_best.png,flamingo
29,default_no_gt,8,2,0.0,0.9486771785698512,0.9486771785698512,D:\uwb thesis\RelatedData\DAVIS-data\DAVIS\SAM_results\flamingo\selected_by_sam\00029_sam_best.png,D:\uwb thesis\RelatedData\DAVIS-data\DAVIS\SAM_results\flamingo\selected_by_score_default_no_gt\00029_best.png,flamingo
30,default_no_gt,8,2,0.0,0.955302055128945,0.955302055128945,D:\uwb thesis\RelatedData\DAVIS-data\DAVIS\SAM_results\flamingo\selected_by_sam\00030_sam_best.png,D:\uwb thesis\RelatedData\DAVIS-data\DAVIS\SAM_results\flamingo\selected_by_score_default_no_gt\00030_best.png,flamingo
31,default_no_gt,8,2,0.0,0.9525578104965292,0.9525578104965292,D:\uwb thesis\RelatedData\DAVIS-data\DAVIS\SAM_results\flamingo\selected_by_sam\00031_sam_best.png,D:\uwb thesis\RelatedData\DAVIS-data\DAVIS\SAM_results\flamingo\selected_by_score_default_no_gt\00031_best.png,flamingo
32,default_no_gt,5,20,0.0,0.0005649717514124,0.0005649717514124,D:\uwb thesis\RelatedData\DAVIS-data\DAVIS\SAM_results\flamingo\selected_by_sam\00032_sam_best.png,D:\uwb thesis\RelatedData\DAVIS-data\DAVIS\SAM_results\flamingo\selected_by_score_default_no_gt\00032_best.png,flamingo
33,default_no_gt,5,2,0.0,0.9549589331449264,0.9549589331449264,D:\uwb thesis\RelatedData\DAVIS-data\DAVIS\SAM_results\flamingo\selected_by_sam\00033_sam_best.png,D:\uwb thesis\RelatedData\DAVIS-data\DAVIS\SAM_results\flamingo\selected_by_score_default_no_gt\00033_best.png,flamingo
34,default_no_gt,5,1,0.0,0.940087912087912,0.940087912087912,D:\uwb thesis\RelatedData\DAVIS-data\DAVIS\SAM_results\flamingo\selected_by_sam\00034_sam_best.png,D:\uwb thesis\RelatedData\DAVIS-data\DAVIS\SAM_results\flamingo\selected_by_score_default_no_gt\00034_best.png,flamingo
35,default_no_gt,5,11,0.0,0.0,0.0,D:\uwb thesis\RelatedData\DAVIS-data\DAVIS\SAM_results\flamingo\selected_by_sam\00035_sam_best.png,D:\uwb thesis\RelatedData\DAVIS-data\DAVIS\SAM_results\flamingo\selected_by_score_default_no_gt\00035_best.png,flamingo
36,default_no_gt,8,10,0.0,0.7094198102801677,0.7094198102801677,D:\uwb thesis\RelatedData\DAVIS-data\DAVIS\SAM_results\flamingo\selected_by_sam\00036_sam_best.png,D:\uwb thesis\RelatedData\DAVIS-data\DAVIS\SAM_results\flamingo\selected_by_score_default_no_gt\00036_best.png,flamingo
37,default_no_gt,2,10,0.0,0.7364227493360198,0.7364227493360198,D:\uwb thesis\RelatedData\DAVIS-data\DAVIS\SAM_results\flamingo\selected_by_sam\00037_sam_best.png,D:\uwb thesis\RelatedData\DAVIS-data\DAVIS\SAM_results\flamingo\selected_by_score_default_no_gt\00037_best.png,flamingo
38,default_no_gt,14,13,0.0,0.7567755385684504,0.7567755385684504,D:\uwb thesis\RelatedData\DAVIS-data\DAVIS\SAM_results\flamingo\selected_by_sam\00038_sam_best.png,D:\uwb thesis\RelatedData\DAVIS-data\DAVIS\SAM_results\flamingo\selected_by_score_default_no_gt\00038_best.png,flamingo
39,default_no_gt,5,10,0.0,0.7626640783878721,0.7626640783878721,D:\uwb thesis\RelatedData\DAVIS-data\DAVIS\SAM_results\flamingo\selected_by_sam\00039_sam_best.png,D:\uwb thesis\RelatedData\DAVIS-data\DAVIS\SAM_results\flamingo\selected_by_score_default_no_gt\00039_best.png,flamingo
40,default_no_gt,11,10,0.0,0.7181919892593421,0.7181919892593421,D:\uwb thesis\RelatedData\DAVIS-data\DAVIS\SAM_results\flamingo\selected_by_sam\00040_sam_best.png,D:\uwb thesis\RelatedData\DAVIS-data\DAVIS\SAM_results\flamingo\selected_by_score_default_no_gt\00040_best.png,flamingo
41,default_no_gt,5,2,0.0,0.9548755423612696,0.9548755423612696,D:\uwb thesis\RelatedData\DAVIS-data\DAVIS\SAM_results\flamingo\selected_by_sam\00041_sam_best.png,D:\uwb thesis\RelatedData\DAVIS-data\DAVIS\SAM_results\flamingo\selected_by_score_default_no_gt\00041_best.png,flamingo
42,default_no_gt,5,8,0.0,0.9589649645065262,0.9589649645065262,D:\uwb thesis\RelatedData\DAVIS-data\DAVIS\SAM_results\flamingo\selected_by_sam\00042_sam_best.png,D:\uwb thesis\RelatedData\DAVIS-data\DAVIS\SAM_results\flamingo\selected_by_score_default_no_gt\00042_best.png,flamingo
43,default_no_gt,5,10,0.0,0.9517364774969032,0.9517364774969032,D:\uwb thesis\RelatedData\DAVIS-data\DAVIS\SAM_results\flamingo\selected_by_sam\00043_sam_best.png,D:\uwb thesis\RelatedData\DAVIS-data\DAVIS\SAM_results\flamingo\selected_by_score_default_no_gt\00043_best.png,flamingo
44,default_no_gt,8,17,0.0,0.938819805561836,0.938819805561836,D:\uwb thesis\RelatedData\DAVIS-data\DAVIS\SAM_results\flamingo\selected_by_sam\00044_sam_best.png,D:\uwb thesis\RelatedData\DAVIS-data\DAVIS\SAM_results\flamingo\selected_by_score_default_no_gt\00044_best.png,flamingo
45,default_no_gt,5,2,0.0,0.957146155622258,0.957146155622258,D:\uwb thesis\RelatedData\DAVIS-data\DAVIS\SAM_results\flamingo\selected_by_sam\00045_sam_best.png,D:\uwb thesis\RelatedData\DAVIS-data\DAVIS\SAM_results\flamingo\selected_by_score_default_no_gt\00045_best.png,flamingo
46,default_no_gt,8,1,0.0,0.9502563391991132,0.9502563391991132,D:\uwb thesis\RelatedData\DAVIS-data\DAVIS\SAM_results\flamingo\selected_by_sam\00046_sam_best.png,D:\uwb thesis\RelatedData\DAVIS-data\DAVIS\SAM_results\flamingo\selected_by_score_default_no_gt\00046_best.png,flamingo
47,default_no_gt,5,2,0.0,0.9571674658969226,0.9571674658969226,D:\uwb thesis\RelatedData\DAVIS-data\DAVIS\SAM_results\flamingo\selected_by_sam\00047_sam_best.png,D:\uwb thesis\RelatedData\DAVIS-data\DAVIS\SAM_results\flamingo\selected_by_score_default_no_gt\00047_best.png,flamingo
48,default_no_gt,14,2,0.0,0.9539972994366066,0.9539972994366066,D:\uwb thesis\RelatedData\DAVIS-data\DAVIS\SAM_results\flamingo\selected_by_sam\00048_sam_best.png,D:\uwb thesis\RelatedData\DAVIS-data\DAVIS\SAM_results\flamingo\selected_by_score_default_no_gt\00048_best.png,flamingo
49,default_no_gt,14,2,0.0,0.9518521974433144,0.9518521974433144,D:\uwb thesis\RelatedData\DAVIS-data\DAVIS\SAM_results\flamingo\selected_by_sam\00049_sam_best.png,D:\uwb thesis\RelatedData\DAVIS-data\DAVIS\SAM_results\flamingo\selected_by_score_default_no_gt\00049_best.png,flamingo
50,default_no_gt,8,1,0.0,0.9481619357840856,0.9481619357840856,D:\uwb thesis\RelatedData\DAVIS-data\DAVIS\SAM_results\flamingo\selected_by_sam\00050_sam_best.png,D:\uwb thesis\RelatedData\DAVIS-data\DAVIS\SAM_results\flamingo\selected_by_score_default_no_gt\00050_best.png,flamingo
51,default_no_gt,11,2,0.0,0.9525362150076856,0.9525362150076856,D:\uwb thesis\RelatedData\DAVIS-data\DAVIS\SAM_results\flamingo\selected_by_sam\00051_sam_best.png,D:\uwb thesis\RelatedData\DAVIS-data\DAVIS\SAM_results\flamingo\selected_by_score_default_no_gt\00051_best.png,flamingo
52,default_no_gt,20,23,0.0,0.9387173833149576,0.9387173833149576,D:\uwb thesis\RelatedData\DAVIS-data\DAVIS\SAM_results\flamingo\selected_by_sam\00052_sam_best.png,D:\uwb thesis\RelatedData\DAVIS-data\DAVIS\SAM_results\flamingo\selected_by_score_default_no_gt\00052_best.png,flamingo
53,default_no_gt,2,16,0.0,0.9511345447697956,0.9511345447697956,D:\uwb thesis\RelatedData\DAVIS-data\DAVIS\SAM_results\flamingo\selected_by_sam\00053_sam_best.png,D:\uwb thesis\RelatedData\DAVIS-data\DAVIS\SAM_results\flamingo\selected_by_score_default_no_gt\00053_best.png,flamingo
54,default_no_gt,2,5,5.546311702717693e-05,0.936542266807786,0.9364868036907588,D:\uwb thesis\RelatedData\DAVIS-data\DAVIS\SAM_results\flamingo\selected_by_sam\00054_sam_best.png,D:\uwb thesis\RelatedData\DAVIS-data\DAVIS\SAM_results\flamingo\selected_by_score_default_no_gt\00054_best.png,flamingo
55,default_no_gt,5,2,8.279516476237788e-05,0.9532136327410812,0.9531308375763188,D:\uwb thesis\RelatedData\DAVIS-data\DAVIS\SAM_results\flamingo\selected_by_sam\00055_sam_best.png,D:\uwb thesis\RelatedData\DAVIS-data\DAVIS\SAM_results\flamingo\selected_by_score_default_no_gt\00055_best.png,flamingo
56,default_no_gt,5,1,0.0,0.9402716186252772,0.9402716186252772,D:\uwb thesis\RelatedData\DAVIS-data\DAVIS\SAM_results\flamingo\selected_by_sam\00056_sam_best.png,D:\uwb thesis\RelatedData\DAVIS-data\DAVIS\SAM_results\flamingo\selected_by_score_default_no_gt\00056_best.png,flamingo
57,default_no_gt,2,8,0.0,0.9532277484486432,0.9532277484486432,D:\uwb thesis\RelatedData\DAVIS-data\DAVIS\SAM_results\flamingo\selected_by_sam\00057_sam_best.png,D:\uwb thesis\RelatedData\DAVIS-data\DAVIS\SAM_results\flamingo\selected_by_score_default_no_gt\00057_best.png,flamingo
58,default_no_gt,5,1,0.0,0.93058568329718,0.93058568329718,D:\uwb thesis\RelatedData\DAVIS-data\DAVIS\SAM_results\flamingo\selected_by_sam\00058_sam_best.png,D:\uwb thesis\RelatedData\DAVIS-data\DAVIS\SAM_results\flamingo\selected_by_score_default_no_gt\00058_best.png,flamingo
59,default_no_gt,5,2,0.0,0.9540702016430171,0.9540702016430171,D:\uwb thesis\RelatedData\DAVIS-data\DAVIS\SAM_results\flamingo\selected_by_sam\00059_sam_best.png,D:\uwb thesis\RelatedData\DAVIS-data\DAVIS\SAM_results\flamingo\selected_by_score_default_no_gt\00059_best.png,flamingo
60,default_no_gt,5,2,0.0001097032527014,0.939156401642404,0.9390466983897024,D:\uwb thesis\RelatedData\DAVIS-data\DAVIS\SAM_results\flamingo\selected_by_sam\00060_sam_best.png,D:\uwb thesis\RelatedData\DAVIS-data\DAVIS\SAM_results\flamingo\selected_by_score_default_no_gt\00060_best.png,flamingo
61,default_no_gt,5,1,0.0,0.9386442121197786,0.9386442121197786,D:\uwb thesis\RelatedData\DAVIS-data\DAVIS\SAM_results\flamingo\selected_by_sam\00061_sam_best.png,D:\uwb thesis\RelatedData\DAVIS-data\DAVIS\SAM_results\flamingo\selected_by_score_default_no_gt\00061_best.png,flamingo
62,default_no_gt,5,0,0.0,0.9343312409464029,0.9343312409464029,D:\uwb thesis\RelatedData\DAVIS-data\DAVIS\SAM_results\flamingo\selected_by_sam\00062_sam_best.png,D:\uwb thesis\RelatedData\DAVIS-data\DAVIS\SAM_results\flamingo\selected_by_score_default_no_gt\00062_best.png,flamingo
63,default_no_gt,2,5,0.0,0.9556404091830482,0.9556404091830482,D:\uwb thesis\RelatedData\DAVIS-data\DAVIS\SAM_results\flamingo\selected_by_sam\00063_sam_best.png,D:\uwb thesis\RelatedData\DAVIS-data\DAVIS\SAM_results\flamingo\selected_by_score_default_no_gt\00063_best.png,flamingo
64,default_no_gt,5,0,0.0,0.931756494765413,0.931756494765413,D:\uwb thesis\RelatedData\DAVIS-data\DAVIS\SAM_results\flamingo\selected_by_sam\00064_sam_best.png,D:\uwb thesis\RelatedData\DAVIS-data\DAVIS\SAM_results\flamingo\selected_by_score_default_no_gt\00064_best.png,flamingo
65,default_no_gt,14,4,0.0,0.946831236648469,0.946831236648469,D:\uwb thesis\RelatedData\DAVIS-data\DAVIS\SAM_results\flamingo\selected_by_sam\00065_sam_best.png,D:\uwb thesis\RelatedData\DAVIS-data\DAVIS\SAM_results\flamingo\selected_by_score_default_no_gt\00065_best.png,flamingo
66,default_no_gt,5,0,0.0,0.9530161258212224,0.9530161258212224,D:\uwb thesis\RelatedData\DAVIS-data\DAVIS\SAM_results\flamingo\selected_by_sam\00066_sam_best.png,D:\uwb thesis\RelatedData\DAVIS-data\DAVIS\SAM_results\flamingo\selected_by_score_default_no_gt\00066_best.png,flamingo
67,default_no_gt,11,1,0.0,0.9510247797088748,0.9510247797088748,D:\uwb thesis\RelatedData\DAVIS-data\DAVIS\SAM_results\flamingo\selected_by_sam\00067_sam_best.png,D:\uwb thesis\RelatedData\DAVIS-data\DAVIS\SAM_results\flamingo\selected_by_score_default_no_gt\00067_best.png,flamingo
68,default_no_gt,5,1,0.0,0.9443675087149612,0.9443675087149612,D:\uwb thesis\RelatedData\DAVIS-data\DAVIS\SAM_results\flamingo\selected_by_sam\00068_sam_best.png,D:\uwb thesis\RelatedData\DAVIS-data\DAVIS\SAM_results\flamingo\selected_by_score_default_no_gt\00068_best.png,flamingo
69,default_no_gt,5,1,0.0,0.9457141488189352,0.9457141488189352,D:\uwb thesis\RelatedData\DAVIS-data\DAVIS\SAM_results\flamingo\selected_by_sam\00069_sam_best.png,D:\uwb thesis\RelatedData\DAVIS-data\DAVIS\SAM_results\flamingo\selected_by_score_default_no_gt\00069_best.png,flamingo
70,default_no_gt,11,1,0.0,0.948719190353978,0.948719190353978,D:\uwb thesis\RelatedData\DAVIS-data\DAVIS\SAM_results\flamingo\selected_by_sam\00070_sam_best.png,D:\uwb thesis\RelatedData\DAVIS-data\DAVIS\SAM_results\flamingo\selected_by_score_default_no_gt\00070_best.png,flamingo
71,default_no_gt,5,1,2.792282132186636e-05,0.9488415109034268,0.9488135880821048,D:\uwb thesis\RelatedData\DAVIS-data\DAVIS\SAM_results\flamingo\selected_by_sam\00071_sam_best.png,D:\uwb thesis\RelatedData\DAVIS-data\DAVIS\SAM_results\flamingo\selected_by_score_default_no_gt\00071_best.png,flamingo
72,default_no_gt,2,4,0.0,0.9407302961054116,0.9407302961054116,D:\uwb thesis\RelatedData\DAVIS-data\DAVIS\SAM_results\flamingo\selected_by_sam\00072_sam_best.png,D:\uwb thesis\RelatedData\DAVIS-data\DAVIS\SAM_results\flamingo\selected_by_score_default_no_gt\00072_best.png,flamingo
73,default_no_gt,2,0,0.9603842725562048,0.9574813536962808,-0.0029029188599239,D:\uwb thesis\RelatedData\DAVIS-data\DAVIS\SAM_results\flamingo\selected_by_sam\00073_sam_best.png,D:\uwb thesis\RelatedData\DAVIS-data\DAVIS\SAM_results\flamingo\selected_by_score_default_no_gt\00073_best.png,flamingo
74,default_no_gt,11,1,0.0,0.9482409828785712,0.9482409828785712,D:\uwb thesis\RelatedData\DAVIS-data\DAVIS\SAM_results\flamingo\selected_by_sam\00074_sam_best.png,D:\uwb thesis\RelatedData\DAVIS-data\DAVIS\SAM_results\flamingo\selected_by_score_default_no_gt\00074_best.png,flamingo
75,default_no_gt,2,1,0.9578442635233004,0.9464806845723897,-0.011363578950911,D:\uwb thesis\RelatedData\DAVIS-data\DAVIS\SAM_results\flamingo\selected_by_sam\00075_sam_best.png,D:\uwb thesis\RelatedData\DAVIS-data\DAVIS\SAM_results\flamingo\selected_by_score_default_no_gt\00075_best.png,flamingo
76,default_no_gt,5,1,0.0,0.9472951471758154,0.9472951471758154,D:\uwb thesis\RelatedData\DAVIS-data\DAVIS\SAM_results\flamingo\selected_by_sam\00076_sam_best.png,D:\uwb thesis\RelatedData\DAVIS-data\DAVIS\SAM_results\flamingo\selected_by_score_default_no_gt\00076_best.png,flamingo
77,default_no_gt,2,1,0.9563400141001108,0.9468196557745072,-0.0095203583256034,D:\uwb thesis\RelatedData\DAVIS-data\DAVIS\SAM_results\flamingo\selected_by_sam\00077_sam_best.png,D:\uwb thesis\RelatedData\DAVIS-data\DAVIS\SAM_results\flamingo\selected_by_score_default_no_gt\00077_best.png,flamingo
78,default_no_gt,2,4,0.0,0.9460620286670328,0.9460620286670328,D:\uwb thesis\RelatedData\DAVIS-data\DAVIS\SAM_results\flamingo\selected_by_sam\00078_sam_best.png,D:\uwb thesis\RelatedData\DAVIS-data\DAVIS\SAM_results\flamingo\selected_by_score_default_no_gt\00078_best.png,flamingo
79,default_no_gt,5,1,0.0,0.9477615681556124,0.9477615681556124,D:\uwb thesis\RelatedData\DAVIS-data\DAVIS\SAM_results\flamingo\selected_by_sam\00079_sam_best.png,D:\uwb thesis\RelatedData\DAVIS-data\DAVIS\SAM_results\flamingo\selected_by_score_default_no_gt\00079_best.png,flamingo
0,default_no_gt,2,1,0.9203984194929208,0.927117119572624,0.0067187000797033,D:\uwb thesis\RelatedData\DAVIS-data\DAVIS\SAM_results\goat\selected_by_sam\00000_sam_best.png,D:\uwb thesis\RelatedData\DAVIS-data\DAVIS\SAM_results\goat\selected_by_score_default_no_gt\00000_best.png,goat
1,default_no_gt,2,2,0.9318456819652756,0.9318456819652756,0.0,D:\uwb thesis\RelatedData\DAVIS-data\DAVIS\SAM_results\goat\selected_by_sam\00001_sam_best.png,D:\uwb thesis\RelatedData\DAVIS-data\DAVIS\SAM_results\goat\selected_by_score_default_no_gt\00001_best.png,goat
2,default_no_gt,2,1,0.9187084628768648,0.926179045467382,0.0074705825905173,D:\uwb thesis\RelatedData\DAVIS-data\DAVIS\SAM_results\goat\selected_by_sam\00002_sam_best.png,D:\uwb thesis\RelatedData\DAVIS-data\DAVIS\SAM_results\goat\selected_by_score_default_no_gt\00002_best.png,goat
3,default_no_gt,2,1,0.9196621488901984,0.9199677759875547,0.0003056270973564,D:\uwb thesis\RelatedData\DAVIS-data\DAVIS\SAM_results\goat\selected_by_sam\00003_sam_best.png,D:\uwb thesis\RelatedData\DAVIS-data\DAVIS\SAM_results\goat\selected_by_score_default_no_gt\00003_best.png,goat
4,default_no_gt,2,1,0.928448753462604,0.9295097284819172,0.0010609750193132,D:\uwb thesis\RelatedData\DAVIS-data\DAVIS\SAM_results\goat\selected_by_sam\00004_sam_best.png,D:\uwb thesis\RelatedData\DAVIS-data\DAVIS\SAM_results\goat\selected_by_score_default_no_gt\00004_best.png,goat
5,default_no_gt,2,1,0.9168088252018652,0.9234683780498149,0.0066595528479497,D:\uwb thesis\RelatedData\DAVIS-data\DAVIS\SAM_results\goat\selected_by_sam\00005_sam_best.png,D:\uwb thesis\RelatedData\DAVIS-data\DAVIS\SAM_results\goat\selected_by_score_default_no_gt\00005_best.png,goat
6,default_no_gt,2,1,0.9231658335018926,0.9276896958535954,0.0045238623517027,D:\uwb thesis\RelatedData\DAVIS-data\DAVIS\SAM_results\goat\selected_by_sam\00006_sam_best.png,D:\uwb thesis\RelatedData\DAVIS-data\DAVIS\SAM_results\goat\selected_by_score_default_no_gt\00006_best.png,goat
7,default_no_gt,2,1,0.923175306957708,0.9319138120922876,0.0087385051345797,D:\uwb thesis\RelatedData\DAVIS-data\DAVIS\SAM_results\goat\selected_by_sam\00007_sam_best.png,D:\uwb thesis\RelatedData\DAVIS-data\DAVIS\SAM_results\goat\selected_by_score_default_no_gt\00007_best.png,goat
8,default_no_gt,2,1,0.9049929078014184,0.92023170387115,0.0152387960697316,D:\uwb thesis\RelatedData\DAVIS-data\DAVIS\SAM_results\goat\selected_by_sam\00008_sam_best.png,D:\uwb thesis\RelatedData\DAVIS-data\DAVIS\SAM_results\goat\selected_by_score_default_no_gt\00008_best.png,goat
9,default_no_gt,2,1,0.9051462574012432,0.9241253708545076,0.0189791134532644,D:\uwb thesis\RelatedData\DAVIS-data\DAVIS\SAM_results\goat\selected_by_sam\00009_sam_best.png,D:\uwb thesis\RelatedData\DAVIS-data\DAVIS\SAM_results\goat\selected_by_score_default_no_gt\00009_best.png,goat
10,default_no_gt,2,1,0.9238552301766828,0.9321271096244488,0.008271879447766,D:\uwb thesis\RelatedData\DAVIS-data\DAVIS\SAM_results\goat\selected_by_sam\00010_sam_best.png,D:\uwb thesis\RelatedData\DAVIS-data\DAVIS\SAM_results\goat\selected_by_score_default_no_gt\00010_best.png,goat
11,default_no_gt,2,1,0.9139033780427224,0.9242489667509716,0.0103455887082493,D:\uwb thesis\RelatedData\DAVIS-data\DAVIS\SAM_results\goat\selected_by_sam\00011_sam_best.png,D:\uwb thesis\RelatedData\DAVIS-data\DAVIS\SAM_results\goat\selected_by_score_default_no_gt\00011_best.png,goat
12,default_no_gt,2,1,0.9098675643916536,0.9207147375079064,0.0108471731162526,D:\uwb thesis\RelatedData\DAVIS-data\DAVIS\SAM_results\goat\selected_by_sam\00012_sam_best.png,D:\uwb thesis\RelatedData\DAVIS-data\DAVIS\SAM_results\goat\selected_by_score_default_no_gt\00012_best.png,goat
13,default_no_gt,2,1,0.9122054303278688,0.9246958132405072,0.0124903829126382,D:\uwb thesis\RelatedData\DAVIS-data\DAVIS\SAM_results\goat\selected_by_sam\00013_sam_best.png,D:\uwb thesis\RelatedData\DAVIS-data\DAVIS\SAM_results\goat\selected_by_score_default_no_gt\00013_best.png,goat
14,default_no_gt,2,1,0.916025641025641,0.9252425944841676,0.0092169534585265,D:\uwb thesis\RelatedData\DAVIS-data\DAVIS\SAM_results\goat\selected_by_sam\00014_sam_best.png,D:\uwb thesis\RelatedData\DAVIS-data\DAVIS\SAM_results\goat\selected_by_score_default_no_gt\00014_best.png,goat
15,default_no_gt,2,2,0.9096814004092104,0.9096814004092104,0.0,D:\uwb thesis\RelatedData\DAVIS-data\DAVIS\SAM_results\goat\selected_by_sam\00015_sam_best.png,D:\uwb thesis\RelatedData\DAVIS-data\DAVIS\SAM_results\goat\selected_by_score_default_no_gt\00015_best.png,goat
16,default_no_gt,2,1,0.9151778528891036,0.9186612056828364,0.0034833527937327,D:\uwb thesis\RelatedData\DAVIS-data\DAVIS\SAM_results\goat\selected_by_sam\00016_sam_best.png,D:\uwb thesis\RelatedData\DAVIS-data\DAVIS\SAM_results\goat\selected_by_score_default_no_gt\00016_best.png,goat
17,default_no_gt,2,2,0.9351879649087694,0.9351879649087694,0.0,D:\uwb thesis\RelatedData\DAVIS-data\DAVIS\SAM_results\goat\selected_by_sam\00017_sam_best.png,D:\uwb thesis\RelatedData\DAVIS-data\DAVIS\SAM_results\goat\selected_by_score_default_no_gt\00017_best.png,goat
18,default_no_gt,2,2,0.936700174975126,0.936700174975126,0.0,D:\uwb thesis\RelatedData\DAVIS-data\DAVIS\SAM_results\goat\selected_by_sam\00018_sam_best.png,D:\uwb thesis\RelatedData\DAVIS-data\DAVIS\SAM_results\goat\selected_by_score_default_no_gt\00018_best.png,goat
19,default_no_gt,2,2,0.9255436278557666,0.9255436278557666,0.0,D:\uwb thesis\RelatedData\DAVIS-data\DAVIS\SAM_results\goat\selected_by_sam\00019_sam_best.png,D:\uwb thesis\RelatedData\DAVIS-data\DAVIS\SAM_results\goat\selected_by_score_default_no_gt\00019_best.png,goat
20,default_no_gt,2,1,0.919589929562731,0.9281964495406508,0.0086065199779197,D:\uwb thesis\RelatedData\DAVIS-data\DAVIS\SAM_results\goat\selected_by_sam\00020_sam_best.png,D:\uwb thesis\RelatedData\DAVIS-data\DAVIS\SAM_results\goat\selected_by_score_default_no_gt\00020_best.png,goat
21,default_no_gt,2,1,0.9200676165177494,0.9255402683418116,0.005472651824062,D:\uwb thesis\RelatedData\DAVIS-data\DAVIS\SAM_results\goat\selected_by_sam\00021_sam_best.png,D:\uwb thesis\RelatedData\DAVIS-data\DAVIS\SAM_results\goat\selected_by_score_default_no_gt\00021_best.png,goat
22,default_no_gt,2,1,0.9238767300743164,0.9262646566164154,0.0023879265420989,D:\uwb thesis\RelatedData\DAVIS-data\DAVIS\SAM_results\goat\selected_by_sam\00022_sam_best.png,D:\uwb thesis\RelatedData\DAVIS-data\DAVIS\SAM_results\goat\selected_by_score_default_no_gt\00022_best.png,goat
23,default_no_gt,2,1,0.9039473684210526,0.928889775826515,0.0249424074054623,D:\uwb thesis\RelatedData\DAVIS-data\DAVIS\SAM_results\goat\selected_by_sam\00023_sam_best.png,D:\uwb thesis\RelatedData\DAVIS-data\DAVIS\SAM_results\goat\selected_by_score_default_no_gt\00023_best.png,goat
24,default_no_gt,2,1,0.9237927217379271,0.9324522760646108,0.0086595543266836,D:\uwb thesis\RelatedData\DAVIS-data\DAVIS\SAM_results\goat\selected_by_sam\00024_sam_best.png,D:\uwb thesis\RelatedData\DAVIS-data\DAVIS\SAM_results\goat\selected_by_score_default_no_gt\00024_best.png,goat
25,default_no_gt,2,1,0.9103652446854044,0.9252128448793584,0.014847600193954,D:\uwb thesis\RelatedData\DAVIS-data\DAVIS\SAM_results\goat\selected_by_sam\00025_sam_best.png,D:\uwb thesis\RelatedData\DAVIS-data\DAVIS\SAM_results\goat\selected_by_score_default_no_gt\00025_best.png,goat
26,default_no_gt,2,1,0.9119423131571468,0.922976731087408,0.0110344179302611,D:\uwb thesis\RelatedData\DAVIS-data\DAVIS\SAM_results\goat\selected_by_sam\00026_sam_best.png,D:\uwb thesis\RelatedData\DAVIS-data\DAVIS\SAM_results\goat\selected_by_score_default_no_gt\00026_best.png,goat
27,default_no_gt,2,1,0.9183110697274648,0.9184005661712668,8.949644380207289e-05,D:\uwb thesis\RelatedData\DAVIS-data\DAVIS\SAM_results\goat\selected_by_sam\00027_sam_best.png,D:\uwb thesis\RelatedData\DAVIS-data\DAVIS\SAM_results\goat\selected_by_score_default_no_gt\00027_best.png,goat
28,default_no_gt,2,1,0.9194876162089276,0.9268919394579374,0.0074043232490096,D:\uwb thesis\RelatedData\DAVIS-data\DAVIS\SAM_results\goat\selected_by_sam\00028_sam_best.png,D:\uwb thesis\RelatedData\DAVIS-data\DAVIS\SAM_results\goat\selected_by_score_default_no_gt\00028_best.png,goat
29,default_no_gt,2,1,0.8951811346548189,0.9034992540349924,0.0083181193801736,D:\uwb thesis\RelatedData\DAVIS-data\DAVIS\SAM_results\goat\selected_by_sam\00029_sam_best.png,D:\uwb thesis\RelatedData\DAVIS-data\DAVIS\SAM_results\goat\selected_by_score_default_no_gt\00029_best.png,goat
30,default_no_gt,2,1,0.9272838374579896,0.9297485986641156,0.0024647612061261,D:\uwb thesis\RelatedData\DAVIS-data\DAVIS\SAM_results\goat\selected_by_sam\00030_sam_best.png,D:\uwb thesis\RelatedData\DAVIS-data\DAVIS\SAM_results\goat\selected_by_score_default_no_gt\00030_best.png,goat
31,default_no_gt,2,1,0.93657344735365,0.9367909766592776,0.0002175293056274,D:\uwb thesis\RelatedData\DAVIS-data\DAVIS\SAM_results\goat\selected_by_sam\00031_sam_best.png,D:\uwb thesis\RelatedData\DAVIS-data\DAVIS\SAM_results\goat\selected_by_score_default_no_gt\00031_best.png,goat
32,default_no_gt,2,1,0.914023204345785,0.9146752046474782,0.0006520003016932,D:\uwb thesis\RelatedData\DAVIS-data\DAVIS\SAM_results\goat\selected_by_sam\00032_sam_best.png,D:\uwb thesis\RelatedData\DAVIS-data\DAVIS\SAM_results\goat\selected_by_score_default_no_gt\00032_best.png,goat
33,default_no_gt,2,1,0.9222891149401424,0.9261536359599686,0.003864521019826,D:\uwb thesis\RelatedData\DAVIS-data\DAVIS\SAM_results\goat\selected_by_sam\00033_sam_best.png,D:\uwb thesis\RelatedData\DAVIS-data\DAVIS\SAM_results\goat\selected_by_score_default_no_gt\00033_best.png,goat
34,default_no_gt,2,1,0.9157689855364274,0.9084261150273404,-0.0073428705090869,D:\uwb thesis\RelatedData\DAVIS-data\DAVIS\SAM_results\goat\selected_by_sam\00034_sam_best.png,D:\uwb thesis\RelatedData\DAVIS-data\DAVIS\SAM_results\goat\selected_by_score_default_no_gt\00034_best.png,goat
35,default_no_gt,2,1,0.9055799619697068,0.9002511430227317,-0.0053288189469752,D:\uwb thesis\RelatedData\DAVIS-data\DAVIS\SAM_results\goat\selected_by_sam\00035_sam_best.png,D:\uwb thesis\RelatedData\DAVIS-data\DAVIS\SAM_results\goat\selected_by_score_default_no_gt\00035_best.png,goat
36,default_no_gt,2,1,0.9219877015123816,0.9185564655594348,-0.0034312359529468,D:\uwb thesis\RelatedData\DAVIS-data\DAVIS\SAM_results\goat\selected_by_sam\00036_sam_best.png,D:\uwb thesis\RelatedData\DAVIS-data\DAVIS\SAM_results\goat\selected_by_score_default_no_gt\00036_best.png,goat
37,default_no_gt,2,2,0.9193217874140668,0.9193217874140668,0.0,D:\uwb thesis\RelatedData\DAVIS-data\DAVIS\SAM_results\goat\selected_by_sam\00037_sam_best.png,D:\uwb thesis\RelatedData\DAVIS-data\DAVIS\SAM_results\goat\selected_by_score_default_no_gt\00037_best.png,goat
38,default_no_gt,2,1,0.9389602902777306,0.9381553820898524,-0.0008049081878783,D:\uwb thesis\RelatedData\DAVIS-data\DAVIS\SAM_results\goat\selected_by_sam\00038_sam_best.png,D:\uwb thesis\RelatedData\DAVIS-data\DAVIS\SAM_results\goat\selected_by_score_default_no_gt\00038_best.png,goat
39,default_no_gt,2,2,0.9383422367740823,0.9383422367740823,0.0,D:\uwb thesis\RelatedData\DAVIS-data\DAVIS\SAM_results\goat\selected_by_sam\00039_sam_best.png,D:\uwb thesis\RelatedData\DAVIS-data\DAVIS\SAM_results\goat\selected_by_score_default_no_gt\00039_best.png,goat
40,default_no_gt,2,1,0.9153490880895392,0.9268374016273176,0.0114883135377784,D:\uwb thesis\RelatedData\DAVIS-data\DAVIS\SAM_results\goat\selected_by_sam\00040_sam_best.png,D:\uwb thesis\RelatedData\DAVIS-data\DAVIS\SAM_results\goat\selected_by_score_default_no_gt\00040_best.png,goat
41,default_no_gt,2,1,0.9128832300217792,0.9222181612785328,0.0093349312567535,D:\uwb thesis\RelatedData\DAVIS-data\DAVIS\SAM_results\goat\selected_by_sam\00041_sam_best.png,D:\uwb thesis\RelatedData\DAVIS-data\DAVIS\SAM_results\goat\selected_by_score_default_no_gt\00041_best.png,goat
42,default_no_gt,2,1,0.9033400133600534,0.9191145168156662,0.0157745034556128,D:\uwb thesis\RelatedData\DAVIS-data\DAVIS\SAM_results\goat\selected_by_sam\00042_sam_best.png,D:\uwb thesis\RelatedData\DAVIS-data\DAVIS\SAM_results\goat\selected_by_score_default_no_gt\00042_best.png,goat
43,default_no_gt,2,1,0.9009155096111616,0.9181781941399244,0.0172626845287625,D:\uwb thesis\RelatedData\DAVIS-data\DAVIS\SAM_results\goat\selected_by_sam\00043_sam_best.png,D:\uwb thesis\RelatedData\DAVIS-data\DAVIS\SAM_results\goat\selected_by_score_default_no_gt\00043_best.png,goat
44,default_no_gt,2,1,0.9280798955429296,0.9335940227637736,0.0055141272208437,D:\uwb thesis\RelatedData\DAVIS-data\DAVIS\SAM_results\goat\selected_by_sam\00044_sam_best.png,D:\uwb thesis\RelatedData\DAVIS-data\DAVIS\SAM_results\goat\selected_by_score_default_no_gt\00044_best.png,goat
45,default_no_gt,2,1,0.9451028421166384,0.9360056507151686,-0.0090971914014698,D:\uwb thesis\RelatedData\DAVIS-data\DAVIS\SAM_results\goat\selected_by_sam\00045_sam_best.png,D:\uwb thesis\RelatedData\DAVIS-data\DAVIS\SAM_results\goat\selected_by_score_default_no_gt\00045_best.png,goat
46,default_no_gt,2,1,0.9288226848528356,0.933581033262562,0.0047583484097263,D:\uwb thesis\RelatedData\DAVIS-data\DAVIS\SAM_results\goat\selected_by_sam\00046_sam_best.png,D:\uwb thesis\RelatedData\DAVIS-data\DAVIS\SAM_results\goat\selected_by_score_default_no_gt\00046_best.png,goat
47,default_no_gt,2,1,0.9388460989873056,0.939068605019536,0.0002225060322303,D:\uwb thesis\RelatedData\DAVIS-data\DAVIS\SAM_results\goat\selected_by_sam\00047_sam_best.png,D:\uwb thesis\RelatedData\DAVIS-data\DAVIS\SAM_results\goat\selected_by_score_default_no_gt\00047_best.png,goat
48,default_no_gt,2,1,0.9377492324522708,0.9435741071741492,0.0058248747218783,D:\uwb thesis\RelatedData\DAVIS-data\DAVIS\SAM_results\goat\selected_by_sam\00048_sam_best.png,D:\uwb thesis\RelatedData\DAVIS-data\DAVIS\SAM_results\goat\selected_by_score_default_no_gt\00048_best.png,goat
49,default_no_gt,2,1,0.928276682053434,0.9347856202812218,0.0065089382277877,D:\uwb thesis\RelatedData\DAVIS-data\DAVIS\SAM_results\goat\selected_by_sam\00049_sam_best.png,D:\uwb thesis\RelatedData\DAVIS-data\DAVIS\SAM_results\goat\selected_by_score_default_no_gt\00049_best.png,goat
50,default_no_gt,2,1,0.9434130032721582,0.9363652265174044,-0.0070477767547538,D:\uwb thesis\RelatedData\DAVIS-data\DAVIS\SAM_results\goat\selected_by_sam\00050_sam_best.png,D:\uwb thesis\RelatedData\DAVIS-data\DAVIS\SAM_results\goat\selected_by_score_default_no_gt\00050_best.png,goat
51,default_no_gt,2,1,0.9307101024890192,0.935482702408984,0.0047725999199648,D:\uwb thesis\RelatedData\DAVIS-data\DAVIS\SAM_results\goat\selected_by_sam\00051_sam_best.png,D:\uwb thesis\RelatedData\DAVIS-data\DAVIS\SAM_results\goat\selected_by_score_default_no_gt\00051_best.png,goat
52,default_no_gt,2,1,0.9318165324043834,0.9255769299150162,-0.0062396024893672,D:\uwb thesis\RelatedData\DAVIS-data\DAVIS\SAM_results\goat\selected_by_sam\00052_sam_best.png,D:\uwb thesis\RelatedData\DAVIS-data\DAVIS\SAM_results\goat\selected_by_score_default_no_gt\00052_best.png,goat
53,default_no_gt,2,1,0.9311947931194792,0.9356733422970772,0.004478549177598,D:\uwb thesis\RelatedData\DAVIS-data\DAVIS\SAM_results\goat\selected_by_sam\00053_sam_best.png,D:\uwb thesis\RelatedData\DAVIS-data\DAVIS\SAM_results\goat\selected_by_score_default_no_gt\00053_best.png,goat
54,default_no_gt,2,1,0.9307461803114944,0.9341120642453002,0.0033658839338059,D:\uwb thesis\RelatedData\DAVIS-data\DAVIS\SAM_results\goat\selected_by_sam\00054_sam_best.png,D:\uwb thesis\RelatedData\DAVIS-data\DAVIS\SAM_results\goat\selected_by_score_default_no_gt\00054_best.png,goat
55,default_no_gt,2,1,0.936183044969656,0.9377126406699816,0.0015295957003258,D:\uwb thesis\RelatedData\DAVIS-data\DAVIS\SAM_results\goat\selected_by_sam\00055_sam_best.png,D:\uwb thesis\RelatedData\DAVIS-data\DAVIS\SAM_results\goat\selected_by_score_default_no_gt\00055_best.png,goat
56,default_no_gt,2,1,0.9251298106291996,0.9387003719729752,0.0135705613437753,D:\uwb thesis\RelatedData\DAVIS-data\DAVIS\SAM_results\goat\selected_by_sam\00056_sam_best.png,D:\uwb thesis\RelatedData\DAVIS-data\DAVIS\SAM_results\goat\selected_by_score_default_no_gt\00056_best.png,goat
57,default_no_gt,2,1,0.9303323881537492,0.9283881502216002,-0.001944237932149,D:\uwb thesis\RelatedData\DAVIS-data\DAVIS\SAM_results\goat\selected_by_sam\00057_sam_best.png,D:\uwb thesis\RelatedData\DAVIS-data\DAVIS\SAM_results\goat\selected_by_score_default_no_gt\00057_best.png,goat
58,default_no_gt,2,1,0.9254556143445032,0.9278406448612618,0.0023850305167586,D:\uwb thesis\RelatedData\DAVIS-data\DAVIS\SAM_results\goat\selected_by_sam\00058_sam_best.png,D:\uwb thesis\RelatedData\DAVIS-data\DAVIS\SAM_results\goat\selected_by_score_default_no_gt\00058_best.png,goat
59,default_no_gt,2,1,0.9309876638994492,0.9299031430649668,-0.0010845208344821,D:\uwb thesis\RelatedData\DAVIS-data\DAVIS\SAM_results\goat\selected_by_sam\00059_sam_best.png,D:\uwb thesis\RelatedData\DAVIS-data\DAVIS\SAM_results\goat\selected_by_score_default_no_gt\00059_best.png,goat
60,default_no_gt,2,1,0.9138079912081012,0.9196314009098332,0.0058234097017321,D:\uwb thesis\RelatedData\DAVIS-data\DAVIS\SAM_results\goat\selected_by_sam\00060_sam_best.png,D:\uwb thesis\RelatedData\DAVIS-data\DAVIS\SAM_results\goat\selected_by_score_default_no_gt\00060_best.png,goat
61,default_no_gt,2,1,0.9234868978883192,0.9263356178109092,0.0028487199225901,D:\uwb thesis\RelatedData\DAVIS-data\DAVIS\SAM_results\goat\selected_by_sam\00061_sam_best.png,D:\uwb thesis\RelatedData\DAVIS-data\DAVIS\SAM_results\goat\selected_by_score_default_no_gt\00061_best.png,goat
62,default_no_gt,2,1,0.9222939008042896,0.9254702129422488,0.0031763121379592,D:\uwb thesis\RelatedData\DAVIS-data\DAVIS\SAM_results\goat\selected_by_sam\00062_sam_best.png,D:\uwb thesis\RelatedData\DAVIS-data\DAVIS\SAM_results\goat\selected_by_score_default_no_gt\00062_best.png,goat
63,default_no_gt,2,1,0.9269370560052866,0.9301666803514246,0.0032296243461379,D:\uwb thesis\RelatedData\DAVIS-data\DAVIS\SAM_results\goat\selected_by_sam\00063_sam_best.png,D:\uwb thesis\RelatedData\DAVIS-data\DAVIS\SAM_results\goat\selected_by_score_default_no_gt\00063_best.png,goat
64,default_no_gt,2,1,0.8953964613368283,0.9121522693997072,0.0167558080628789,D:\uwb thesis\RelatedData\DAVIS-data\DAVIS\SAM_results\goat\selected_by_sam\00064_sam_best.png,D:\uwb thesis\RelatedData\DAVIS-data\DAVIS\SAM_results\goat\selected_by_score_default_no_gt\00064_best.png,goat
65,default_no_gt,2,1,0.894204990719736,0.906474233529028,0.0122692428092919,D:\uwb thesis\RelatedData\DAVIS-data\DAVIS\SAM_results\goat\selected_by_sam\00065_sam_best.png,D:\uwb thesis\RelatedData\DAVIS-data\DAVIS\SAM_results\goat\selected_by_score_default_no_gt\00065_best.png,goat
66,default_no_gt,2,1,0.9170443101711984,0.9218343317496384,0.0047900215784401,D:\uwb thesis\RelatedData\DAVIS-data\DAVIS\SAM_results\goat\selected_by_sam\00066_sam_best.png,D:\uwb thesis\RelatedData\DAVIS-data\DAVIS\SAM_results\goat\selected_by_score_default_no_gt\00066_best.png,goat
67,default_no_gt,2,0,0.9060526205713808,0.894332331472735,-0.0117202890986457,D:\uwb thesis\RelatedData\DAVIS-data\DAVIS\SAM_results\goat\selected_by_sam\00067_sam_best.png,D:\uwb thesis\RelatedData\DAVIS-data\DAVIS\SAM_results\goat\selected_by_score_default_no_gt\00067_best.png,goat
68,default_no_gt,2,1,0.9140457694730212,0.9218801584681412,0.0078343889951201,D:\uwb thesis\RelatedData\DAVIS-data\DAVIS\SAM_results\goat\selected_by_sam\00068_sam_best.png,D:\uwb thesis\RelatedData\DAVIS-data\DAVIS\SAM_results\goat\selected_by_score_default_no_gt\00068_best.png,goat
69,default_no_gt,2,1,0.901516070345664,0.921218907462209,0.0197028371165449,D:\uwb thesis\RelatedData\DAVIS-data\DAVIS\SAM_results\goat\selected_by_sam\00069_sam_best.png,D:\uwb thesis\RelatedData\DAVIS-data\DAVIS\SAM_results\goat\selected_by_score_default_no_gt\00069_best.png,goat
70,default_no_gt,2,1,0.910157050887768,0.9144763445208248,0.0043192936330568,D:\uwb thesis\RelatedData\DAVIS-data\DAVIS\SAM_results\goat\selected_by_sam\00070_sam_best.png,D:\uwb thesis\RelatedData\DAVIS-data\DAVIS\SAM_results\goat\selected_by_score_default_no_gt\00070_best.png,goat
71,default_no_gt,2,1,0.9066333957163653,0.9056434146540804,-0.0009899810622847,D:\uwb thesis\RelatedData\DAVIS-data\DAVIS\SAM_results\goat\selected_by_sam\00071_sam_best.png,D:\uwb thesis\RelatedData\DAVIS-data\DAVIS\SAM_results\goat\selected_by_score_default_no_gt\00071_best.png,goat
72,default_no_gt,2,1,0.909856712226948,0.9115900772671818,0.0017333650402338,D:\uwb thesis\RelatedData\DAVIS-data\DAVIS\SAM_results\goat\selected_by_sam\00072_sam_best.png,D:\uwb thesis\RelatedData\DAVIS-data\DAVIS\SAM_results\goat\selected_by_score_default_no_gt\00072_best.png,goat
73,default_no_gt,2,1,0.9113564278947152,0.91471007121058,0.0033536433158647,D:\uwb thesis\RelatedData\DAVIS-data\DAVIS\SAM_results\goat\selected_by_sam\00073_sam_best.png,D:\uwb thesis\RelatedData\DAVIS-data\DAVIS\SAM_results\goat\selected_by_score_default_no_gt\00073_best.png,goat
74,default_no_gt,2,1,0.9138160632542656,0.920138033029332,0.0063219697750666,D:\uwb thesis\RelatedData\DAVIS-data\DAVIS\SAM_results\goat\selected_by_sam\00074_sam_best.png,D:\uwb thesis\RelatedData\DAVIS-data\DAVIS\SAM_results\goat\selected_by_score_default_no_gt\00074_best.png,goat
75,default_no_gt,2,1,0.9208426826227872,0.9132087813253752,-0.0076339012974122,D:\uwb thesis\RelatedData\DAVIS-data\DAVIS\SAM_results\goat\selected_by_sam\00075_sam_best.png,D:\uwb thesis\RelatedData\DAVIS-data\DAVIS\SAM_results\goat\selected_by_score_default_no_gt\00075_best.png,goat
76,default_no_gt,2,1,0.9394415069398546,0.933664738000163,-0.0057767689396915,D:\uwb thesis\RelatedData\DAVIS-data\DAVIS\SAM_results\goat\selected_by_sam\00076_sam_best.png,D:\uwb thesis\RelatedData\DAVIS-data\DAVIS\SAM_results\goat\selected_by_score_default_no_gt\00076_best.png,goat
77,default_no_gt,2,2,0.9298002445984508,0.9298002445984508,0.0,D:\uwb thesis\RelatedData\DAVIS-data\DAVIS\SAM_results\goat\selected_by_sam\00077_sam_best.png,D:\uwb thesis\RelatedData\DAVIS-data\DAVIS\SAM_results\goat\selected_by_score_default_no_gt\00077_best.png,goat
78,default_no_gt,2,1,0.927058631122741,0.9308946386568254,0.0038360075340844,D:\uwb thesis\RelatedData\DAVIS-data\DAVIS\SAM_results\goat\selected_by_sam\00078_sam_best.png,D:\uwb thesis\RelatedData\DAVIS-data\DAVIS\SAM_results\goat\selected_by_score_default_no_gt\00078_best.png,goat
79,default_no_gt,2,2,0.9268804194394032,0.9268804194394032,0.0,D:\uwb thesis\RelatedData\DAVIS-data\DAVIS\SAM_results\goat\selected_by_sam\00079_sam_best.png,D:\uwb thesis\RelatedData\DAVIS-data\DAVIS\SAM_results\goat\selected_by_score_default_no_gt\00079_best.png,goat
80,default_no_gt,2,2,0.937778518179168,0.937778518179168,0.0,D:\uwb thesis\RelatedData\DAVIS-data\DAVIS\SAM_results\goat\selected_by_sam\00080_sam_best.png,D:\uwb thesis\RelatedData\DAVIS-data\DAVIS\SAM_results\goat\selected_by_score_default_no_gt\00080_best.png,goat
81,default_no_gt,2,1,0.9344371135731772,0.9318386753012542,-0.002598438271923,D:\uwb thesis\RelatedData\DAVIS-data\DAVIS\SAM_results\goat\selected_by_sam\00081_sam_best.png,D:\uwb thesis\RelatedData\DAVIS-data\DAVIS\SAM_results\goat\selected_by_score_default_no_gt\00081_best.png,goat
82,default_no_gt,2,1,0.9188078518991382,0.9213780569712772,0.0025702050721391,D:\uwb thesis\RelatedData\DAVIS-data\DAVIS\SAM_results\goat\selected_by_sam\00082_sam_best.png,D:\uwb thesis\RelatedData\DAVIS-data\DAVIS\SAM_results\goat\selected_by_score_default_no_gt\00082_best.png,goat
83,default_no_gt,2,2,0.9316004928261992,0.9316004928261992,0.0,D:\uwb thesis\RelatedData\DAVIS-data\DAVIS\SAM_results\goat\selected_by_sam\00083_sam_best.png,D:\uwb thesis\RelatedData\DAVIS-data\DAVIS\SAM_results\goat\selected_by_score_default_no_gt\00083_best.png,goat
84,default_no_gt,2,2,0.9305786432359692,0.9305786432359692,0.0,D:\uwb thesis\RelatedData\DAVIS-data\DAVIS\SAM_results\goat\selected_by_sam\00084_sam_best.png,D:\uwb thesis\RelatedData\DAVIS-data\DAVIS\SAM_results\goat\selected_by_score_default_no_gt\00084_best.png,goat
85,default_no_gt,2,1,0.9285494183807104,0.9279503581414946,-0.0005990602392156,D:\uwb thesis\RelatedData\DAVIS-data\DAVIS\SAM_results\goat\selected_by_sam\00085_sam_best.png,D:\uwb thesis\RelatedData\DAVIS-data\DAVIS\SAM_results\goat\selected_by_score_default_no_gt\00085_best.png,goat
86,default_no_gt,2,1,0.9252095670229948,0.9229364777481932,-0.0022730892748015,D:\uwb thesis\RelatedData\DAVIS-data\DAVIS\SAM_results\goat\selected_by_sam\00086_sam_best.png,D:\uwb thesis\RelatedData\DAVIS-data\DAVIS\SAM_results\goat\selected_by_score_default_no_gt\00086_best.png,goat
87,default_no_gt,2,1,0.9373173970783532,0.9396188036763596,0.0023014065980064,D:\uwb thesis\RelatedData\DAVIS-data\DAVIS\SAM_results\goat\selected_by_sam\00087_sam_best.png,D:\uwb thesis\RelatedData\DAVIS-data\DAVIS\SAM_results\goat\selected_by_score_default_no_gt\00087_best.png,goat
88,default_no_gt,2,2,0.9272891498249972,0.9272891498249972,0.0,D:\uwb thesis\RelatedData\DAVIS-data\DAVIS\SAM_results\goat\selected_by_sam\00088_sam_best.png,D:\uwb thesis\RelatedData\DAVIS-data\DAVIS\SAM_results\goat\selected_by_score_default_no_gt\00088_best.png,goat
89,default_no_gt,2,1,0.9405258525010524,0.9431727290039992,0.0026468765029468,D:\uwb thesis\RelatedData\DAVIS-data\DAVIS\SAM_results\goat\selected_by_sam\00089_sam_best.png,D:\uwb thesis\RelatedData\DAVIS-data\DAVIS\SAM_results\goat\selected_by_score_default_no_gt\00089_best.png,goat
0,default_no_gt,4,4,0.9541823082106072,0.9541823082106072,0.0,D:\uwb thesis\RelatedData\DAVIS-data\DAVIS\SAM_results\hike\selected_by_sam\00000_sam_best.png,D:\uwb thesis\RelatedData\DAVIS-data\DAVIS\SAM_results\hike\selected_by_score_default_no_gt\00000_best.png,hike
1,default_no_gt,4,4,0.9567557178550836,0.9567557178550836,0.0,D:\uwb thesis\RelatedData\DAVIS-data\DAVIS\SAM_results\hike\selected_by_sam\00001_sam_best.png,D:\uwb thesis\RelatedData\DAVIS-data\DAVIS\SAM_results\hike\selected_by_score_default_no_gt\00001_best.png,hike
2,default_no_gt,5,4,0.9249550119157628,0.948344306738962,0.0233892948231991,D:\uwb thesis\RelatedData\DAVIS-data\DAVIS\SAM_results\hike\selected_by_sam\00002_sam_best.png,D:\uwb thesis\RelatedData\DAVIS-data\DAVIS\SAM_results\hike\selected_by_score_default_no_gt\00002_best.png,hike
3,default_no_gt,4,4,0.9484011627906976,0.9484011627906976,0.0,D:\uwb thesis\RelatedData\DAVIS-data\DAVIS\SAM_results\hike\selected_by_sam\00003_sam_best.png,D:\uwb thesis\RelatedData\DAVIS-data\DAVIS\SAM_results\hike\selected_by_score_default_no_gt\00003_best.png,hike
4,default_no_gt,4,4,0.9521803037726604,0.9521803037726604,0.0,D:\uwb thesis\RelatedData\DAVIS-data\DAVIS\SAM_results\hike\selected_by_sam\00004_sam_best.png,D:\uwb thesis\RelatedData\DAVIS-data\DAVIS\SAM_results\hike\selected_by_score_default_no_gt\00004_best.png,hike
5,default_no_gt,4,4,0.9476101125814734,0.9476101125814734,0.0,D:\uwb thesis\RelatedData\DAVIS-data\DAVIS\SAM_results\hike\selected_by_sam\00005_sam_best.png,D:\uwb thesis\RelatedData\DAVIS-data\DAVIS\SAM_results\hike\selected_by_score_default_no_gt\00005_best.png,hike
6,default_no_gt,4,4,0.9549251223249148,0.9549251223249148,0.0,D:\uwb thesis\RelatedData\DAVIS-data\DAVIS\SAM_results\hike\selected_by_sam\00006_sam_best.png,D:\uwb thesis\RelatedData\DAVIS-data\DAVIS\SAM_results\hike\selected_by_score_default_no_gt\00006_best.png,hike
7,default_no_gt,5,4,0.9457081437784332,0.9576819675395798,0.0119738237611465,D:\uwb thesis\RelatedData\DAVIS-data\DAVIS\SAM_results\hike\selected_by_sam\00007_sam_best.png,D:\uwb thesis\RelatedData\DAVIS-data\DAVIS\SAM_results\hike\selected_by_score_default_no_gt\00007_best.png,hike
8,default_no_gt,5,4,0.9484603735487128,0.958750440162986,0.0102900666142732,D:\uwb thesis\RelatedData\DAVIS-data\DAVIS\SAM_results\hike\selected_by_sam\00008_sam_best.png,D:\uwb thesis\RelatedData\DAVIS-data\DAVIS\SAM_results\hike\selected_by_score_default_no_gt\00008_best.png,hike
9,default_no_gt,5,4,0.9546384371484096,0.959906380380584,0.0052679432321744,D:\uwb thesis\RelatedData\DAVIS-data\DAVIS\SAM_results\hike\selected_by_sam\00009_sam_best.png,D:\uwb thesis\RelatedData\DAVIS-data\DAVIS\SAM_results\hike\selected_by_score_default_no_gt\00009_best.png,hike
10,default_no_gt,5,4,0.9541036436405218,0.9591160792837552,0.0050124356432332,D:\uwb thesis\RelatedData\DAVIS-data\DAVIS\SAM_results\hike\selected_by_sam\00010_sam_best.png,D:\uwb thesis\RelatedData\DAVIS-data\DAVIS\SAM_results\hike\selected_by_score_default_no_gt\00010_best.png,hike
11,default_no_gt,5,4,0.9529950969942445,0.9582669640012744,0.0052718670070299,D:\uwb thesis\RelatedData\DAVIS-data\DAVIS\SAM_results\hike\selected_by_sam\00011_sam_best.png,D:\uwb thesis\RelatedData\DAVIS-data\DAVIS\SAM_results\hike\selected_by_score_default_no_gt\00011_best.png,hike
12,default_no_gt,5,4,0.9534504323236718,0.9577243693839992,0.0042739370603274,D:\uwb thesis\RelatedData\DAVIS-data\DAVIS\SAM_results\hike\selected_by_sam\00012_sam_best.png,D:\uwb thesis\RelatedData\DAVIS-data\DAVIS\SAM_results\hike\selected_by_score_default_no_gt\00012_best.png,hike
13,default_no_gt,5,4,0.9523683514157184,0.95696602580985,0.0045976743941315,D:\uwb thesis\RelatedData\DAVIS-data\DAVIS\SAM_results\hike\selected_by_sam\00013_sam_best.png,D:\uwb thesis\RelatedData\DAVIS-data\DAVIS\SAM_results\hike\selected_by_score_default_no_gt\00013_best.png,hike
14,default_no_gt,5,4,0.9526459577051504,0.9560953530476766,0.0034493953425263,D:\uwb thesis\RelatedData\DAVIS-data\DAVIS\SAM_results\hike\selected_by_sam\00014_sam_best.png,D:\uwb thesis\RelatedData\DAVIS-data\DAVIS\SAM_results\hike\selected_by_score_default_no_gt\00014_best.png,hike
15,default_no_gt,5,4,0.9551828969304698,0.955822901953144,0.0006400050226742,D:\uwb thesis\RelatedData\DAVIS-data\DAVIS\SAM_results\hike\selected_by_sam\00015_sam_best.png,D:\uwb thesis\RelatedData\DAVIS-data\DAVIS\SAM_results\hike\selected_by_score_default_no_gt\00015_best.png,hike
16,default_no_gt,5,4,0.9544990520635848,0.955062158370822,0.0005631063072372,D:\uwb thesis\RelatedData\DAVIS-data\DAVIS\SAM_results\hike\selected_by_sam\00016_sam_best.png,D:\uwb thesis\RelatedData\DAVIS-data\DAVIS\SAM_results\hike\selected_by_score_default_no_gt\00016_best.png,hike
17,default_no_gt,5,4,0.9501307252832382,0.9525577358854442,0.002427010602206,D:\uwb thesis\RelatedData\DAVIS-data\DAVIS\SAM_results\hike\selected_by_sam\00017_sam_best.png,D:\uwb thesis\RelatedData\DAVIS-data\DAVIS\SAM_results\hike\selected_by_score_default_no_gt\00017_best.png,hike
18,default_no_gt,5,4,0.9426371511068335,0.9488363146758992,0.0061991635690656,D:\uwb thesis\RelatedData\DAVIS-data\DAVIS\SAM_results\hike\selected_by_sam\00018_sam_best.png,D:\uwb thesis\RelatedData\DAVIS-data\DAVIS\SAM_results\hike\selected_by_score_default_no_gt\00018_best.png,hike
19,default_no_gt,5,4,0.9490586932447398,0.9541606541606542,0.0051019609159144,D:\uwb thesis\RelatedData\DAVIS-data\DAVIS\SAM_results\hike\selected_by_sam\00019_sam_best.png,D:\uwb thesis\RelatedData\DAVIS-data\DAVIS\SAM_results\hike\selected_by_score_default_no_gt\00019_best.png,hike
20,default_no_gt,5,4,0.9548421408886524,0.9586087124318587,0.0037665715432062,D:\uwb thesis\RelatedData\DAVIS-data\DAVIS\SAM_results\hike\selected_by_sam\00020_sam_best.png,D:\uwb thesis\RelatedData\DAVIS-data\DAVIS\SAM_results\hike\selected_by_score_default_no_gt\00020_best.png,hike
21,default_no_gt,5,4,0.9563323005422152,0.958381614522982,0.0020493139807665,D:\uwb thesis\RelatedData\DAVIS-data\DAVIS\SAM_results\hike\selected_by_sam\00021_sam_best.png,D:\uwb thesis\RelatedData\DAVIS-data\DAVIS\SAM_results\hike\selected_by_score_default_no_gt\00021_best.png,hike
22,default_no_gt,5,4,0.9577991452991452,0.959998062860187,0.0021989175610416,D:\uwb thesis\RelatedData\DAVIS-data\DAVIS\SAM_results\hike\selected_by_sam\00022_sam_best.png,D:\uwb thesis\RelatedData\DAVIS-data\DAVIS\SAM_results\hike\selected_by_score_default_no_gt\00022_best.png,hike
23,default_no_gt,5,4,0.9560117302052786,0.9595251994551468,0.0035134692498682,D:\uwb thesis\RelatedData\DAVIS-data\DAVIS\SAM_results\hike\selected_by_sam\00023_sam_best.png,D:\uwb thesis\RelatedData\DAVIS-data\DAVIS\SAM_results\hike\selected_by_score_default_no_gt\00023_best.png,hike
24,default_no_gt,5,4,0.9544651619234544,0.9606886797054088,0.0062235177819546,D:\uwb thesis\RelatedData\DAVIS-data\DAVIS\SAM_results\hike\selected_by_sam\00024_sam_best.png,D:\uwb thesis\RelatedData\DAVIS-data\DAVIS\SAM_results\hike\selected_by_score_default_no_gt\00024_best.png,hike
25,default_no_gt,5,4,0.9491940620253784,0.95833942406081,0.0091453620354313,D:\uwb thesis\RelatedData\DAVIS-data\DAVIS\SAM_results\hike\selected_by_sam\00025_sam_best.png,D:\uwb thesis\RelatedData\DAVIS-data\DAVIS\SAM_results\hike\selected_by_score_default_no_gt\00025_best.png,hike
26,default_no_gt,4,4,0.9595880716482016,0.9595880716482016,0.0,D:\uwb thesis\RelatedData\DAVIS-data\DAVIS\SAM_results\hike\selected_by_sam\00026_sam_best.png,D:\uwb thesis\RelatedData\DAVIS-data\DAVIS\SAM_results\hike\selected_by_score_default_no_gt\00026_best.png,hike
27,default_no_gt,4,4,0.9606518866539422,0.9606518866539422,0.0,D:\uwb thesis\RelatedData\DAVIS-data\DAVIS\SAM_results\hike\selected_by_sam\00027_sam_best.png,D:\uwb thesis\RelatedData\DAVIS-data\DAVIS\SAM_results\hike\selected_by_score_default_no_gt\00027_best.png,hike
28,default_no_gt,4,4,0.9585418506525364,0.9585418506525364,0.0,D:\uwb thesis\RelatedData\DAVIS-data\DAVIS\SAM_results\hike\selected_by_sam\00028_sam_best.png,D:\uwb thesis\RelatedData\DAVIS-data\DAVIS\SAM_results\hike\selected_by_score_default_no_gt\00028_best.png,hike
29,default_no_gt,4,4,0.9576111716351392,0.9576111716351392,0.0,D:\uwb thesis\RelatedData\DAVIS-data\DAVIS\SAM_results\hike\selected_by_sam\00029_sam_best.png,D:\uwb thesis\RelatedData\DAVIS-data\DAVIS\SAM_results\hike\selected_by_score_default_no_gt\00029_best.png,hike
30,default_no_gt,1,4,3.3031941887805505e-05,0.9570914182836568,0.957058386341769,D:\uwb thesis\RelatedData\DAVIS-data\DAVIS\SAM_results\hike\selected_by_sam\00030_sam_best.png,D:\uwb thesis\RelatedData\DAVIS-data\DAVIS\SAM_results\hike\selected_by_score_default_no_gt\00030_best.png,hike
31,default_no_gt,1,4,3.693148593833673e-05,0.956266450698522,0.9562295192125836,D:\uwb thesis\RelatedData\DAVIS-data\DAVIS\SAM_results\hike\selected_by_sam\00031_sam_best.png,D:\uwb thesis\RelatedData\DAVIS-data\DAVIS\SAM_results\hike\selected_by_score_default_no_gt\00031_best.png,hike
32,default_no_gt,1,4,3.0271749495218576e-05,0.9605954465849388,0.9605651748354436,D:\uwb thesis\RelatedData\DAVIS-data\DAVIS\SAM_results\hike\selected_by_sam\00032_sam_best.png,D:\uwb thesis\RelatedData\DAVIS-data\DAVIS\SAM_results\hike\selected_by_score_default_no_gt\00032_best.png,hike
33,default_no_gt,4,4,0.9629804415080488,0.9629804415080488,0.0,D:\uwb thesis\RelatedData\DAVIS-data\DAVIS\SAM_results\hike\selected_by_sam\00033_sam_best.png,D:\uwb thesis\RelatedData\DAVIS-data\DAVIS\SAM_results\hike\selected_by_score_default_no_gt\00033_best.png,hike
34,default_no_gt,1,4,6.827866384862e-05,0.960025549582158,0.9599572709183092,D:\uwb thesis\RelatedData\DAVIS-data\DAVIS\SAM_results\hike\selected_by_sam\00034_sam_best.png,D:\uwb thesis\RelatedData\DAVIS-data\DAVIS\SAM_results\hike\selected_by_score_default_no_gt\00034_best.png,hike
35,default_no_gt,1,4,3.678848765592954e-05,0.960857967227394,0.960821178739738,D:\uwb thesis\RelatedData\DAVIS-data\DAVIS\SAM_results\hike\selected_by_sam\00035_sam_best.png,D:\uwb thesis\RelatedData\DAVIS-data\DAVIS\SAM_results\hike\selected_by_score_default_no_gt\00035_best.png,hike
36,default_no_gt,4,4,0.9644371043214974,0.9644371043214974,0.0,D:\uwb thesis\RelatedData\DAVIS-data\DAVIS\SAM_results\hike\selected_by_sam\00036_sam_best.png,D:\uwb thesis\RelatedData\DAVIS-data\DAVIS\SAM_results\hike\selected_by_score_default_no_gt\00036_best.png,hike
37,default_no_gt,5,4,0.9548555265930896,0.9632304299889748,0.0083749033958849,D:\uwb thesis\RelatedData\DAVIS-data\DAVIS\SAM_results\hike\selected_by_sam\00037_sam_best.png,D:\uwb thesis\RelatedData\DAVIS-data\DAVIS\SAM_results\hike\selected_by_score_default_no_gt\00037_best.png,hike
38,default_no_gt,5,4,0.9542044563878626,0.9665794017712918,0.0123749453834292,D:\uwb thesis\RelatedData\DAVIS-data\DAVIS\SAM_results\hike\selected_by_sam\00038_sam_best.png,D:\uwb thesis\RelatedData\DAVIS-data\DAVIS\SAM_results\hike\selected_by_score_default_no_gt\00038_best.png,hike
39,default_no_gt,5,4,0.9504266786436112,0.9604447175819878,0.0100180389383767,D:\uwb thesis\RelatedData\DAVIS-data\DAVIS\SAM_results\hike\selected_by_sam\00039_sam_best.png,D:\uwb thesis\RelatedData\DAVIS-data\DAVIS\SAM_results\hike\selected_by_score_default_no_gt\00039_best.png,hike
40,default_no_gt,5,4,0.9539261285909711,0.962809692349578,0.0088835637586067,D:\uwb thesis\RelatedData\DAVIS-data\DAVIS\SAM_results\hike\selected_by_sam\00040_sam_best.png,D:\uwb thesis\RelatedData\DAVIS-data\DAVIS\SAM_results\hike\selected_by_score_default_no_gt\00040_best.png,hike
41,default_no_gt,5,5,0.9544223356599646,0.9544223356599646,0.0,D:\uwb thesis\RelatedData\DAVIS-data\DAVIS\SAM_results\hike\selected_by_sam\00041_sam_best.png,D:\uwb thesis\RelatedData\DAVIS-data\DAVIS\SAM_results\hike\selected_by_score_default_no_gt\00041_best.png,hike
42,default_no_gt,5,4,0.9555612375351572,0.9626687038451744,0.0071074663100172,D:\uwb thesis\RelatedData\DAVIS-data\DAVIS\SAM_results\hike\selected_by_sam\00042_sam_best.png,D:\uwb thesis\RelatedData\DAVIS-data\DAVIS\SAM_results\hike\selected_by_score_default_no_gt\00042_best.png,hike
43,default_no_gt,5,4,0.96099074356627,0.9648093841642228,0.0038186405979528,D:\uwb thesis\RelatedData\DAVIS-data\DAVIS\SAM_results\hike\selected_by_sam\00043_sam_best.png,D:\uwb thesis\RelatedData\DAVIS-data\DAVIS\SAM_results\hike\selected_by_score_default_no_gt\00043_best.png,hike
44,default_no_gt,5,5,0.9629910895099232,0.9629910895099232,0.0,D:\uwb thesis\RelatedData\DAVIS-data\DAVIS\SAM_results\hike\selected_by_sam\00044_sam_best.png,D:\uwb thesis\RelatedData\DAVIS-data\DAVIS\SAM_results\hike\selected_by_score_default_no_gt\00044_best.png,hike
45,default_no_gt,5,5,0.9624021948988924,0.9624021948988924,0.0,D:\uwb thesis\RelatedData\DAVIS-data\DAVIS\SAM_results\hike\selected_by_sam\00045_sam_best.png,D:\uwb thesis\RelatedData\DAVIS-data\DAVIS\SAM_results\hike\selected_by_score_default_no_gt\00045_best.png,hike
46,default_no_gt,5,4,0.9601245787807616,0.9629686148837684,0.0028440361030065,D:\uwb thesis\RelatedData\DAVIS-data\DAVIS\SAM_results\hike\selected_by_sam\00046_sam_best.png,D:\uwb thesis\RelatedData\DAVIS-data\DAVIS\SAM_results\hike\selected_by_score_default_no_gt\00046_best.png,hike
47,default_no_gt,5,4,0.9591123895623588,0.9623037184798732,0.0031913289175143,D:\uwb thesis\RelatedData\DAVIS-data\DAVIS\SAM_results\hike\selected_by_sam\00047_sam_best.png,D:\uwb thesis\RelatedData\DAVIS-data\DAVIS\SAM_results\hike\selected_by_score_default_no_gt\00047_best.png,hike
48,default_no_gt,5,4,0.9647416100473544,0.962980007158562,-0.0017616028887922,D:\uwb thesis\RelatedData\DAVIS-data\DAVIS\SAM_results\hike\selected_by_sam\00048_sam_best.png,D:\uwb thesis\RelatedData\DAVIS-data\DAVIS\SAM_results\hike\selected_by_score_default_no_gt\00048_best.png,hike
49,default_no_gt,5,4,0.9591995035681042,0.9643721361272718,0.0051726325591675,D:\uwb thesis\RelatedData\DAVIS-data\DAVIS\SAM_results\hike\selected_by_sam\00049_sam_best.png,D:\uwb thesis\RelatedData\DAVIS-data\DAVIS\SAM_results\hike\selected_by_score_default_no_gt\00049_best.png,hike
50,default_no_gt,5,4,0.9571725571725572,0.9633786789427404,0.0062061217701832,D:\uwb thesis\RelatedData\DAVIS-data\DAVIS\SAM_results\hike\selected_by_sam\00050_sam_best.png,D:\uwb thesis\RelatedData\DAVIS-data\DAVIS\SAM_results\hike\selected_by_score_default_no_gt\00050_best.png,hike
51,default_no_gt,5,4,0.9577744141134716,0.9615464560382456,0.0037720419247742,D:\uwb thesis\RelatedData\DAVIS-data\DAVIS\SAM_results\hike\selected_by_sam\00051_sam_best.png,D:\uwb thesis\RelatedData\DAVIS-data\DAVIS\SAM_results\hike\selected_by_score_default_no_gt\00051_best.png,hike
52,default_no_gt,5,4,0.9529565672422816,0.9596937978440868,0.0067372306018053,D:\uwb thesis\RelatedData\DAVIS-data\DAVIS\SAM_results\hike\selected_by_sam\00052_sam_best.png,D:\uwb thesis\RelatedData\DAVIS-data\DAVIS\SAM_results\hike\selected_by_score_default_no_gt\00052_best.png,hike
53,default_no_gt,4,4,0.9617400419287212,0.9617400419287212,0.0,D:\uwb thesis\RelatedData\DAVIS-data\DAVIS\SAM_results\hike\selected_by_sam\00053_sam_best.png,D:\uwb thesis\RelatedData\DAVIS-data\DAVIS\SAM_results\hike\selected_by_score_default_no_gt\00053_best.png,hike
54,default_no_gt,4,4,0.9614352606934288,0.9614352606934288,0.0,D:\uwb thesis\RelatedData\DAVIS-data\DAVIS\SAM_results\hike\selected_by_sam\00054_sam_best.png,D:\uwb thesis\RelatedData\DAVIS-data\DAVIS\SAM_results\hike\selected_by_score_default_no_gt\00054_best.png,hike
55,default_no_gt,4,4,0.9605861813564702,0.9605861813564702,0.0,D:\uwb thesis\RelatedData\DAVIS-data\DAVIS\SAM_results\hike\selected_by_sam\00055_sam_best.png,D:\uwb thesis\RelatedData\DAVIS-data\DAVIS\SAM_results\hike\selected_by_score_default_no_gt\00055_best.png,hike
56,default_no_gt,4,4,0.9604459782320148,0.9604459782320148,0.0,D:\uwb thesis\RelatedData\DAVIS-data\DAVIS\SAM_results\hike\selected_by_sam\00056_sam_best.png,D:\uwb thesis\RelatedData\DAVIS-data\DAVIS\SAM_results\hike\selected_by_score_default_no_gt\00056_best.png,hike
57,default_no_gt,4,4,0.9638255175327418,0.9638255175327418,0.0,D:\uwb thesis\RelatedData\DAVIS-data\DAVIS\SAM_results\hike\selected_by_sam\00057_sam_best.png,D:\uwb thesis\RelatedData\DAVIS-data\DAVIS\SAM_results\hike\selected_by_score_default_no_gt\00057_best.png,hike
58,default_no_gt,5,4,0.9520216779129697,0.964680378575583,0.0126587006626134,D:\uwb thesis\RelatedData\DAVIS-data\DAVIS\SAM_results\hike\selected_by_sam\00058_sam_best.png,D:\uwb thesis\RelatedData\DAVIS-data\DAVIS\SAM_results\hike\selected_by_score_default_no_gt\00058_best.png,hike
59,default_no_gt,5,4,0.9534408602150538,0.9654029196299664,0.0119620594149124,D:\uwb thesis\RelatedData\DAVIS-data\DAVIS\SAM_results\hike\selected_by_sam\00059_sam_best.png,D:\uwb thesis\RelatedData\DAVIS-data\DAVIS\SAM_results\hike\selected_by_score_default_no_gt\00059_best.png,hike
60,default_no_gt,4,4,0.9660133557739292,0.9660133557739292,0.0,D:\uwb thesis\RelatedData\DAVIS-data\DAVIS\SAM_results\hike\selected_by_sam\00060_sam_best.png,D:\uwb thesis\RelatedData\DAVIS-data\DAVIS\SAM_results\hike\selected_by_score_default_no_gt\00060_best.png,hike
61,default_no_gt,5,4,0.9540918163672656,0.9607042331254484,0.0066124167581829,D:\uwb thesis\RelatedData\DAVIS-data\DAVIS\SAM_results\hike\selected_by_sam\00061_sam_best.png,D:\uwb thesis\RelatedData\DAVIS-data\DAVIS\SAM_results\hike\selected_by_score_default_no_gt\00061_best.png,hike
62,default_no_gt,5,4,0.9597710918465636,0.9613001351960344,0.0015290433494707,D:\uwb thesis\RelatedData\DAVIS-data\DAVIS\SAM_results\hike\selected_by_sam\00062_sam_best.png,D:\uwb thesis\RelatedData\DAVIS-data\DAVIS\SAM_results\hike\selected_by_score_default_no_gt\00062_best.png,hike
63,default_no_gt,5,4,0.9565721574766626,0.9634927043082068,0.0069205468315443,D:\uwb thesis\RelatedData\DAVIS-data\DAVIS\SAM_results\hike\selected_by_sam\00063_sam_best.png,D:\uwb thesis\RelatedData\DAVIS-data\DAVIS\SAM_results\hike\selected_by_score_default_no_gt\00063_best.png,hike
64,default_no_gt,5,4,0.9637043289521284,0.965167865707434,0.0014635367553057,D:\uwb thesis\RelatedData\DAVIS-data\DAVIS\SAM_results\hike\selected_by_sam\00064_sam_best.png,D:\uwb thesis\RelatedData\DAVIS-data\DAVIS\SAM_results\hike\selected_by_score_default_no_gt\00064_best.png,hike
65,default_no_gt,5,4,0.9560460055952752,0.9633543443332098,0.0073083387379346,D:\uwb thesis\RelatedData\DAVIS-data\DAVIS\SAM_results\hike\selected_by_sam\00065_sam_best.png,D:\uwb thesis\RelatedData\DAVIS-data\DAVIS\SAM_results\hike\selected_by_score_default_no_gt\00065_best.png,hike
66,default_no_gt,5,4,0.9645245170876672,0.9660704407154712,0.0015459236278039,D:\uwb thesis\RelatedData\DAVIS-data\DAVIS\SAM_results\hike\selected_by_sam\00066_sam_best.png,D:\uwb thesis\RelatedData\DAVIS-data\DAVIS\SAM_results\hike\selected_by_score_default_no_gt\00066_best.png,hike
67,default_no_gt,5,4,0.9610951008645532,0.9673444976076556,0.0062493967431022,D:\uwb thesis\RelatedData\DAVIS-data\DAVIS\SAM_results\hike\selected_by_sam\00067_sam_best.png,D:\uwb thesis\RelatedData\DAVIS-data\DAVIS\SAM_results\hike\selected_by_score_default_no_gt\00067_best.png,hike
68,default_no_gt,5,4,0.9576380728554642,0.961542957334892,0.0039048844794277,D:\uwb thesis\RelatedData\DAVIS-data\DAVIS\SAM_results\hike\selected_by_sam\00068_sam_best.png,D:\uwb thesis\RelatedData\DAVIS-data\DAVIS\SAM_results\hike\selected_by_score_default_no_gt\00068_best.png,hike
69,default_no_gt,4,4,0.9628055878928988,0.9628055878928988,0.0,D:\uwb thesis\RelatedData\DAVIS-data\DAVIS\SAM_results\hike\selected_by_sam\00069_sam_best.png,D:\uwb thesis\RelatedData\DAVIS-data\DAVIS\SAM_results\hike\selected_by_score_default_no_gt\00069_best.png,hike
70,default_no_gt,5,4,0.9594531432577704,0.9653808110781404,0.0059276678203699,D:\uwb thesis\RelatedData\DAVIS-data\DAVIS\SAM_results\hike\selected_by_sam\00070_sam_best.png,D:\uwb thesis\RelatedData\DAVIS-data\DAVIS\SAM_results\hike\selected_by_score_default_no_gt\00070_best.png,hike
71,default_no_gt,5,4,0.9618953142323629,0.965561298565538,0.0036659843331753,D:\uwb thesis\RelatedData\DAVIS-data\DAVIS\SAM_results\hike\selected_by_sam\00071_sam_best.png,D:\uwb thesis\RelatedData\DAVIS-data\DAVIS\SAM_results\hike\selected_by_score_default_no_gt\00071_best.png,hike
72,default_no_gt,5,4,0.963499825358016,0.9643416246303704,0.0008417992723545,D:\uwb thesis\RelatedData\DAVIS-data\DAVIS\SAM_results\hike\selected_by_sam\00072_sam_best.png,D:\uwb thesis\RelatedData\DAVIS-data\DAVIS\SAM_results\hike\selected_by_score_default_no_gt\00072_best.png,hike
73,default_no_gt,5,4,0.962906976744186,0.9655731065208586,0.0026661297766725,D:\uwb thesis\RelatedData\DAVIS-data\DAVIS\SAM_results\hike\selected_by_sam\00073_sam_best.png,D:\uwb thesis\RelatedData\DAVIS-data\DAVIS\SAM_results\hike\selected_by_score_default_no_gt\00073_best.png,hike
74,default_no_gt,5,4,0.963057620817844,0.962497839737312,-0.0005597810805317,D:\uwb thesis\RelatedData\DAVIS-data\DAVIS\SAM_results\hike\selected_by_sam\00074_sam_best.png,D:\uwb thesis\RelatedData\DAVIS-data\DAVIS\SAM_results\hike\selected_by_score_default_no_gt\00074_best.png,hike
75,default_no_gt,5,4,0.9658119658119658,0.9639187160835933,-0.0018932497283726,D:\uwb thesis\RelatedData\DAVIS-data\DAVIS\SAM_results\hike\selected_by_sam\00075_sam_best.png,D:\uwb thesis\RelatedData\DAVIS-data\DAVIS\SAM_results\hike\selected_by_score_default_no_gt\00075_best.png,hike
76,default_no_gt,5,4,0.9607523437954928,0.9629394079555966,0.0021870641601037,D:\uwb thesis\RelatedData\DAVIS-data\DAVIS\SAM_results\hike\selected_by_sam\00076_sam_best.png,D:\uwb thesis\RelatedData\DAVIS-data\DAVIS\SAM_results\hike\selected_by_score_default_no_gt\00076_best.png,hike
77,default_no_gt,5,4,0.9564887722368036,0.961311247538515,0.0048224753017113,D:\uwb thesis\RelatedData\DAVIS-data\DAVIS\SAM_results\hike\selected_by_sam\00077_sam_best.png,D:\uwb thesis\RelatedData\DAVIS-data\DAVIS\SAM_results\hike\selected_by_score_default_no_gt\00077_best.png,hike
78,default_no_gt,5,4,0.9577349199835864,0.9625145518044238,0.0047796318208374,D:\uwb thesis\RelatedData\DAVIS-data\DAVIS\SAM_results\hike\selected_by_sam\00078_sam_best.png,D:\uwb thesis\RelatedData\DAVIS-data\DAVIS\SAM_results\hike\selected_by_score_default_no_gt\00078_best.png,hike
79,default_no_gt,4,4,0.963522974642584,0.963522974642584,0.0,D:\uwb thesis\RelatedData\DAVIS-data\DAVIS\SAM_results\hike\selected_by_sam\00079_sam_best.png,D:\uwb thesis\RelatedData\DAVIS-data\DAVIS\SAM_results\hike\selected_by_score_default_no_gt\00079_best.png,hike
0,default_no_gt,0,1,0.0804433887569279,0.4173707688270795,0.3369273800701515,D:\uwb thesis\RelatedData\DAVIS-data\DAVIS\SAM_results\hockey\selected_by_sam\00000_sam_best.png,D:\uwb thesis\RelatedData\DAVIS-data\DAVIS\SAM_results\hockey\selected_by_score_default_no_gt\00000_best.png,hockey
1,default_no_gt,2,1,0.0900318188931198,0.3820546163849155,0.2920227974917957,D:\uwb thesis\RelatedData\DAVIS-data\DAVIS\SAM_results\hockey\selected_by_sam\00001_sam_best.png,D:\uwb thesis\RelatedData\DAVIS-data\DAVIS\SAM_results\hockey\selected_by_score_default_no_gt\00001_best.png,hockey
2,default_no_gt,0,1,0.0822317060476735,0.4072850995696987,0.3250533935220252,D:\uwb thesis\RelatedData\DAVIS-data\DAVIS\SAM_results\hockey\selected_by_sam\00002_sam_best.png,D:\uwb thesis\RelatedData\DAVIS-data\DAVIS\SAM_results\hockey\selected_by_score_default_no_gt\00002_best.png,hockey
3,default_no_gt,0,1,0.0859902378232422,0.395258852916687,0.3092686150934448,D:\uwb thesis\RelatedData\DAVIS-data\DAVIS\SAM_results\hockey\selected_by_sam\00003_sam_best.png,D:\uwb thesis\RelatedData\DAVIS-data\DAVIS\SAM_results\hockey\selected_by_score_default_no_gt\00003_best.png,hockey
4,default_no_gt,0,1,0.0861448261674552,0.2126222040231355,0.1264773778556803,D:\uwb thesis\RelatedData\DAVIS-data\DAVIS\SAM_results\hockey\selected_by_sam\00004_sam_best.png,D:\uwb thesis\RelatedData\DAVIS-data\DAVIS\SAM_results\hockey\selected_by_score_default_no_gt\00004_best.png,hockey
5,default_no_gt,2,2,0.0911409190595195,0.0911409190595195,0.0,D:\uwb thesis\RelatedData\DAVIS-data\DAVIS\SAM_results\hockey\selected_by_sam\00005_sam_best.png,D:\uwb thesis\RelatedData\DAVIS-data\DAVIS\SAM_results\hockey\selected_by_score_default_no_gt\00005_best.png,hockey
6,default_no_gt,2,0,0.0944232238349885,0.0848834832379395,-0.009539740597049,D:\uwb thesis\RelatedData\DAVIS-data\DAVIS\SAM_results\hockey\selected_by_sam\00006_sam_best.png,D:\uwb thesis\RelatedData\DAVIS-data\DAVIS\SAM_results\hockey\selected_by_score_default_no_gt\00006_best.png,hockey
7,default_no_gt,0,1,0.0862033514958363,0.2015591342701815,0.1153557827743452,D:\uwb thesis\RelatedData\DAVIS-data\DAVIS\SAM_results\hockey\selected_by_sam\00007_sam_best.png,D:\uwb thesis\RelatedData\DAVIS-data\DAVIS\SAM_results\hockey\selected_by_score_default_no_gt\00007_best.png,hockey
8,default_no_gt,2,1,0.0998866680403873,0.2097156398104265,0.1098289717700391,D:\uwb thesis\RelatedData\DAVIS-data\DAVIS\SAM_results\hockey\selected_by_sam\00008_sam_best.png,D:\uwb thesis\RelatedData\DAVIS-data\DAVIS\SAM_results\hockey\selected_by_score_default_no_gt\00008_best.png,hockey
9,default_no_gt,0,1,0.088506580992849,0.2762478925049813,0.1877413115121323,D:\uwb thesis\RelatedData\DAVIS-data\DAVIS\SAM_results\hockey\selected_by_sam\00009_sam_best.png,D:\uwb thesis\RelatedData\DAVIS-data\DAVIS\SAM_results\hockey\selected_by_score_default_no_gt\00009_best.png,hockey
10,default_no_gt,2,1,0.0906596251423837,0.248463871820798,0.1578042466784142,D:\uwb thesis\RelatedData\DAVIS-data\DAVIS\SAM_results\hockey\selected_by_sam\00010_sam_best.png,D:\uwb thesis\RelatedData\DAVIS-data\DAVIS\SAM_results\hockey\selected_by_score_default_no_gt\00010_best.png,hockey
11,default_no_gt,2,1,0.0904285347703361,0.2438669522693287,0.1534384174989925,D:\uwb thesis\RelatedData\DAVIS-data\DAVIS\SAM_results\hockey\selected_by_sam\00011_sam_best.png,D:\uwb thesis\RelatedData\DAVIS-data\DAVIS\SAM_results\hockey\selected_by_score_default_no_gt\00011_best.png,hockey
12,default_no_gt,2,1,0.0891758604911281,0.2023101604278074,0.1131342999366793,D:\uwb thesis\RelatedData\DAVIS-data\DAVIS\SAM_results\hockey\selected_by_sam\00012_sam_best.png,D:\uwb thesis\RelatedData\DAVIS-data\DAVIS\SAM_results\hockey\selected_by_score_default_no_gt\00012_best.png,hockey
13,default_no_gt,2,1,0.0877308041569972,0.19747397166752,0.1097431675105228,D:\uwb thesis\RelatedData\DAVIS-data\DAVIS\SAM_results\hockey\selected_by_sam\00013_sam_best.png,D:\uwb thesis\RelatedData\DAVIS-data\DAVIS\SAM_results\hockey\selected_by_score_default_no_gt\00013_best.png,hockey
14,default_no_gt,2,1,0.0883711588672424,0.1953376808335207,0.1069665219662783,D:\uwb thesis\RelatedData\DAVIS-data\DAVIS\SAM_results\hockey\selected_by_sam\00014_sam_best.png,D:\uwb thesis\RelatedData\DAVIS-data\DAVIS\SAM_results\hockey\selected_by_score_default_no_gt\00014_best.png,hockey
15,default_no_gt,2,1,0.0869565217391304,0.2029521747687463,0.1159956530296158,D:\uwb thesis\RelatedData\DAVIS-data\DAVIS\SAM_results\hockey\selected_by_sam\00015_sam_best.png,D:\uwb thesis\RelatedData\DAVIS-data\DAVIS\SAM_results\hockey\selected_by_score_default_no_gt\00015_best.png,hockey
16,default_no_gt,2,1,0.0837675744764526,0.2301453501617533,0.1463777756853006,D:\uwb thesis\RelatedData\DAVIS-data\DAVIS\SAM_results\hockey\selected_by_sam\00016_sam_best.png,D:\uwb thesis\RelatedData\DAVIS-data\DAVIS\SAM_results\hockey\selected_by_score_default_no_gt\00016_best.png,hockey
17,default_no_gt,2,1,0.0816326530612244,0.2239902653624748,0.1423576123012503,D:\uwb thesis\RelatedData\DAVIS-data\DAVIS\SAM_results\hockey\selected_by_sam\00017_sam_best.png,D:\uwb thesis\RelatedData\DAVIS-data\DAVIS\SAM_results\hockey\selected_by_score_default_no_gt\00017_best.png,hockey
18,default_no_gt,2,2,0.0778120905858132,0.0778120905858132,0.0,D:\uwb thesis\RelatedData\DAVIS-data\DAVIS\SAM_results\hockey\selected_by_sam\00018_sam_best.png,D:\uwb thesis\RelatedData\DAVIS-data\DAVIS\SAM_results\hockey\selected_by_score_default_no_gt\00018_best.png,hockey
19,default_no_gt,2,1,0.0761619880349746,0.0836420176521699,0.0074800296171952,D:\uwb thesis\RelatedData\DAVIS-data\DAVIS\SAM_results\hockey\selected_by_sam\00019_sam_best.png,D:\uwb thesis\RelatedData\DAVIS-data\DAVIS\SAM_results\hockey\selected_by_score_default_no_gt\00019_best.png,hockey
20,default_no_gt,2,1,0.073774587743606,0.0795911907023018,0.0058166029586957,D:\uwb thesis\RelatedData\DAVIS-data\DAVIS\SAM_results\hockey\selected_by_sam\00020_sam_best.png,D:\uwb thesis\RelatedData\DAVIS-data\DAVIS\SAM_results\hockey\selected_by_score_default_no_gt\00020_best.png,hockey
21,default_no_gt,2,0,0.0742027155036312,0.0708444404283197,-0.0033582750753114,D:\uwb thesis\RelatedData\DAVIS-data\DAVIS\SAM_results\hockey\selected_by_sam\00021_sam_best.png,D:\uwb thesis\RelatedData\DAVIS-data\DAVIS\SAM_results\hockey\selected_by_score_default_no_gt\00021_best.png,hockey
22,default_no_gt,2,0,0.0756484149855907,0.0695158236407898,-0.0061325913448009,D:\uwb thesis\RelatedData\DAVIS-data\DAVIS\SAM_results\hockey\selected_by_sam\00022_sam_best.png,D:\uwb thesis\RelatedData\DAVIS-data\DAVIS\SAM_results\hockey\selected_by_score_default_no_gt\00022_best.png,hockey
23,default_no_gt,2,1,0.0732658182469976,0.0731956473462136,-7.017090078403898e-05,D:\uwb thesis\RelatedData\DAVIS-data\DAVIS\SAM_results\hockey\selected_by_sam\00023_sam_best.png,D:\uwb thesis\RelatedData\DAVIS-data\DAVIS\SAM_results\hockey\selected_by_score_default_no_gt\00023_best.png,hockey
24,default_no_gt,2,1,0.0719971539111486,0.0746737447467374,0.0026765908355887,D:\uwb thesis\RelatedData\DAVIS-data\DAVIS\SAM_results\hockey\selected_by_sam\00024_sam_best.png,D:\uwb thesis\RelatedData\DAVIS-data\DAVIS\SAM_results\hockey\selected_by_score_default_no_gt\00024_best.png,hockey
25,default_no_gt,2,1,0.0679773555097204,0.067792920276919,-0.0001844352328013,D:\uwb thesis\RelatedData\DAVIS-data\DAVIS\SAM_results\hockey\selected_by_sam\00025_sam_best.png,D:\uwb thesis\RelatedData\DAVIS-data\DAVIS\SAM_results\hockey\selected_by_score_default_no_gt\00025_best.png,hockey
26,default_no_gt,2,1,0.0658516495426366,0.0680788644894085,0.0022272149467718,D:\uwb thesis\RelatedData\DAVIS-data\DAVIS\SAM_results\hockey\selected_by_sam\00026_sam_best.png,D:\uwb thesis\RelatedData\DAVIS-data\DAVIS\SAM_results\hockey\selected_by_score_default_no_gt\00026_best.png,hockey
27,default_no_gt,2,1,0.0629041993619039,0.0621601952138362,-0.0007440041480677,D:\uwb thesis\RelatedData\DAVIS-data\DAVIS\SAM_results\hockey\selected_by_sam\00027_sam_best.png,D:\uwb thesis\RelatedData\DAVIS-data\DAVIS\SAM_results\hockey\selected_by_score_default_no_gt\00027_best.png,hockey
28,default_no_gt,2,1,0.0681425858795097,0.06946287181682,0.0013202859373102,D:\uwb thesis\RelatedData\DAVIS-data\DAVIS\SAM_results\hockey\selected_by_sam\00028_sam_best.png,D:\uwb thesis\RelatedData\DAVIS-data\DAVIS\SAM_results\hockey\selected_by_score_default_no_gt\00028_best.png,hockey
29,default_no_gt,2,1,0.0642304868040257,0.0661043798433018,0.001873893039276,D:\uwb thesis\RelatedData\DAVIS-data\DAVIS\SAM_results\hockey\selected_by_sam\00029_sam_best.png,D:\uwb thesis\RelatedData\DAVIS-data\DAVIS\SAM_results\hockey\selected_by_score_default_no_gt\00029_best.png,hockey
30,default_no_gt,2,1,0.062612573977185,0.0678975580702799,0.0052849840930949,D:\uwb thesis\RelatedData\DAVIS-data\DAVIS\SAM_results\hockey\selected_by_sam\00030_sam_best.png,D:\uwb thesis\RelatedData\DAVIS-data\DAVIS\SAM_results\hockey\selected_by_score_default_no_gt\00030_best.png,hockey
31,default_no_gt,2,1,0.0620896803261102,0.0660839906203368,0.0039943102942265,D:\uwb thesis\RelatedData\DAVIS-data\DAVIS\SAM_results\hockey\selected_by_sam\00031_sam_best.png,D:\uwb thesis\RelatedData\DAVIS-data\DAVIS\SAM_results\hockey\selected_by_score_default_no_gt\00031_best.png,hockey
32,default_no_gt,5,1,0.0433217637228435,0.080308781507229,0.0369870177843855,D:\uwb thesis\RelatedData\DAVIS-data\DAVIS\SAM_results\hockey\selected_by_sam\00032_sam_best.png,D:\uwb thesis\RelatedData\DAVIS-data\DAVIS\SAM_results\hockey\selected_by_score_default_no_gt\00032_best.png,hockey
33,default_no_gt,2,1,0.0625905411163187,0.0768936982813494,0.0143031571650307,D:\uwb thesis\RelatedData\DAVIS-data\DAVIS\SAM_results\hockey\selected_by_sam\00033_sam_best.png,D:\uwb thesis\RelatedData\DAVIS-data\DAVIS\SAM_results\hockey\selected_by_score_default_no_gt\00033_best.png,hockey
34,default_no_gt,0,1,0.0550121727245547,0.086583397060073,0.0315712243355183,D:\uwb thesis\RelatedData\DAVIS-data\DAVIS\SAM_results\hockey\selected_by_sam\00034_sam_best.png,D:\uwb thesis\RelatedData\DAVIS-data\DAVIS\SAM_results\hockey\selected_by_score_default_no_gt\00034_best.png,hockey
35,default_no_gt,0,1,0.0583198432308085,0.0780746395250212,0.0197547962942126,D:\uwb thesis\RelatedData\DAVIS-data\DAVIS\SAM_results\hockey\selected_by_sam\00035_sam_best.png,D:\uwb thesis\RelatedData\DAVIS-data\DAVIS\SAM_results\hockey\selected_by_score_default_no_gt\00035_best.png,hockey
36,default_no_gt,2,1,0.070253164556962,0.082796378184881,0.012543213627919,D:\uwb thesis\RelatedData\DAVIS-data\DAVIS\SAM_results\hockey\selected_by_sam\00036_sam_best.png,D:\uwb thesis\RelatedData\DAVIS-data\DAVIS\SAM_results\hockey\selected_by_score_default_no_gt\00036_best.png,hockey
37,default_no_gt,2,1,0.0632624827065777,0.0792621716580224,0.0159996889514446,D:\uwb thesis\RelatedData\DAVIS-data\DAVIS\SAM_results\hockey\selected_by_sam\00037_sam_best.png,D:\uwb thesis\RelatedData\DAVIS-data\DAVIS\SAM_results\hockey\selected_by_score_default_no_gt\00037_best.png,hockey
38,default_no_gt,2,1,0.0513128966690173,0.0641609404752049,0.0128480438061876,D:\uwb thesis\RelatedData\DAVIS-data\DAVIS\SAM_results\hockey\selected_by_sam\00038_sam_best.png,D:\uwb thesis\RelatedData\DAVIS-data\DAVIS\SAM_results\hockey\selected_by_score_default_no_gt\00038_best.png,hockey
39,default_no_gt,2,1,0.0482494123469009,0.0665349956795457,0.0182855833326448,D:\uwb thesis\RelatedData\DAVIS-data\DAVIS\SAM_results\hockey\selected_by_sam\00039_sam_best.png,D:\uwb thesis\RelatedData\DAVIS-data\DAVIS\SAM_results\hockey\selected_by_score_default_no_gt\00039_best.png,hockey
40,default_no_gt,5,5,0.0285114786472475,0.0285114786472475,0.0,D:\uwb thesis\RelatedData\DAVIS-data\DAVIS\SAM_results\hockey\selected_by_sam\00040_sam_best.png,D:\uwb thesis\RelatedData\DAVIS-data\DAVIS\SAM_results\hockey\selected_by_score_default_no_gt\00040_best.png,hockey
41,default_no_gt,5,4,0.0258393680052666,0.0254119190097548,-0.0004274489955117,D:\uwb thesis\RelatedData\DAVIS-data\DAVIS\SAM_results\hockey\selected_by_sam\00041_sam_best.png,D:\uwb thesis\RelatedData\DAVIS-data\DAVIS\SAM_results\hockey\selected_by_score_default_no_gt\00041_best.png,hockey
42,default_no_gt,2,2,0.0318354352883555,0.0318354352883555,0.0,D:\uwb thesis\RelatedData\DAVIS-data\DAVIS\SAM_results\hockey\selected_by_sam\00042_sam_best.png,D:\uwb thesis\RelatedData\DAVIS-data\DAVIS\SAM_results\hockey\selected_by_score_default_no_gt\00042_best.png,hockey
43,default_no_gt,2,1,0.0332236708500873,0.0552517519342163,0.022028081084129,D:\uwb thesis\RelatedData\DAVIS-data\DAVIS\SAM_results\hockey\selected_by_sam\00043_sam_best.png,D:\uwb thesis\RelatedData\DAVIS-data\DAVIS\SAM_results\hockey\selected_by_score_default_no_gt\00043_best.png,hockey
44,default_no_gt,2,1,0.034154671871188,0.0526829268292682,0.0185282549580802,D:\uwb thesis\RelatedData\DAVIS-data\DAVIS\SAM_results\hockey\selected_by_sam\00044_sam_best.png,D:\uwb thesis\RelatedData\DAVIS-data\DAVIS\SAM_results\hockey\selected_by_score_default_no_gt\00044_best.png,hockey
45,default_no_gt,2,1,0.0288925861299354,0.0372545049605183,0.0083619188305828,D:\uwb thesis\RelatedData\DAVIS-data\DAVIS\SAM_results\hockey\selected_by_sam\00045_sam_best.png,D:\uwb thesis\RelatedData\DAVIS-data\DAVIS\SAM_results\hockey\selected_by_score_default_no_gt\00045_best.png,hockey
46,default_no_gt,2,0,0.0309600032418851,0.024034752953595,-0.00692525028829,D:\uwb thesis\RelatedData\DAVIS-data\DAVIS\SAM_results\hockey\selected_by_sam\00046_sam_best.png,D:\uwb thesis\RelatedData\DAVIS-data\DAVIS\SAM_results\hockey\selected_by_score_default_no_gt\00046_best.png,hockey
47,default_no_gt,5,3,0.0234226202536775,0.016960182210111,-0.0064624380435664,D:\uwb thesis\RelatedData\DAVIS-data\DAVIS\SAM_results\hockey\selected_by_sam\00047_sam_best.png,D:\uwb thesis\RelatedData\DAVIS-data\DAVIS\SAM_results\hockey\selected_by_score_default_no_gt\00047_best.png,hockey
48,default_no_gt,2,2,0.0235035783994795,0.0235035783994795,0.0,D:\uwb thesis\RelatedData\DAVIS-data\DAVIS\SAM_results\hockey\selected_by_sam\00048_sam_best.png,D:\uwb thesis\RelatedData\DAVIS-data\DAVIS\SAM_results\hockey\selected_by_score_default_no_gt\00048_best.png,hockey
49,default_no_gt,2,0,0.0236511456023651,0.0198276928150377,-0.0038234527873273,D:\uwb thesis\RelatedData\DAVIS-data\DAVIS\SAM_results\hockey\selected_by_sam\00049_sam_best.png,D:\uwb thesis\RelatedData\DAVIS-data\DAVIS\SAM_results\hockey\selected_by_score_default_no_gt\00049_best.png,hockey
50,default_no_gt,2,2,0.0208463362876045,0.0208463362876045,0.0,D:\uwb thesis\RelatedData\DAVIS-data\DAVIS\SAM_results\hockey\selected_by_sam\00050_sam_best.png,D:\uwb thesis\RelatedData\DAVIS-data\DAVIS\SAM_results\hockey\selected_by_score_default_no_gt\00050_best.png,hockey
51,default_no_gt,5,1,0.0197017433312329,0.0774692265680796,0.0577674832368467,D:\uwb thesis\RelatedData\DAVIS-data\DAVIS\SAM_results\hockey\selected_by_sam\00051_sam_best.png,D:\uwb thesis\RelatedData\DAVIS-data\DAVIS\SAM_results\hockey\selected_by_score_default_no_gt\00051_best.png,hockey
52,default_no_gt,2,2,0.0208642551206479,0.0208642551206479,0.0,D:\uwb thesis\RelatedData\DAVIS-data\DAVIS\SAM_results\hockey\selected_by_sam\00052_sam_best.png,D:\uwb thesis\RelatedData\DAVIS-data\DAVIS\SAM_results\hockey\selected_by_score_default_no_gt\00052_best.png,hockey
53,default_no_gt,8,6,0.0,0.0,0.0,D:\uwb thesis\RelatedData\DAVIS-data\DAVIS\SAM_results\hockey\selected_by_sam\00053_sam_best.png,D:\uwb thesis\RelatedData\DAVIS-data\DAVIS\SAM_results\hockey\selected_by_score_default_no_gt\00053_best.png,hockey
54,default_no_gt,2,2,0.0226796182977448,0.0226796182977448,0.0,D:\uwb thesis\RelatedData\DAVIS-data\DAVIS\SAM_results\hockey\selected_by_sam\00054_sam_best.png,D:\uwb thesis\RelatedData\DAVIS-data\DAVIS\SAM_results\hockey\selected_by_score_default_no_gt\00054_best.png,hockey
55,default_no_gt,2,2,0.023351120597652,0.023351120597652,0.0,D:\uwb thesis\RelatedData\DAVIS-data\DAVIS\SAM_results\hockey\selected_by_sam\00055_sam_best.png,D:\uwb thesis\RelatedData\DAVIS-data\DAVIS\SAM_results\hockey\selected_by_score_default_no_gt\00055_best.png,hockey
56,default_no_gt,2,2,0.0236349521262831,0.0236349521262831,0.0,D:\uwb thesis\RelatedData\DAVIS-data\DAVIS\SAM_results\hockey\selected_by_sam\00056_sam_best.png,D:\uwb thesis\RelatedData\DAVIS-data\DAVIS\SAM_results\hockey\selected_by_score_default_no_gt\00056_best.png,hockey
57,default_no_gt,2,0,0.023850599499698,0.0225186211675039,-0.0013319783321941,D:\uwb thesis\RelatedData\DAVIS-data\DAVIS\SAM_results\hockey\selected_by_sam\00057_sam_best.png,D:\uwb thesis\RelatedData\DAVIS-data\DAVIS\SAM_results\hockey\selected_by_score_default_no_gt\00057_best.png,hockey
58,default_no_gt,4,0,0.0,0.0190463850738533,0.0190463850738533,D:\uwb thesis\RelatedData\DAVIS-data\DAVIS\SAM_results\hockey\selected_by_sam\00058_sam_best.png,D:\uwb thesis\RelatedData\DAVIS-data\DAVIS\SAM_results\hockey\selected_by_score_default_no_gt\00058_best.png,hockey
59,default_no_gt,2,0,0.0250043110881186,0.020138588133391,-0.0048657229547275,D:\uwb thesis\RelatedData\DAVIS-data\DAVIS\SAM_results\hockey\selected_by_sam\00059_sam_best.png,D:\uwb thesis\RelatedData\DAVIS-data\DAVIS\SAM_results\hockey\selected_by_score_default_no_gt\00059_best.png,hockey
60,default_no_gt,2,2,0.0290587219343696,0.0290587219343696,0.0,D:\uwb thesis\RelatedData\DAVIS-data\DAVIS\SAM_results\hockey\selected_by_sam\00060_sam_best.png,D:\uwb thesis\RelatedData\DAVIS-data\DAVIS\SAM_results\hockey\selected_by_score_default_no_gt\00060_best.png,hockey
61,default_no_gt,2,2,0.036723531709858,0.036723531709858,0.0,D:\uwb thesis\RelatedData\DAVIS-data\DAVIS\SAM_results\hockey\selected_by_sam\00061_sam_best.png,D:\uwb thesis\RelatedData\DAVIS-data\DAVIS\SAM_results\hockey\selected_by_score_default_no_gt\00061_best.png,hockey
62,default_no_gt,2,1,0.0487342862063027,0.0491431990085893,0.0004089128022866,D:\uwb thesis\RelatedData\DAVIS-data\DAVIS\SAM_results\hockey\selected_by_sam\00062_sam_best.png,D:\uwb thesis\RelatedData\DAVIS-data\DAVIS\SAM_results\hockey\selected_by_score_default_no_gt\00062_best.png,hockey
63,default_no_gt,2,1,0.0750088245675962,0.0832747407277201,0.0082659161601239,D:\uwb thesis\RelatedData\DAVIS-data\DAVIS\SAM_results\hockey\selected_by_sam\00063_sam_best.png,D:\uwb thesis\RelatedData\DAVIS-data\DAVIS\SAM_results\hockey\selected_by_score_default_no_gt\00063_best.png,hockey
64,default_no_gt,2,1,0.0784412261866691,0.0909339158929546,0.0124926897062855,D:\uwb thesis\RelatedData\DAVIS-data\DAVIS\SAM_results\hockey\selected_by_sam\00064_sam_best.png,D:\uwb thesis\RelatedData\DAVIS-data\DAVIS\SAM_results\hockey\selected_by_score_default_no_gt\00064_best.png,hockey
65,default_no_gt,2,1,0.1007112375533428,0.1097106170042014,0.0089993794508586,D:\uwb thesis\RelatedData\DAVIS-data\DAVIS\SAM_results\hockey\selected_by_sam\00065_sam_best.png,D:\uwb thesis\RelatedData\DAVIS-data\DAVIS\SAM_results\hockey\selected_by_score_default_no_gt\00065_best.png,hockey
66,default_no_gt,2,1,0.1034109366540335,0.1294065588278676,0.025995622173834,D:\uwb thesis\RelatedData\DAVIS-data\DAVIS\SAM_results\hockey\selected_by_sam\00066_sam_best.png,D:\uwb thesis\RelatedData\DAVIS-data\DAVIS\SAM_results\hockey\selected_by_score_default_no_gt\00066_best.png,hockey
67,default_no_gt,2,2,0.1063971340839304,0.1063971340839304,0.0,D:\uwb thesis\RelatedData\DAVIS-data\DAVIS\SAM_results\hockey\selected_by_sam\00067_sam_best.png,D:\uwb thesis\RelatedData\DAVIS-data\DAVIS\SAM_results\hockey\selected_by_score_default_no_gt\00067_best.png,hockey
68,default_no_gt,2,1,0.1016028682906253,0.1157673071861016,0.0141644388954762,D:\uwb thesis\RelatedData\DAVIS-data\DAVIS\SAM_results\hockey\selected_by_sam\00068_sam_best.png,D:\uwb thesis\RelatedData\DAVIS-data\DAVIS\SAM_results\hockey\selected_by_score_default_no_gt\00068_best.png,hockey
69,default_no_gt,2,1,0.1118226335898401,0.1276104579374027,0.0157878243475625,D:\uwb thesis\RelatedData\DAVIS-data\DAVIS\SAM_results\hockey\selected_by_sam\00069_sam_best.png,D:\uwb thesis\RelatedData\DAVIS-data\DAVIS\SAM_results\hockey\selected_by_score_default_no_gt\00069_best.png,hockey
70,default_no_gt,2,1,0.0973249238799478,0.1069219919713572,0.0095970680914094,D:\uwb thesis\RelatedData\DAVIS-data\DAVIS\SAM_results\hockey\selected_by_sam\00070_sam_best.png,D:\uwb thesis\RelatedData\DAVIS-data\DAVIS\SAM_results\hockey\selected_by_score_default_no_gt\00070_best.png,hockey
71,default_no_gt,2,1,0.0966610011513789,0.1034011373578302,0.0067401362064513,D:\uwb thesis\RelatedData\DAVIS-data\DAVIS\SAM_results\hockey\selected_by_sam\00071_sam_best.png,D:\uwb thesis\RelatedData\DAVIS-data\DAVIS\SAM_results\hockey\selected_by_score_default_no_gt\00071_best.png,hockey
72,default_no_gt,2,4,0.0966777408637873,0.4855269737207622,0.3888492328569748,D:\uwb thesis\RelatedData\DAVIS-data\DAVIS\SAM_results\hockey\selected_by_sam\00072_sam_best.png,D:\uwb thesis\RelatedData\DAVIS-data\DAVIS\SAM_results\hockey\selected_by_score_default_no_gt\00072_best.png,hockey
73,default_no_gt,2,1,0.0970045183243152,0.1024969345669379,0.0054924162426226,D:\uwb thesis\RelatedData\DAVIS-data\DAVIS\SAM_results\hockey\selected_by_sam\00073_sam_best.png,D:\uwb thesis\RelatedData\DAVIS-data\DAVIS\SAM_results\hockey\selected_by_score_default_no_gt\00073_best.png,hockey
74,default_no_gt,2,4,0.0993079390086085,0.5060417017928399,0.4067337627842313,D:\uwb thesis\RelatedData\DAVIS-data\DAVIS\SAM_results\hockey\selected_by_sam\00074_sam_best.png,D:\uwb thesis\RelatedData\DAVIS-data\DAVIS\SAM_results\hockey\selected_by_score_default_no_gt\00074_best.png,hockey
0,default_no_gt,2,1,0.6802684356680037,0.7038699037318299,0.0236014680638262,D:\uwb thesis\RelatedData\DAVIS-data\DAVIS\SAM_results\horsejump-high\selected_by_sam\00000_sam_best.png,D:\uwb thesis\RelatedData\DAVIS-data\DAVIS\SAM_results\horsejump-high\selected_by_score_default_no_gt\00000_best.png,horsejump-high
1,default_no_gt,2,4,0.6919471016425931,0.1944222470832667,-0.4975248545593264,D:\uwb thesis\RelatedData\DAVIS-data\DAVIS\SAM_results\horsejump-high\selected_by_sam\00001_sam_best.png,D:\uwb thesis\RelatedData\DAVIS-data\DAVIS\SAM_results\horsejump-high\selected_by_score_default_no_gt\00001_best.png,horsejump-high
2,default_no_gt,2,4,0.6970755791872388,0.1901051033049594,-0.5069704758822794,D:\uwb thesis\RelatedData\DAVIS-data\DAVIS\SAM_results\horsejump-high\selected_by_sam\00002_sam_best.png,D:\uwb thesis\RelatedData\DAVIS-data\DAVIS\SAM_results\horsejump-high\selected_by_score_default_no_gt\00002_best.png,horsejump-high
3,default_no_gt,2,1,0.6957596501235976,0.7117598061487203,0.0160001560251226,D:\uwb thesis\RelatedData\DAVIS-data\DAVIS\SAM_results\horsejump-high\selected_by_sam\00003_sam_best.png,D:\uwb thesis\RelatedData\DAVIS-data\DAVIS\SAM_results\horsejump-high\selected_by_score_default_no_gt\00003_best.png,horsejump-high
4,default_no_gt,2,1,0.6953164021977177,0.7204838586583225,0.0251674564606048,D:\uwb thesis\RelatedData\DAVIS-data\DAVIS\SAM_results\horsejump-high\selected_by_sam\00004_sam_best.png,D:\uwb thesis\RelatedData\DAVIS-data\DAVIS\SAM_results\horsejump-high\selected_by_score_default_no_gt\00004_best.png,horsejump-high
5,default_no_gt,2,1,0.7014168473211521,0.7056790692316554,0.0042622219105032,D:\uwb thesis\RelatedData\DAVIS-data\DAVIS\SAM_results\horsejump-high\selected_by_sam\00005_sam_best.png,D:\uwb thesis\RelatedData\DAVIS-data\DAVIS\SAM_results\horsejump-high\selected_by_score_default_no_gt\00005_best.png,horsejump-high
6,default_no_gt,2,1,0.710595009596929,0.7404722847442109,0.0298772751472818,D:\uwb thesis\RelatedData\DAVIS-data\DAVIS\SAM_results\horsejump-high\selected_by_sam\00006_sam_best.png,D:\uwb thesis\RelatedData\DAVIS-data\DAVIS\SAM_results\horsejump-high\selected_by_score_default_no_gt\00006_best.png,horsejump-high
7,default_no_gt,5,1,0.1558415762920589,0.7109386943892371,0.5550971180971781,D:\uwb thesis\RelatedData\DAVIS-data\DAVIS\SAM_results\horsejump-high\selected_by_sam\00007_sam_best.png,D:\uwb thesis\RelatedData\DAVIS-data\DAVIS\SAM_results\horsejump-high\selected_by_score_default_no_gt\00007_best.png,horsejump-high
8,default_no_gt,5,1,0.1621229815165304,0.689377990430622,0.5272550089140915,D:\uwb thesis\RelatedData\DAVIS-data\DAVIS\SAM_results\horsejump-high\selected_by_sam\00008_sam_best.png,D:\uwb thesis\RelatedData\DAVIS-data\DAVIS\SAM_results\horsejump-high\selected_by_score_default_no_gt\00008_best.png,horsejump-high
9,default_no_gt,5,1,0.1646683621977312,0.6857153896680963,0.5210470274703651,D:\uwb thesis\RelatedData\DAVIS-data\DAVIS\SAM_results\horsejump-high\selected_by_sam\00009_sam_best.png,D:\uwb thesis\RelatedData\DAVIS-data\DAVIS\SAM_results\horsejump-high\selected_by_score_default_no_gt\00009_best.png,horsejump-high
10,default_no_gt,5,1,0.1693236913468649,0.7022584054170418,0.5329347140701768,D:\uwb thesis\RelatedData\DAVIS-data\DAVIS\SAM_results\horsejump-high\selected_by_sam\00010_sam_best.png,D:\uwb thesis\RelatedData\DAVIS-data\DAVIS\SAM_results\horsejump-high\selected_by_score_default_no_gt\00010_best.png,horsejump-high
11,default_no_gt,2,1,0.6925102280552518,0.7110889509373753,0.0185787228821235,D:\uwb thesis\RelatedData\DAVIS-data\DAVIS\SAM_results\horsejump-high\selected_by_sam\00011_sam_best.png,D:\uwb thesis\RelatedData\DAVIS-data\DAVIS\SAM_results\horsejump-high\selected_by_score_default_no_gt\00011_best.png,horsejump-high
12,default_no_gt,2,1,0.7033253370832989,0.7320022958346999,0.0286769587514009,D:\uwb thesis\RelatedData\DAVIS-data\DAVIS\SAM_results\horsejump-high\selected_by_sam\00012_sam_best.png,D:\uwb thesis\RelatedData\DAVIS-data\DAVIS\SAM_results\horsejump-high\selected_by_score_default_no_gt\00012_best.png,horsejump-high
13,default_no_gt,2,1,0.7164236214446664,0.7304241607345942,0.0140005392899277,D:\uwb thesis\RelatedData\DAVIS-data\DAVIS\SAM_results\horsejump-high\selected_by_sam\00013_sam_best.png,D:\uwb thesis\RelatedData\DAVIS-data\DAVIS\SAM_results\horsejump-high\selected_by_score_default_no_gt\00013_best.png,horsejump-high
14,default_no_gt,2,1,0.7140765620290229,0.7292695385663205,0.0151929765372975,D:\uwb thesis\RelatedData\DAVIS-data\DAVIS\SAM_results\horsejump-high\selected_by_sam\00014_sam_best.png,D:\uwb thesis\RelatedData\DAVIS-data\DAVIS\SAM_results\horsejump-high\selected_by_score_default_no_gt\00014_best.png,horsejump-high
15,default_no_gt,5,1,0.178776882909992,0.7333767361111111,0.554599853201119,D:\uwb thesis\RelatedData\DAVIS-data\DAVIS\SAM_results\horsejump-high\selected_by_sam\00015_sam_best.png,D:\uwb thesis\RelatedData\DAVIS-data\DAVIS\SAM_results\horsejump-high\selected_by_score_default_no_gt\00015_best.png,horsejump-high
16,default_no_gt,5,1,0.1805155010814708,0.7255203302011065,0.5450048291196357,D:\uwb thesis\RelatedData\DAVIS-data\DAVIS\SAM_results\horsejump-high\selected_by_sam\00016_sam_best.png,D:\uwb thesis\RelatedData\DAVIS-data\DAVIS\SAM_results\horsejump-high\selected_by_score_default_no_gt\00016_best.png,horsejump-high
17,default_no_gt,5,1,0.1879166858246356,0.7448205492214187,0.5569038633967831,D:\uwb thesis\RelatedData\DAVIS-data\DAVIS\SAM_results\horsejump-high\selected_by_sam\00017_sam_best.png,D:\uwb thesis\RelatedData\DAVIS-data\DAVIS\SAM_results\horsejump-high\selected_by_score_default_no_gt\00017_best.png,horsejump-high
18,default_no_gt,5,1,0.1888053852183134,0.7430340557275542,0.5542286705092407,D:\uwb thesis\RelatedData\DAVIS-data\DAVIS\SAM_results\horsejump-high\selected_by_sam\00018_sam_best.png,D:\uwb thesis\RelatedData\DAVIS-data\DAVIS\SAM_results\horsejump-high\selected_by_score_default_no_gt\00018_best.png,horsejump-high
19,default_no_gt,2,1,0.6976050694250303,0.7351827917282127,0.0375777223031823,D:\uwb thesis\RelatedData\DAVIS-data\DAVIS\SAM_results\horsejump-high\selected_by_sam\00019_sam_best.png,D:\uwb thesis\RelatedData\DAVIS-data\DAVIS\SAM_results\horsejump-high\selected_by_score_default_no_gt\00019_best.png,horsejump-high
20,default_no_gt,2,1,0.7473970770847264,0.7858463288619235,0.0384492517771971,D:\uwb thesis\RelatedData\DAVIS-data\DAVIS\SAM_results\horsejump-high\selected_by_sam\00020_sam_best.png,D:\uwb thesis\RelatedData\DAVIS-data\DAVIS\SAM_results\horsejump-high\selected_by_score_default_no_gt\00020_best.png,horsejump-high
21,default_no_gt,2,1,0.7444209311273566,0.7541752404651385,0.0097543093377818,D:\uwb thesis\RelatedData\DAVIS-data\DAVIS\SAM_results\horsejump-high\selected_by_sam\00021_sam_best.png,D:\uwb thesis\RelatedData\DAVIS-data\DAVIS\SAM_results\horsejump-high\selected_by_score_default_no_gt\00021_best.png,horsejump-high
22,default_no_gt,2,2,0.7366514951304263,0.7366514951304263,0.0,D:\uwb thesis\RelatedData\DAVIS-data\DAVIS\SAM_results\horsejump-high\selected_by_sam\00022_sam_best.png,D:\uwb thesis\RelatedData\DAVIS-data\DAVIS\SAM_results\horsejump-high\selected_by_score_default_no_gt\00022_best.png,horsejump-high
23,default_no_gt,2,0,0.727024567788899,0.6522029030107196,-0.0748216647781794,D:\uwb thesis\RelatedData\DAVIS-data\DAVIS\SAM_results\horsejump-high\selected_by_sam\00023_sam_best.png,D:\uwb thesis\RelatedData\DAVIS-data\DAVIS\SAM_results\horsejump-high\selected_by_score_default_no_gt\00023_best.png,horsejump-high
24,default_no_gt,2,1,0.7323242584315319,0.7486087220479611,0.0162844636164292,D:\uwb thesis\RelatedData\DAVIS-data\DAVIS\SAM_results\horsejump-high\selected_by_sam\00024_sam_best.png,D:\uwb thesis\RelatedData\DAVIS-data\DAVIS\SAM_results\horsejump-high\selected_by_score_default_no_gt\00024_best.png,horsejump-high
25,default_no_gt,2,1,0.7142639206712433,0.7316801619433199,0.0174162412720765,D:\uwb thesis\RelatedData\DAVIS-data\DAVIS\SAM_results\horsejump-high\selected_by_sam\00025_sam_best.png,D:\uwb thesis\RelatedData\DAVIS-data\DAVIS\SAM_results\horsejump-high\selected_by_score_default_no_gt\00025_best.png,horsejump-high
26,default_no_gt,2,1,0.7230442880794702,0.7471032484998965,0.0240589604204263,D:\uwb thesis\RelatedData\DAVIS-data\DAVIS\SAM_results\horsejump-high\selected_by_sam\00026_sam_best.png,D:\uwb thesis\RelatedData\DAVIS-data\DAVIS\SAM_results\horsejump-high\selected_by_score_default_no_gt\00026_best.png,horsejump-high
27,default_no_gt,2,1,0.7245698924731183,0.8132726786192133,0.0887027861460949,D:\uwb thesis\RelatedData\DAVIS-data\DAVIS\SAM_results\horsejump-high\selected_by_sam\00027_sam_best.png,D:\uwb thesis\RelatedData\DAVIS-data\DAVIS\SAM_results\horsejump-high\selected_by_score_default_no_gt\00027_best.png,horsejump-high
28,default_no_gt,2,1,0.7232904196622638,0.8503641580225116,0.1270737383602478,D:\uwb thesis\RelatedData\DAVIS-data\DAVIS\SAM_results\horsejump-high\selected_by_sam\00028_sam_best.png,D:\uwb thesis\RelatedData\DAVIS-data\DAVIS\SAM_results\horsejump-high\selected_by_score_default_no_gt\00028_best.png,horsejump-high
29,default_no_gt,2,1,0.7435051546391752,0.8944179000116537,0.1509127453724784,D:\uwb thesis\RelatedData\DAVIS-data\DAVIS\SAM_results\horsejump-high\selected_by_sam\00029_sam_best.png,D:\uwb thesis\RelatedData\DAVIS-data\DAVIS\SAM_results\horsejump-high\selected_by_score_default_no_gt\00029_best.png,horsejump-high
30,default_no_gt,2,1,0.7657975634748947,0.8664508066348557,0.100653243159961,D:\uwb thesis\RelatedData\DAVIS-data\DAVIS\SAM_results\horsejump-high\selected_by_sam\00030_sam_best.png,D:\uwb thesis\RelatedData\DAVIS-data\DAVIS\SAM_results\horsejump-high\selected_by_score_default_no_gt\00030_best.png,horsejump-high
31,default_no_gt,2,1,0.6944360172319641,0.7286084181369302,0.034172400904966,D:\uwb thesis\RelatedData\DAVIS-data\DAVIS\SAM_results\horsejump-high\selected_by_sam\00031_sam_best.png,D:\uwb thesis\RelatedData\DAVIS-data\DAVIS\SAM_results\horsejump-high\selected_by_score_default_no_gt\00031_best.png,horsejump-high
32,default_no_gt,2,1,0.7009074634236682,0.7528145186096585,0.0519070551859903,D:\uwb thesis\RelatedData\DAVIS-data\DAVIS\SAM_results\horsejump-high\selected_by_sam\00032_sam_best.png,D:\uwb thesis\RelatedData\DAVIS-data\DAVIS\SAM_results\horsejump-high\selected_by_score_default_no_gt\00032_best.png,horsejump-high
33,default_no_gt,2,1,0.7003056271348954,0.7461777353081701,0.0458721081732746,D:\uwb thesis\RelatedData\DAVIS-data\DAVIS\SAM_results\horsejump-high\selected_by_sam\00033_sam_best.png,D:\uwb thesis\RelatedData\DAVIS-data\DAVIS\SAM_results\horsejump-high\selected_by_score_default_no_gt\00033_best.png,horsejump-high
34,default_no_gt,2,4,0.6928802391556342,0.2070837805417008,-0.4857964586139334,D:\uwb thesis\RelatedData\DAVIS-data\DAVIS\SAM_results\horsejump-high\selected_by_sam\00034_sam_best.png,D:\uwb thesis\RelatedData\DAVIS-data\DAVIS\SAM_results\horsejump-high\selected_by_score_default_no_gt\00034_best.png,horsejump-high
35,default_no_gt,2,1,0.6989461869426951,0.7459735091101299,0.0470273221674348,D:\uwb thesis\RelatedData\DAVIS-data\DAVIS\SAM_results\horsejump-high\selected_by_sam\00035_sam_best.png,D:\uwb thesis\RelatedData\DAVIS-data\DAVIS\SAM_results\horsejump-high\selected_by_score_default_no_gt\00035_best.png,horsejump-high
36,default_no_gt,5,1,0.1822499660740942,0.7535115541458994,0.5712615880718053,D:\uwb thesis\RelatedData\DAVIS-data\DAVIS\SAM_results\horsejump-high\selected_by_sam\00036_sam_best.png,D:\uwb thesis\RelatedData\DAVIS-data\DAVIS\SAM_results\horsejump-high\selected_by_score_default_no_gt\00036_best.png,horsejump-high
37,default_no_gt,2,1,0.7233956407314933,0.7310145706036393,0.0076189298721459,D:\uwb thesis\RelatedData\DAVIS-data\DAVIS\SAM_results\horsejump-high\selected_by_sam\00037_sam_best.png,D:\uwb thesis\RelatedData\DAVIS-data\DAVIS\SAM_results\horsejump-high\selected_by_score_default_no_gt\00037_best.png,horsejump-high
38,default_no_gt,2,1,0.7147836784908755,0.7404839586731919,0.0257002801823164,D:\uwb thesis\RelatedData\DAVIS-data\DAVIS\SAM_results\horsejump-high\selected_by_sam\00038_sam_best.png,D:\uwb thesis\RelatedData\DAVIS-data\DAVIS\SAM_results\horsejump-high\selected_by_score_default_no_gt\00038_best.png,horsejump-high
39,default_no_gt,2,1,0.720677061385026,0.7381069151544875,0.0174298537694614,D:\uwb thesis\RelatedData\DAVIS-data\DAVIS\SAM_results\horsejump-high\selected_by_sam\00039_sam_best.png,D:\uwb thesis\RelatedData\DAVIS-data\DAVIS\SAM_results\horsejump-high\selected_by_score_default_no_gt\00039_best.png,horsejump-high
40,default_no_gt,2,1,0.7224016441573693,0.7349406419463579,0.0125389977889885,D:\uwb thesis\RelatedData\DAVIS-data\DAVIS\SAM_results\horsejump-high\selected_by_sam\00040_sam_best.png,D:\uwb thesis\RelatedData\DAVIS-data\DAVIS\SAM_results\horsejump-high\selected_by_score_default_no_gt\00040_best.png,horsejump-high
41,default_no_gt,2,1,0.7363925007559722,0.7528318985047576,0.0164393977487854,D:\uwb thesis\RelatedData\DAVIS-data\DAVIS\SAM_results\horsejump-high\selected_by_sam\00041_sam_best.png,D:\uwb thesis\RelatedData\DAVIS-data\DAVIS\SAM_results\horsejump-high\selected_by_score_default_no_gt\00041_best.png,horsejump-high
42,default_no_gt,2,1,0.7052607397197335,0.706935630099728,0.0016748903799945,D:\uwb thesis\RelatedData\DAVIS-data\DAVIS\SAM_results\horsejump-high\selected_by_sam\00042_sam_best.png,D:\uwb thesis\RelatedData\DAVIS-data\DAVIS\SAM_results\horsejump-high\selected_by_score_default_no_gt\00042_best.png,horsejump-high
43,default_no_gt,2,1,0.7088617691632767,0.7184890656063618,0.0096272964430851,D:\uwb thesis\RelatedData\DAVIS-data\DAVIS\SAM_results\horsejump-high\selected_by_sam\00043_sam_best.png,D:\uwb thesis\RelatedData\DAVIS-data\DAVIS\SAM_results\horsejump-high\selected_by_score_default_no_gt\00043_best.png,horsejump-high
44,default_no_gt,2,1,0.6898676213470984,0.7126706306004522,0.0228030092533537,D:\uwb thesis\RelatedData\DAVIS-data\DAVIS\SAM_results\horsejump-high\selected_by_sam\00044_sam_best.png,D:\uwb thesis\RelatedData\DAVIS-data\DAVIS\SAM_results\horsejump-high\selected_by_score_default_no_gt\00044_best.png,horsejump-high
45,default_no_gt,2,1,0.7041124234847832,0.7131955757523794,0.0090831522675961,D:\uwb thesis\RelatedData\DAVIS-data\DAVIS\SAM_results\horsejump-high\selected_by_sam\00045_sam_best.png,D:\uwb thesis\RelatedData\DAVIS-data\DAVIS\SAM_results\horsejump-high\selected_by_score_default_no_gt\00045_best.png,horsejump-high
46,default_no_gt,2,1,0.6980716738575328,0.7139984261607065,0.0159267523031737,D:\uwb thesis\RelatedData\DAVIS-data\DAVIS\SAM_results\horsejump-high\selected_by_sam\00046_sam_best.png,D:\uwb thesis\RelatedData\DAVIS-data\DAVIS\SAM_results\horsejump-high\selected_by_score_default_no_gt\00046_best.png,horsejump-high
47,default_no_gt,2,1,0.6955824723904525,0.7096745666784577,0.0140920942880052,D:\uwb thesis\RelatedData\DAVIS-data\DAVIS\SAM_results\horsejump-high\selected_by_sam\00047_sam_best.png,D:\uwb thesis\RelatedData\DAVIS-data\DAVIS\SAM_results\horsejump-high\selected_by_score_default_no_gt\00047_best.png,horsejump-high
48,default_no_gt,2,1,0.6994727592267135,0.7079335793357934,0.0084608201090798,D:\uwb thesis\RelatedData\DAVIS-data\DAVIS\SAM_results\horsejump-high\selected_by_sam\00048_sam_best.png,D:\uwb thesis\RelatedData\DAVIS-data\DAVIS\SAM_results\horsejump-high\selected_by_score_default_no_gt\00048_best.png,horsejump-high
49,default_no_gt,2,1,0.6876195943360123,0.6963876146788991,0.0087680203428868,D:\uwb thesis\RelatedData\DAVIS-data\DAVIS\SAM_results\horsejump-high\selected_by_sam\00049_sam_best.png,D:\uwb thesis\RelatedData\DAVIS-data\DAVIS\SAM_results\horsejump-high\selected_by_score_default_no_gt\00049_best.png,horsejump-high
0,default_no_gt,2,1,0.7531665779670037,0.7531118124756198,-5.476549138394571e-05,D:\uwb thesis\RelatedData\DAVIS-data\DAVIS\SAM_results\horsejump-low\selected_by_sam\00000_sam_best.png,D:\uwb thesis\RelatedData\DAVIS-data\DAVIS\SAM_results\horsejump-low\selected_by_score_default_no_gt\00000_best.png,horsejump-low
1,default_no_gt,2,1,0.75680968488517,0.7628405221339387,0.0060308372487687,D:\uwb thesis\RelatedData\DAVIS-data\DAVIS\SAM_results\horsejump-low\selected_by_sam\00001_sam_best.png,D:\uwb thesis\RelatedData\DAVIS-data\DAVIS\SAM_results\horsejump-low\selected_by_score_default_no_gt\00001_best.png,horsejump-low
2,default_no_gt,2,1,0.7502138884927991,0.7530807037538286,0.0028668152610294,D:\uwb thesis\RelatedData\DAVIS-data\DAVIS\SAM_results\horsejump-low\selected_by_sam\00002_sam_best.png,D:\uwb thesis\RelatedData\DAVIS-data\DAVIS\SAM_results\horsejump-low\selected_by_score_default_no_gt\00002_best.png,horsejump-low
3,default_no_gt,2,1,0.7464055528011899,0.7542130365659777,0.0078074837647877,D:\uwb thesis\RelatedData\DAVIS-data\DAVIS\SAM_results\horsejump-low\selected_by_sam\00003_sam_best.png,D:\uwb thesis\RelatedData\DAVIS-data\DAVIS\SAM_results\horsejump-low\selected_by_score_default_no_gt\00003_best.png,horsejump-low
4,default_no_gt,2,1,0.7341958142201835,0.7355177213834457,0.0013219071632621,D:\uwb thesis\RelatedData\DAVIS-data\DAVIS\SAM_results\horsejump-low\selected_by_sam\00004_sam_best.png,D:\uwb thesis\RelatedData\DAVIS-data\DAVIS\SAM_results\horsejump-low\selected_by_score_default_no_gt\00004_best.png,horsejump-low
5,default_no_gt,2,1,0.7423961820642496,0.7424538005887986,5.761852454899685e-05,D:\uwb thesis\RelatedData\DAVIS-data\DAVIS\SAM_results\horsejump-low\selected_by_sam\00005_sam_best.png,D:\uwb thesis\RelatedData\DAVIS-data\DAVIS\SAM_results\horsejump-low\selected_by_score_default_no_gt\00005_best.png,horsejump-low
6,default_no_gt,2,1,0.7337698523265533,0.7504942939401297,0.0167244416135763,D:\uwb thesis\RelatedData\DAVIS-data\DAVIS\SAM_results\horsejump-low\selected_by_sam\00006_sam_best.png,D:\uwb thesis\RelatedData\DAVIS-data\DAVIS\SAM_results\horsejump-low\selected_by_score_default_no_gt\00006_best.png,horsejump-low
7,default_no_gt,2,1,0.7287401037401038,0.741938775510204,0.0131986717701002,D:\uwb thesis\RelatedData\DAVIS-data\DAVIS\SAM_results\horsejump-low\selected_by_sam\00007_sam_best.png,D:\uwb thesis\RelatedData\DAVIS-data\DAVIS\SAM_results\horsejump-low\selected_by_score_default_no_gt\00007_best.png,horsejump-low
8,default_no_gt,2,1,0.7100226941706466,0.7278812671151831,0.0178585729445365,D:\uwb thesis\RelatedData\DAVIS-data\DAVIS\SAM_results\horsejump-low\selected_by_sam\00008_sam_best.png,D:\uwb thesis\RelatedData\DAVIS-data\DAVIS\SAM_results\horsejump-low\selected_by_score_default_no_gt\00008_best.png,horsejump-low
9,default_no_gt,2,1,0.7086167800453514,0.7247926451483961,0.0161758651030446,D:\uwb thesis\RelatedData\DAVIS-data\DAVIS\SAM_results\horsejump-low\selected_by_sam\00009_sam_best.png,D:\uwb thesis\RelatedData\DAVIS-data\DAVIS\SAM_results\horsejump-low\selected_by_score_default_no_gt\00009_best.png,horsejump-low
10,default_no_gt,2,1,0.7227778143298901,0.7511315185306658,0.0283537042007757,D:\uwb thesis\RelatedData\DAVIS-data\DAVIS\SAM_results\horsejump-low\selected_by_sam\00010_sam_best.png,D:\uwb thesis\RelatedData\DAVIS-data\DAVIS\SAM_results\horsejump-low\selected_by_score_default_no_gt\00010_best.png,horsejump-low
11,default_no_gt,2,1,0.7115502138928499,0.7490339637990645,0.0374837499062146,D:\uwb thesis\RelatedData\DAVIS-data\DAVIS\SAM_results\horsejump-low\selected_by_sam\00011_sam_best.png,D:\uwb thesis\RelatedData\DAVIS-data\DAVIS\SAM_results\horsejump-low\selected_by_score_default_no_gt\00011_best.png,horsejump-low
12,default_no_gt,2,1,0.7354054243464854,0.7463568058710467,0.0109513815245613,D:\uwb thesis\RelatedData\DAVIS-data\DAVIS\SAM_results\horsejump-low\selected_by_sam\00012_sam_best.png,D:\uwb thesis\RelatedData\DAVIS-data\DAVIS\SAM_results\horsejump-low\selected_by_score_default_no_gt\00012_best.png,horsejump-low
13,default_no_gt,2,1,0.7169406459121327,0.7431735657225853,0.0262329198104526,D:\uwb thesis\RelatedData\DAVIS-data\DAVIS\SAM_results\horsejump-low\selected_by_sam\00013_sam_best.png,D:\uwb thesis\RelatedData\DAVIS-data\DAVIS\SAM_results\horsejump-low\selected_by_score_default_no_gt\00013_best.png,horsejump-low
14,default_no_gt,2,1,0.7091606750363223,0.7207760771608387,0.0116154021245163,D:\uwb thesis\RelatedData\DAVIS-data\DAVIS\SAM_results\horsejump-low\selected_by_sam\00014_sam_best.png,D:\uwb thesis\RelatedData\DAVIS-data\DAVIS\SAM_results\horsejump-low\selected_by_score_default_no_gt\00014_best.png,horsejump-low
15,default_no_gt,2,1,0.7261538461538461,0.7365385345121997,0.0103846883583536,D:\uwb thesis\RelatedData\DAVIS-data\DAVIS\SAM_results\horsejump-low\selected_by_sam\00015_sam_best.png,D:\uwb thesis\RelatedData\DAVIS-data\DAVIS\SAM_results\horsejump-low\selected_by_score_default_no_gt\00015_best.png,horsejump-low
16,default_no_gt,2,1,0.7267612147371666,0.7290362232550993,0.0022750085179327,D:\uwb thesis\RelatedData\DAVIS-data\DAVIS\SAM_results\horsejump-low\selected_by_sam\00016_sam_best.png,D:\uwb thesis\RelatedData\DAVIS-data\DAVIS\SAM_results\horsejump-low\selected_by_score_default_no_gt\00016_best.png,horsejump-low
17,default_no_gt,2,1,0.7395445134575569,0.7400375234521576,0.0004930099946006,D:\uwb thesis\RelatedData\DAVIS-data\DAVIS\SAM_results\horsejump-low\selected_by_sam\00017_sam_best.png,D:\uwb thesis\RelatedData\DAVIS-data\DAVIS\SAM_results\horsejump-low\selected_by_score_default_no_gt\00017_best.png,horsejump-low
18,default_no_gt,2,1,0.7240850942522182,0.7272210578665056,0.0031359636142873,D:\uwb thesis\RelatedData\DAVIS-data\DAVIS\SAM_results\horsejump-low\selected_by_sam\00018_sam_best.png,D:\uwb thesis\RelatedData\DAVIS-data\DAVIS\SAM_results\horsejump-low\selected_by_score_default_no_gt\00018_best.png,horsejump-low
19,default_no_gt,2,1,0.7031271960646521,0.7087667682392911,0.0056395721746389,D:\uwb thesis\RelatedData\DAVIS-data\DAVIS\SAM_results\horsejump-low\selected_by_sam\00019_sam_best.png,D:\uwb thesis\RelatedData\DAVIS-data\DAVIS\SAM_results\horsejump-low\selected_by_score_default_no_gt\00019_best.png,horsejump-low
20,default_no_gt,2,1,0.709119830328738,0.7102254739878293,0.0011056436590912,D:\uwb thesis\RelatedData\DAVIS-data\DAVIS\SAM_results\horsejump-low\selected_by_sam\00020_sam_best.png,D:\uwb thesis\RelatedData\DAVIS-data\DAVIS\SAM_results\horsejump-low\selected_by_score_default_no_gt\00020_best.png,horsejump-low
21,default_no_gt,2,1,0.6943972234027482,0.6981398468109138,0.0037426234081655,D:\uwb thesis\RelatedData\DAVIS-data\DAVIS\SAM_results\horsejump-low\selected_by_sam\00021_sam_best.png,D:\uwb thesis\RelatedData\DAVIS-data\DAVIS\SAM_results\horsejump-low\selected_by_score_default_no_gt\00021_best.png,horsejump-low
22,default_no_gt,2,1,0.7045373855002486,0.7321227477477478,0.0275853622474991,D:\uwb thesis\RelatedData\DAVIS-data\DAVIS\SAM_results\horsejump-low\selected_by_sam\00022_sam_best.png,D:\uwb thesis\RelatedData\DAVIS-data\DAVIS\SAM_results\horsejump-low\selected_by_score_default_no_gt\00022_best.png,horsejump-low
23,default_no_gt,2,1,0.6934271252047045,0.6912194941302818,-0.0022076310744226,D:\uwb thesis\RelatedData\DAVIS-data\DAVIS\SAM_results\horsejump-low\selected_by_sam\00023_sam_best.png,D:\uwb thesis\RelatedData\DAVIS-data\DAVIS\SAM_results\horsejump-low\selected_by_score_default_no_gt\00023_best.png,horsejump-low
24,default_no_gt,2,2,0.69167559842801,0.69167559842801,0.0,D:\uwb thesis\RelatedData\DAVIS-data\DAVIS\SAM_results\horsejump-low\selected_by_sam\00024_sam_best.png,D:\uwb thesis\RelatedData\DAVIS-data\DAVIS\SAM_results\horsejump-low\selected_by_score_default_no_gt\00024_best.png,horsejump-low
25,default_no_gt,2,1,0.7015736081156642,0.6990479968266561,-0.002525611289008,D:\uwb thesis\RelatedData\DAVIS-data\DAVIS\SAM_results\horsejump-low\selected_by_sam\00025_sam_best.png,D:\uwb thesis\RelatedData\DAVIS-data\DAVIS\SAM_results\horsejump-low\selected_by_score_default_no_gt\00025_best.png,horsejump-low
26,default_no_gt,2,1,0.7040898803750404,0.7154658284977434,0.011375948122703,D:\uwb thesis\RelatedData\DAVIS-data\DAVIS\SAM_results\horsejump-low\selected_by_sam\00026_sam_best.png,D:\uwb thesis\RelatedData\DAVIS-data\DAVIS\SAM_results\horsejump-low\selected_by_score_default_no_gt\00026_best.png,horsejump-low
27,default_no_gt,2,1,0.6795315850239155,0.711217183770883,0.0316855987469675,D:\uwb thesis\RelatedData\DAVIS-data\DAVIS\SAM_results\horsejump-low\selected_by_sam\00027_sam_best.png,D:\uwb thesis\RelatedData\DAVIS-data\DAVIS\SAM_results\horsejump-low\selected_by_score_default_no_gt\00027_best.png,horsejump-low
28,default_no_gt,2,2,0.6899899564780716,0.6899899564780716,0.0,D:\uwb thesis\RelatedData\DAVIS-data\DAVIS\SAM_results\horsejump-low\selected_by_sam\00028_sam_best.png,D:\uwb thesis\RelatedData\DAVIS-data\DAVIS\SAM_results\horsejump-low\selected_by_score_default_no_gt\00028_best.png,horsejump-low
29,default_no_gt,2,1,0.7228352270396653,0.734110906486597,0.0112756794469317,D:\uwb thesis\RelatedData\DAVIS-data\DAVIS\SAM_results\horsejump-low\selected_by_sam\00029_sam_best.png,D:\uwb thesis\RelatedData\DAVIS-data\DAVIS\SAM_results\horsejump-low\selected_by_score_default_no_gt\00029_best.png,horsejump-low
30,default_no_gt,2,2,0.723203385692195,0.723203385692195,0.0,D:\uwb thesis\RelatedData\DAVIS-data\DAVIS\SAM_results\horsejump-low\selected_by_sam\00030_sam_best.png,D:\uwb thesis\RelatedData\DAVIS-data\DAVIS\SAM_results\horsejump-low\selected_by_score_default_no_gt\00030_best.png,horsejump-low
31,default_no_gt,2,1,0.6916910807291666,0.716576451914859,0.0248853711856923,D:\uwb thesis\RelatedData\DAVIS-data\DAVIS\SAM_results\horsejump-low\selected_by_sam\00031_sam_best.png,D:\uwb thesis\RelatedData\DAVIS-data\DAVIS\SAM_results\horsejump-low\selected_by_score_default_no_gt\00031_best.png,horsejump-low
32,default_no_gt,2,2,0.6890246336886653,0.6890246336886653,0.0,D:\uwb thesis\RelatedData\DAVIS-data\DAVIS\SAM_results\horsejump-low\selected_by_sam\00032_sam_best.png,D:\uwb thesis\RelatedData\DAVIS-data\DAVIS\SAM_results\horsejump-low\selected_by_score_default_no_gt\00032_best.png,horsejump-low
33,default_no_gt,5,1,0.1694225387941999,0.7234745037296703,0.5540519649354703,D:\uwb thesis\RelatedData\DAVIS-data\DAVIS\SAM_results\horsejump-low\selected_by_sam\00033_sam_best.png,D:\uwb thesis\RelatedData\DAVIS-data\DAVIS\SAM_results\horsejump-low\selected_by_score_default_no_gt\00033_best.png,horsejump-low
34,default_no_gt,2,1,0.699089641597638,0.7424080761654629,0.0433184345678249,D:\uwb thesis\RelatedData\DAVIS-data\DAVIS\SAM_results\horsejump-low\selected_by_sam\00034_sam_best.png,D:\uwb thesis\RelatedData\DAVIS-data\DAVIS\SAM_results\horsejump-low\selected_by_score_default_no_gt\00034_best.png,horsejump-low
35,default_no_gt,2,1,0.7025037996960243,0.7271273192578375,0.0246235195618131,D:\uwb thesis\RelatedData\DAVIS-data\DAVIS\SAM_results\horsejump-low\selected_by_sam\00035_sam_best.png,D:\uwb thesis\RelatedData\DAVIS-data\DAVIS\SAM_results\horsejump-low\selected_by_score_default_no_gt\00035_best.png,horsejump-low
36,default_no_gt,2,1,0.7211765176038045,0.7756037299752929,0.0544272123714884,D:\uwb thesis\RelatedData\DAVIS-data\DAVIS\SAM_results\horsejump-low\selected_by_sam\00036_sam_best.png,D:\uwb thesis\RelatedData\DAVIS-data\DAVIS\SAM_results\horsejump-low\selected_by_score_default_no_gt\00036_best.png,horsejump-low
37,default_no_gt,2,1,0.7187041516317062,0.7365041617122473,0.0178000100805411,D:\uwb thesis\RelatedData\DAVIS-data\DAVIS\SAM_results\horsejump-low\selected_by_sam\00037_sam_best.png,D:\uwb thesis\RelatedData\DAVIS-data\DAVIS\SAM_results\horsejump-low\selected_by_score_default_no_gt\00037_best.png,horsejump-low
38,default_no_gt,2,1,0.7323291754922727,0.751793062904174,0.0194638874119013,D:\uwb thesis\RelatedData\DAVIS-data\DAVIS\SAM_results\horsejump-low\selected_by_sam\00038_sam_best.png,D:\uwb thesis\RelatedData\DAVIS-data\DAVIS\SAM_results\horsejump-low\selected_by_score_default_no_gt\00038_best.png,horsejump-low
39,default_no_gt,2,1,0.7362000609942055,0.7525769260135909,0.0163768650193854,D:\uwb thesis\RelatedData\DAVIS-data\DAVIS\SAM_results\horsejump-low\selected_by_sam\00039_sam_best.png,D:\uwb thesis\RelatedData\DAVIS-data\DAVIS\SAM_results\horsejump-low\selected_by_score_default_no_gt\00039_best.png,horsejump-low
40,default_no_gt,2,1,0.741639117398324,0.7677062528806268,0.0260671354823027,D:\uwb thesis\RelatedData\DAVIS-data\DAVIS\SAM_results\horsejump-low\selected_by_sam\00040_sam_best.png,D:\uwb thesis\RelatedData\DAVIS-data\DAVIS\SAM_results\horsejump-low\selected_by_score_default_no_gt\00040_best.png,horsejump-low
41,default_no_gt,2,1,0.7281292583219778,0.7433783205631831,0.0152490622412052,D:\uwb thesis\RelatedData\DAVIS-data\DAVIS\SAM_results\horsejump-low\selected_by_sam\00041_sam_best.png,D:\uwb thesis\RelatedData\DAVIS-data\DAVIS\SAM_results\horsejump-low\selected_by_score_default_no_gt\00041_best.png,horsejump-low
42,default_no_gt,2,1,0.7088265670930325,0.7216809252217997,0.0128543581287672,D:\uwb thesis\RelatedData\DAVIS-data\DAVIS\SAM_results\horsejump-low\selected_by_sam\00042_sam_best.png,D:\uwb thesis\RelatedData\DAVIS-data\DAVIS\SAM_results\horsejump-low\selected_by_score_default_no_gt\00042_best.png,horsejump-low
43,default_no_gt,2,1,0.7117283707754652,0.7140959005822815,0.0023675298068162,D:\uwb thesis\RelatedData\DAVIS-data\DAVIS\SAM_results\horsejump-low\selected_by_sam\00043_sam_best.png,D:\uwb thesis\RelatedData\DAVIS-data\DAVIS\SAM_results\horsejump-low\selected_by_score_default_no_gt\00043_best.png,horsejump-low
44,default_no_gt,2,1,0.7080175508575988,0.7306560636182903,0.0226385127606915,D:\uwb thesis\RelatedData\DAVIS-data\DAVIS\SAM_results\horsejump-low\selected_by_sam\00044_sam_best.png,D:\uwb thesis\RelatedData\DAVIS-data\DAVIS\SAM_results\horsejump-low\selected_by_score_default_no_gt\00044_best.png,horsejump-low
45,default_no_gt,2,1,0.7023770221195114,0.7405003491763545,0.0381233270568431,D:\uwb thesis\RelatedData\DAVIS-data\DAVIS\SAM_results\horsejump-low\selected_by_sam\00045_sam_best.png,D:\uwb thesis\RelatedData\DAVIS-data\DAVIS\SAM_results\horsejump-low\selected_by_score_default_no_gt\00045_best.png,horsejump-low
46,default_no_gt,2,1,0.695539992628087,0.7254319983736531,0.0298920057455661,D:\uwb thesis\RelatedData\DAVIS-data\DAVIS\SAM_results\horsejump-low\selected_by_sam\00046_sam_best.png,D:\uwb thesis\RelatedData\DAVIS-data\DAVIS\SAM_results\horsejump-low\selected_by_score_default_no_gt\00046_best.png,horsejump-low
47,default_no_gt,2,1,0.716503881793138,0.7226074320116255,0.0061035502184875,D:\uwb thesis\RelatedData\DAVIS-data\DAVIS\SAM_results\horsejump-low\selected_by_sam\00047_sam_best.png,D:\uwb thesis\RelatedData\DAVIS-data\DAVIS\SAM_results\horsejump-low\selected_by_score_default_no_gt\00047_best.png,horsejump-low
48,default_no_gt,2,1,0.7198509338302206,0.7215009704550356,0.0016500366248149,D:\uwb thesis\RelatedData\DAVIS-data\DAVIS\SAM_results\horsejump-low\selected_by_sam\00048_sam_best.png,D:\uwb thesis\RelatedData\DAVIS-data\DAVIS\SAM_results\horsejump-low\selected_by_score_default_no_gt\00048_best.png,horsejump-low
49,default_no_gt,2,1,0.7253795167842634,0.7289469207213338,0.0035674039370704,D:\uwb thesis\RelatedData\DAVIS-data\DAVIS\SAM_results\horsejump-low\selected_by_sam\00049_sam_best.png,D:\uwb thesis\RelatedData\DAVIS-data\DAVIS\SAM_results\horsejump-low\selected_by_score_default_no_gt\00049_best.png,horsejump-low
50,default_no_gt,2,1,0.7408531372884254,0.7445684587202863,0.0037153214318609,D:\uwb thesis\RelatedData\DAVIS-data\DAVIS\SAM_results\horsejump-low\selected_by_sam\00050_sam_best.png,D:\uwb thesis\RelatedData\DAVIS-data\DAVIS\SAM_results\horsejump-low\selected_by_score_default_no_gt\00050_best.png,horsejump-low
51,default_no_gt,2,1,0.7544928965177251,0.7629705895519048,0.0084776930341796,D:\uwb thesis\RelatedData\DAVIS-data\DAVIS\SAM_results\horsejump-low\selected_by_sam\00051_sam_best.png,D:\uwb thesis\RelatedData\DAVIS-data\DAVIS\SAM_results\horsejump-low\selected_by_score_default_no_gt\00051_best.png,horsejump-low
52,default_no_gt,2,1,0.751935827885195,0.7560761482302929,0.0041403203450979,D:\uwb thesis\RelatedData\DAVIS-data\DAVIS\SAM_results\horsejump-low\selected_by_sam\00052_sam_best.png,D:\uwb thesis\RelatedData\DAVIS-data\DAVIS\SAM_results\horsejump-low\selected_by_score_default_no_gt\00052_best.png,horsejump-low
53,default_no_gt,2,1,0.7612831033196569,0.7647250395459197,0.0034419362262628,D:\uwb thesis\RelatedData\DAVIS-data\DAVIS\SAM_results\horsejump-low\selected_by_sam\00053_sam_best.png,D:\uwb thesis\RelatedData\DAVIS-data\DAVIS\SAM_results\horsejump-low\selected_by_score_default_no_gt\00053_best.png,horsejump-low
54,default_no_gt,2,2,0.7550400834875006,0.7550400834875006,0.0,D:\uwb thesis\RelatedData\DAVIS-data\DAVIS\SAM_results\horsejump-low\selected_by_sam\00054_sam_best.png,D:\uwb thesis\RelatedData\DAVIS-data\DAVIS\SAM_results\horsejump-low\selected_by_score_default_no_gt\00054_best.png,horsejump-low
55,default_no_gt,2,2,0.7300023906287354,0.7300023906287354,0.0,D:\uwb thesis\RelatedData\DAVIS-data\DAVIS\SAM_results\horsejump-low\selected_by_sam\00055_sam_best.png,D:\uwb thesis\RelatedData\DAVIS-data\DAVIS\SAM_results\horsejump-low\selected_by_score_default_no_gt\00055_best.png,horsejump-low
56,default_no_gt,2,2,0.7234166182452063,0.7234166182452063,0.0,D:\uwb thesis\RelatedData\DAVIS-data\DAVIS\SAM_results\horsejump-low\selected_by_sam\00056_sam_best.png,D:\uwb thesis\RelatedData\DAVIS-data\DAVIS\SAM_results\horsejump-low\selected_by_score_default_no_gt\00056_best.png,horsejump-low
57,default_no_gt,2,1,0.7213090331231067,0.7279751944088985,0.0066661612857917,D:\uwb thesis\RelatedData\DAVIS-data\DAVIS\SAM_results\horsejump-low\selected_by_sam\00057_sam_best.png,D:\uwb thesis\RelatedData\DAVIS-data\DAVIS\SAM_results\horsejump-low\selected_by_score_default_no_gt\00057_best.png,horsejump-low
58,default_no_gt,2,1,0.706705162028971,0.7116506774799723,0.0049455154510013,D:\uwb thesis\RelatedData\DAVIS-data\DAVIS\SAM_results\horsejump-low\selected_by_sam\00058_sam_best.png,D:\uwb thesis\RelatedData\DAVIS-data\DAVIS\SAM_results\horsejump-low\selected_by_score_default_no_gt\00058_best.png,horsejump-low
59,default_no_gt,2,2,0.7027798647633359,0.7027798647633359,0.0,D:\uwb thesis\RelatedData\DAVIS-data\DAVIS\SAM_results\horsejump-low\selected_by_sam\00059_sam_best.png,D:\uwb thesis\RelatedData\DAVIS-data\DAVIS\SAM_results\horsejump-low\selected_by_score_default_no_gt\00059_best.png,horsejump-low
0,default_no_gt,5,5,0.0184800869651151,0.0184800869651151,0.0,D:\uwb thesis\RelatedData\DAVIS-data\DAVIS\SAM_results\kite-surf\selected_by_sam\00000_sam_best.png,D:\uwb thesis\RelatedData\DAVIS-data\DAVIS\SAM_results\kite-surf\selected_by_score_default_no_gt\00000_best.png,kite-surf
1,default_no_gt,2,1,0.0131293188548864,0.0131192480908556,-1.0070764030787466e-05,D:\uwb thesis\RelatedData\DAVIS-data\DAVIS\SAM_results\kite-surf\selected_by_sam\00001_sam_best.png,D:\uwb thesis\RelatedData\DAVIS-data\DAVIS\SAM_results\kite-surf\selected_by_score_default_no_gt\00001_best.png,kite-surf
2,default_no_gt,5,4,0.0087641555883801,0.0092945895704921,0.000530433982112,D:\uwb thesis\RelatedData\DAVIS-data\DAVIS\SAM_results\kite-surf\selected_by_sam\00002_sam_best.png,D:\uwb thesis\RelatedData\DAVIS-data\DAVIS\SAM_results\kite-surf\selected_by_score_default_no_gt\00002_best.png,kite-surf
3,default_no_gt,5,6,0.6758192293842276,0.0092454518341783,-0.6665737775500492,D:\uwb thesis\RelatedData\DAVIS-data\DAVIS\SAM_results\kite-surf\selected_by_sam\00003_sam_best.png,D:\uwb thesis\RelatedData\DAVIS-data\DAVIS\SAM_results\kite-surf\selected_by_score_default_no_gt\00003_best.png,kite-surf
4,default_no_gt,5,5,0.0070113935144609,0.0070113935144609,0.0,D:\uwb thesis\RelatedData\DAVIS-data\DAVIS\SAM_results\kite-surf\selected_by_sam\00004_sam_best.png,D:\uwb thesis\RelatedData\DAVIS-data\DAVIS\SAM_results\kite-surf\selected_by_score_default_no_gt\00004_best.png,kite-surf
5,default_no_gt,5,1,0.6952591936198493,0.0088287780595472,-0.686430415560302,D:\uwb thesis\RelatedData\DAVIS-data\DAVIS\SAM_results\kite-surf\selected_by_sam\00005_sam_best.png,D:\uwb thesis\RelatedData\DAVIS-data\DAVIS\SAM_results\kite-surf\selected_by_score_default_no_gt\00005_best.png,kite-surf
6,default_no_gt,2,1,0.0191160014919806,0.0190431955411054,-7.280595087516897e-05,D:\uwb thesis\RelatedData\DAVIS-data\DAVIS\SAM_results\kite-surf\selected_by_sam\00006_sam_best.png,D:\uwb thesis\RelatedData\DAVIS-data\DAVIS\SAM_results\kite-surf\selected_by_score_default_no_gt\00006_best.png,kite-surf
7,default_no_gt,2,2,0.0266036336670374,0.0266036336670374,0.0,D:\uwb thesis\RelatedData\DAVIS-data\DAVIS\SAM_results\kite-surf\selected_by_sam\00007_sam_best.png,D:\uwb thesis\RelatedData\DAVIS-data\DAVIS\SAM_results\kite-surf\selected_by_score_default_no_gt\00007_best.png,kite-surf
8,default_no_gt,2,0,0.0352888490819525,0.0336633663366336,-0.0016254827453188,D:\uwb thesis\RelatedData\DAVIS-data\DAVIS\SAM_results\kite-surf\selected_by_sam\00008_sam_best.png,D:\uwb thesis\RelatedData\DAVIS-data\DAVIS\SAM_results\kite-surf\selected_by_score_default_no_gt\00008_best.png,kite-surf
9,default_no_gt,2,0,0.0473887814313346,0.0430630471306039,-0.0043257343007306,D:\uwb thesis\RelatedData\DAVIS-data\DAVIS\SAM_results\kite-surf\selected_by_sam\00009_sam_best.png,D:\uwb thesis\RelatedData\DAVIS-data\DAVIS\SAM_results\kite-surf\selected_by_score_default_no_gt\00009_best.png,kite-surf
10,default_no_gt,5,2,0.0457010758424468,0.0504818318451065,0.0047807560026596,D:\uwb thesis\RelatedData\DAVIS-data\DAVIS\SAM_results\kite-surf\selected_by_sam\00010_sam_best.png,D:\uwb thesis\RelatedData\DAVIS-data\DAVIS\SAM_results\kite-surf\selected_by_score_default_no_gt\00010_best.png,kite-surf
11,default_no_gt,2,2,0.0478752507751231,0.0478752507751231,0.0,D:\uwb thesis\RelatedData\DAVIS-data\DAVIS\SAM_results\kite-surf\selected_by_sam\00011_sam_best.png,D:\uwb thesis\RelatedData\DAVIS-data\DAVIS\SAM_results\kite-surf\selected_by_score_default_no_gt\00011_best.png,kite-surf
12,default_no_gt,2,2,0.0271859635592403,0.0271859635592403,0.0,D:\uwb thesis\RelatedData\DAVIS-data\DAVIS\SAM_results\kite-surf\selected_by_sam\00012_sam_best.png,D:\uwb thesis\RelatedData\DAVIS-data\DAVIS\SAM_results\kite-surf\selected_by_score_default_no_gt\00012_best.png,kite-surf
13,default_no_gt,2,2,0.0098657445077298,0.0098657445077298,0.0,D:\uwb thesis\RelatedData\DAVIS-data\DAVIS\SAM_results\kite-surf\selected_by_sam\00013_sam_best.png,D:\uwb thesis\RelatedData\DAVIS-data\DAVIS\SAM_results\kite-surf\selected_by_score_default_no_gt\00013_best.png,kite-surf
14,default_no_gt,5,0,0.6761015758305732,0.1297030764283417,-0.5463984994022315,D:\uwb thesis\RelatedData\DAVIS-data\DAVIS\SAM_results\kite-surf\selected_by_sam\00014_sam_best.png,D:\uwb thesis\RelatedData\DAVIS-data\DAVIS\SAM_results\kite-surf\selected_by_score_default_no_gt\00014_best.png,kite-surf
15,default_no_gt,2,1,0.6558408083307558,0.6648859667146085,0.0090451583838527,D:\uwb thesis\RelatedData\DAVIS-data\DAVIS\SAM_results\kite-surf\selected_by_sam\00015_sam_best.png,D:\uwb thesis\RelatedData\DAVIS-data\DAVIS\SAM_results\kite-surf\selected_by_score_default_no_gt\00015_best.png,kite-surf
16,default_no_gt,2,4,0.6727918145750679,0.1497647959741822,-0.5230270186008856,D:\uwb thesis\RelatedData\DAVIS-data\DAVIS\SAM_results\kite-surf\selected_by_sam\00016_sam_best.png,D:\uwb thesis\RelatedData\DAVIS-data\DAVIS\SAM_results\kite-surf\selected_by_score_default_no_gt\00016_best.png,kite-surf
17,default_no_gt,2,1,0.6391187422424494,0.6469502819067146,0.0078315396642651,D:\uwb thesis\RelatedData\DAVIS-data\DAVIS\SAM_results\kite-surf\selected_by_sam\00017_sam_best.png,D:\uwb thesis\RelatedData\DAVIS-data\DAVIS\SAM_results\kite-surf\selected_by_score_default_no_gt\00017_best.png,kite-surf
18,default_no_gt,2,1,0.6352432432432432,0.64758228798113,0.0123390447378868,D:\uwb thesis\RelatedData\DAVIS-data\DAVIS\SAM_results\kite-surf\selected_by_sam\00018_sam_best.png,D:\uwb thesis\RelatedData\DAVIS-data\DAVIS\SAM_results\kite-surf\selected_by_score_default_no_gt\00018_best.png,kite-surf
19,default_no_gt,2,1,0.6549846886696156,0.6686943787315535,0.0137096900619378,D:\uwb thesis\RelatedData\DAVIS-data\DAVIS\SAM_results\kite-surf\selected_by_sam\00019_sam_best.png,D:\uwb thesis\RelatedData\DAVIS-data\DAVIS\SAM_results\kite-surf\selected_by_score_default_no_gt\00019_best.png,kite-surf
20,default_no_gt,2,7,0.6796581196581196,0.0273321449792038,-0.6523259746789158,D:\uwb thesis\RelatedData\DAVIS-data\DAVIS\SAM_results\kite-surf\selected_by_sam\00020_sam_best.png,D:\uwb thesis\RelatedData\DAVIS-data\DAVIS\SAM_results\kite-surf\selected_by_score_default_no_gt\00020_best.png,kite-surf
21,default_no_gt,2,3,0.2009484945406419,0.0171919770773638,-0.183756517463278,D:\uwb thesis\RelatedData\DAVIS-data\DAVIS\SAM_results\kite-surf\selected_by_sam\00021_sam_best.png,D:\uwb thesis\RelatedData\DAVIS-data\DAVIS\SAM_results\kite-surf\selected_by_score_default_no_gt\00021_best.png,kite-surf
22,default_no_gt,5,0,0.6566239764854084,0.0188279857397504,-0.637795990745658,D:\uwb thesis\RelatedData\DAVIS-data\DAVIS\SAM_results\kite-surf\selected_by_sam\00022_sam_best.png,D:\uwb thesis\RelatedData\DAVIS-data\DAVIS\SAM_results\kite-surf\selected_by_score_default_no_gt\00022_best.png,kite-surf
23,default_no_gt,8,10,0.0,0.0315192496455447,0.0315192496455447,D:\uwb thesis\RelatedData\DAVIS-data\DAVIS\SAM_results\kite-surf\selected_by_sam\00023_sam_best.png,D:\uwb thesis\RelatedData\DAVIS-data\DAVIS\SAM_results\kite-surf\selected_by_score_default_no_gt\00023_best.png,kite-surf
24,default_no_gt,2,6,0.0257524720199934,0.0255824080121924,-0.000170064007801,D:\uwb thesis\RelatedData\DAVIS-data\DAVIS\SAM_results\kite-surf\selected_by_sam\00024_sam_best.png,D:\uwb thesis\RelatedData\DAVIS-data\DAVIS\SAM_results\kite-surf\selected_by_score_default_no_gt\00024_best.png,kite-surf
25,default_no_gt,2,6,0.0285714285714285,0.0287020304028914,0.0001306018314628,D:\uwb thesis\RelatedData\DAVIS-data\DAVIS\SAM_results\kite-surf\selected_by_sam\00025_sam_best.png,D:\uwb thesis\RelatedData\DAVIS-data\DAVIS\SAM_results\kite-surf\selected_by_score_default_no_gt\00025_best.png,kite-surf
26,default_no_gt,2,3,0.0204474895621453,0.0204913635875978,4.38740254525144e-05,D:\uwb thesis\RelatedData\DAVIS-data\DAVIS\SAM_results\kite-surf\selected_by_sam\00026_sam_best.png,D:\uwb thesis\RelatedData\DAVIS-data\DAVIS\SAM_results\kite-surf\selected_by_score_default_no_gt\00026_best.png,kite-surf
27,default_no_gt,2,4,0.138352209638019,0.0114285714285714,-0.1269236382094476,D:\uwb thesis\RelatedData\DAVIS-data\DAVIS\SAM_results\kite-surf\selected_by_sam\00027_sam_best.png,D:\uwb thesis\RelatedData\DAVIS-data\DAVIS\SAM_results\kite-surf\selected_by_score_default_no_gt\00027_best.png,kite-surf
28,default_no_gt,2,4,0.0,0.0044545737076556,0.0044545737076556,D:\uwb thesis\RelatedData\DAVIS-data\DAVIS\SAM_results\kite-surf\selected_by_sam\00028_sam_best.png,D:\uwb thesis\RelatedData\DAVIS-data\DAVIS\SAM_results\kite-surf\selected_by_score_default_no_gt\00028_best.png,kite-surf
29,default_no_gt,5,4,0.6925339366515837,0.6964684845775593,0.0039345479259755,D:\uwb thesis\RelatedData\DAVIS-data\DAVIS\SAM_results\kite-surf\selected_by_sam\00029_sam_best.png,D:\uwb thesis\RelatedData\DAVIS-data\DAVIS\SAM_results\kite-surf\selected_by_score_default_no_gt\00029_best.png,kite-surf
30,default_no_gt,5,4,0.6816960635439785,0.6848870874348582,0.0031910238908796,D:\uwb thesis\RelatedData\DAVIS-data\DAVIS\SAM_results\kite-surf\selected_by_sam\00030_sam_best.png,D:\uwb thesis\RelatedData\DAVIS-data\DAVIS\SAM_results\kite-surf\selected_by_score_default_no_gt\00030_best.png,kite-surf
31,default_no_gt,5,5,0.1456692913385826,0.1456692913385826,0.0,D:\uwb thesis\RelatedData\DAVIS-data\DAVIS\SAM_results\kite-surf\selected_by_sam\00031_sam_best.png,D:\uwb thesis\RelatedData\DAVIS-data\DAVIS\SAM_results\kite-surf\selected_by_score_default_no_gt\00031_best.png,kite-surf
32,default_no_gt,8,1,0.679323397208422,0.1858178689934865,-0.4935055282149355,D:\uwb thesis\RelatedData\DAVIS-data\DAVIS\SAM_results\kite-surf\selected_by_sam\00032_sam_best.png,D:\uwb thesis\RelatedData\DAVIS-data\DAVIS\SAM_results\kite-surf\selected_by_score_default_no_gt\00032_best.png,kite-surf
33,default_no_gt,2,1,0.1595469654068693,0.1912487708947886,0.0317018054879192,D:\uwb thesis\RelatedData\DAVIS-data\DAVIS\SAM_results\kite-surf\selected_by_sam\00033_sam_best.png,D:\uwb thesis\RelatedData\DAVIS-data\DAVIS\SAM_results\kite-surf\selected_by_score_default_no_gt\00033_best.png,kite-surf
34,default_no_gt,5,4,0.6699693323897146,0.6733450497949619,0.0033757174052473,D:\uwb thesis\RelatedData\DAVIS-data\DAVIS\SAM_results\kite-surf\selected_by_sam\00034_sam_best.png,D:\uwb thesis\RelatedData\DAVIS-data\DAVIS\SAM_results\kite-surf\selected_by_score_default_no_gt\00034_best.png,kite-surf
35,default_no_gt,2,5,0.0,0.1728977925226489,0.1728977925226489,D:\uwb thesis\RelatedData\DAVIS-data\DAVIS\SAM_results\kite-surf\selected_by_sam\00035_sam_best.png,D:\uwb thesis\RelatedData\DAVIS-data\DAVIS\SAM_results\kite-surf\selected_by_score_default_no_gt\00035_best.png,kite-surf
36,default_no_gt,5,7,0.0,0.2076652326945639,0.2076652326945639,D:\uwb thesis\RelatedData\DAVIS-data\DAVIS\SAM_results\kite-surf\selected_by_sam\00036_sam_best.png,D:\uwb thesis\RelatedData\DAVIS-data\DAVIS\SAM_results\kite-surf\selected_by_score_default_no_gt\00036_best.png,kite-surf
37,default_no_gt,2,4,0.0,0.217355853232382,0.217355853232382,D:\uwb thesis\RelatedData\DAVIS-data\DAVIS\SAM_results\kite-surf\selected_by_sam\00037_sam_best.png,D:\uwb thesis\RelatedData\DAVIS-data\DAVIS\SAM_results\kite-surf\selected_by_score_default_no_gt\00037_best.png,kite-surf
38,default_no_gt,5,4,0.6678624443344878,0.6657395090095538,-0.002122935324934,D:\uwb thesis\RelatedData\DAVIS-data\DAVIS\SAM_results\kite-surf\selected_by_sam\00038_sam_best.png,D:\uwb thesis\RelatedData\DAVIS-data\DAVIS\SAM_results\kite-surf\selected_by_score_default_no_gt\00038_best.png,kite-surf
39,default_no_gt,2,1,0.6645161290322581,0.666626936829559,0.0021108077973008,D:\uwb thesis\RelatedData\DAVIS-data\DAVIS\SAM_results\kite-surf\selected_by_sam\00039_sam_best.png,D:\uwb thesis\RelatedData\DAVIS-data\DAVIS\SAM_results\kite-surf\selected_by_score_default_no_gt\00039_best.png,kite-surf
40,default_no_gt,2,1,0.6722850951119672,0.6781376518218624,0.0058525567098951,D:\uwb thesis\RelatedData\DAVIS-data\DAVIS\SAM_results\kite-surf\selected_by_sam\00040_sam_best.png,D:\uwb thesis\RelatedData\DAVIS-data\DAVIS\SAM_results\kite-surf\selected_by_score_default_no_gt\00040_best.png,kite-surf
41,default_no_gt,2,1,0.7049704724409449,0.710809488872585,0.00583901643164,D:\uwb thesis\RelatedData\DAVIS-data\DAVIS\SAM_results\kite-surf\selected_by_sam\00041_sam_best.png,D:\uwb thesis\RelatedData\DAVIS-data\DAVIS\SAM_results\kite-surf\selected_by_score_default_no_gt\00041_best.png,kite-surf
42,default_no_gt,5,4,0.7087231352718079,0.711887761493173,0.0031646262213651,D:\uwb thesis\RelatedData\DAVIS-data\DAVIS\SAM_results\kite-surf\selected_by_sam\00042_sam_best.png,D:\uwb thesis\RelatedData\DAVIS-data\DAVIS\SAM_results\kite-surf\selected_by_score_default_no_gt\00042_best.png,kite-surf
43,default_no_gt,5,4,0.7181382082198885,0.7230511962953434,0.0049129880754549,D:\uwb thesis\RelatedData\DAVIS-data\DAVIS\SAM_results\kite-surf\selected_by_sam\00043_sam_best.png,D:\uwb thesis\RelatedData\DAVIS-data\DAVIS\SAM_results\kite-surf\selected_by_score_default_no_gt\00043_best.png,kite-surf
44,default_no_gt,2,1,0.7170521785906401,0.7220675944333996,0.0050154158427595,D:\uwb thesis\RelatedData\DAVIS-data\DAVIS\SAM_results\kite-surf\selected_by_sam\00044_sam_best.png,D:\uwb thesis\RelatedData\DAVIS-data\DAVIS\SAM_results\kite-surf\selected_by_score_default_no_gt\00044_best.png,kite-surf
45,default_no_gt,2,1,0.722132253711201,0.7305581582117521,0.008425904500551,D:\uwb thesis\RelatedData\DAVIS-data\DAVIS\SAM_results\kite-surf\selected_by_sam\00045_sam_best.png,D:\uwb thesis\RelatedData\DAVIS-data\DAVIS\SAM_results\kite-surf\selected_by_score_default_no_gt\00045_best.png,kite-surf
46,default_no_gt,5,1,0.7451086956521739,0.0,-0.7451086956521739,D:\uwb thesis\RelatedData\DAVIS-data\DAVIS\SAM_results\kite-surf\selected_by_sam\00046_sam_best.png,D:\uwb thesis\RelatedData\DAVIS-data\DAVIS\SAM_results\kite-surf\selected_by_score_default_no_gt\00046_best.png,kite-surf
47,default_no_gt,5,3,0.0218548613056878,0.0201935212452671,-0.0016613400604207,D:\uwb thesis\RelatedData\DAVIS-data\DAVIS\SAM_results\kite-surf\selected_by_sam\00047_sam_best.png,D:\uwb thesis\RelatedData\DAVIS-data\DAVIS\SAM_results\kite-surf\selected_by_score_default_no_gt\00047_best.png,kite-surf
48,default_no_gt,2,1,0.0384135348772708,0.03806275579809,-0.0003507790791807,D:\uwb thesis\RelatedData\DAVIS-data\DAVIS\SAM_results\kite-surf\selected_by_sam\00048_sam_best.png,D:\uwb thesis\RelatedData\DAVIS-data\DAVIS\SAM_results\kite-surf\selected_by_score_default_no_gt\00048_best.png,kite-surf
49,default_no_gt,5,7,0.779033105622701,0.7606167162564241,-0.0184163893662768,D:\uwb thesis\RelatedData\DAVIS-data\DAVIS\SAM_results\kite-surf\selected_by_sam\00049_sam_best.png,D:\uwb thesis\RelatedData\DAVIS-data\DAVIS\SAM_results\kite-surf\selected_by_score_default_no_gt\00049_best.png,kite-surf
0,default_no_gt,8,1,0.5800263146725521,0.2777184362315744,-0.3023078784409776,D:\uwb thesis\RelatedData\DAVIS-data\DAVIS\SAM_results\kite-walk\selected_by_sam\00000_sam_best.png,D:\uwb thesis\RelatedData\DAVIS-data\DAVIS\SAM_results\kite-walk\selected_by_score_default_no_gt\00000_best.png,kite-walk
1,default_no_gt,8,1,0.5762855568273347,0.2746045318512184,-0.3016810249761162,D:\uwb thesis\RelatedData\DAVIS-data\DAVIS\SAM_results\kite-walk\selected_by_sam\00001_sam_best.png,D:\uwb thesis\RelatedData\DAVIS-data\DAVIS\SAM_results\kite-walk\selected_by_score_default_no_gt\00001_best.png,kite-walk
2,default_no_gt,8,1,0.5755133208891906,0.2777420599202777,-0.2977712609689129,D:\uwb thesis\RelatedData\DAVIS-data\DAVIS\SAM_results\kite-walk\selected_by_sam\00002_sam_best.png,D:\uwb thesis\RelatedData\DAVIS-data\DAVIS\SAM_results\kite-walk\selected_by_score_default_no_gt\00002_best.png,kite-walk
3,default_no_gt,8,1,0.576355729877217,0.288330604154098,-0.2880251257231189,D:\uwb thesis\RelatedData\DAVIS-data\DAVIS\SAM_results\kite-walk\selected_by_sam\00003_sam_best.png,D:\uwb thesis\RelatedData\DAVIS-data\DAVIS\SAM_results\kite-walk\selected_by_score_default_no_gt\00003_best.png,kite-walk
4,default_no_gt,8,4,0.5767929779490473,0.2807441619545042,-0.296048815994543,D:\uwb thesis\RelatedData\DAVIS-data\DAVIS\SAM_results\kite-walk\selected_by_sam\00004_sam_best.png,D:\uwb thesis\RelatedData\DAVIS-data\DAVIS\SAM_results\kite-walk\selected_by_score_default_no_gt\00004_best.png,kite-walk
5,default_no_gt,8,4,0.5793314907583348,0.2844272284122562,-0.2949042623460785,D:\uwb thesis\RelatedData\DAVIS-data\DAVIS\SAM_results\kite-walk\selected_by_sam\00005_sam_best.png,D:\uwb thesis\RelatedData\DAVIS-data\DAVIS\SAM_results\kite-walk\selected_by_score_default_no_gt\00005_best.png,kite-walk
6,default_no_gt,5,7,0.5821099501829564,0.2816676286462727,-0.3004423215366837,D:\uwb thesis\RelatedData\DAVIS-data\DAVIS\SAM_results\kite-walk\selected_by_sam\00006_sam_best.png,D:\uwb thesis\RelatedData\DAVIS-data\DAVIS\SAM_results\kite-walk\selected_by_score_default_no_gt\00006_best.png,kite-walk
7,default_no_gt,8,4,0.5728798185941043,0.2956509809301687,-0.2772288376639356,D:\uwb thesis\RelatedData\DAVIS-data\DAVIS\SAM_results\kite-walk\selected_by_sam\00007_sam_best.png,D:\uwb thesis\RelatedData\DAVIS-data\DAVIS\SAM_results\kite-walk\selected_by_score_default_no_gt\00007_best.png,kite-walk
8,default_no_gt,8,4,0.5816082623009967,0.271597067261715,-0.3100111950392817,D:\uwb thesis\RelatedData\DAVIS-data\DAVIS\SAM_results\kite-walk\selected_by_sam\00008_sam_best.png,D:\uwb thesis\RelatedData\DAVIS-data\DAVIS\SAM_results\kite-walk\selected_by_score_default_no_gt\00008_best.png,kite-walk
9,default_no_gt,8,4,0.5878187603639135,0.2703961649782923,-0.3174225953856211,D:\uwb thesis\RelatedData\DAVIS-data\DAVIS\SAM_results\kite-walk\selected_by_sam\00009_sam_best.png,D:\uwb thesis\RelatedData\DAVIS-data\DAVIS\SAM_results\kite-walk\selected_by_score_default_no_gt\00009_best.png,kite-walk
10,default_no_gt,8,4,0.5834780672456024,0.250821221257256,-0.3326568459883464,D:\uwb thesis\RelatedData\DAVIS-data\DAVIS\SAM_results\kite-walk\selected_by_sam\00010_sam_best.png,D:\uwb thesis\RelatedData\DAVIS-data\DAVIS\SAM_results\kite-walk\selected_by_score_default_no_gt\00010_best.png,kite-walk
11,default_no_gt,8,1,0.5797931371243397,0.2390542119931673,-0.3407389251311723,D:\uwb thesis\RelatedData\DAVIS-data\DAVIS\SAM_results\kite-walk\selected_by_sam\00011_sam_best.png,D:\uwb thesis\RelatedData\DAVIS-data\DAVIS\SAM_results\kite-walk\selected_by_score_default_no_gt\00011_best.png,kite-walk
12,default_no_gt,8,4,0.5846994535519126,0.2523331100692119,-0.3323663434827006,D:\uwb thesis\RelatedData\DAVIS-data\DAVIS\SAM_results\kite-walk\selected_by_sam\00012_sam_best.png,D:\uwb thesis\RelatedData\DAVIS-data\DAVIS\SAM_results\kite-walk\selected_by_score_default_no_gt\00012_best.png,kite-walk
13,default_no_gt,8,1,0.5897458293300725,0.2600575348528435,-0.3296882944772289,D:\uwb thesis\RelatedData\DAVIS-data\DAVIS\SAM_results\kite-walk\selected_by_sam\00013_sam_best.png,D:\uwb thesis\RelatedData\DAVIS-data\DAVIS\SAM_results\kite-walk\selected_by_score_default_no_gt\00013_best.png,kite-walk
14,default_no_gt,8,4,0.5916159860990443,0.2506161971830986,-0.3409997889159457,D:\uwb thesis\RelatedData\DAVIS-data\DAVIS\SAM_results\kite-walk\selected_by_sam\00014_sam_best.png,D:\uwb thesis\RelatedData\DAVIS-data\DAVIS\SAM_results\kite-walk\selected_by_score_default_no_gt\00014_best.png,kite-walk
15,default_no_gt,8,4,0.5979997402260033,0.2510449205860354,-0.3469548196399679,D:\uwb thesis\RelatedData\DAVIS-data\DAVIS\SAM_results\kite-walk\selected_by_sam\00015_sam_best.png,D:\uwb thesis\RelatedData\DAVIS-data\DAVIS\SAM_results\kite-walk\selected_by_score_default_no_gt\00015_best.png,kite-walk
16,default_no_gt,8,4,0.5969491378937816,0.2228351282724805,-0.374114009621301,D:\uwb thesis\RelatedData\DAVIS-data\DAVIS\SAM_results\kite-walk\selected_by_sam\00016_sam_best.png,D:\uwb thesis\RelatedData\DAVIS-data\DAVIS\SAM_results\kite-walk\selected_by_score_default_no_gt\00016_best.png,kite-walk
17,default_no_gt,8,5,0.594519956850054,0.2334570867001528,-0.3610628701499011,D:\uwb thesis\RelatedData\DAVIS-data\DAVIS\SAM_results\kite-walk\selected_by_sam\00017_sam_best.png,D:\uwb thesis\RelatedData\DAVIS-data\DAVIS\SAM_results\kite-walk\selected_by_score_default_no_gt\00017_best.png,kite-walk
18,default_no_gt,8,2,0.5915042565144116,0.2296516716261158,-0.3618525848882957,D:\uwb thesis\RelatedData\DAVIS-data\DAVIS\SAM_results\kite-walk\selected_by_sam\00018_sam_best.png,D:\uwb thesis\RelatedData\DAVIS-data\DAVIS\SAM_results\kite-walk\selected_by_score_default_no_gt\00018_best.png,kite-walk
19,default_no_gt,8,4,0.5934160634264047,0.2458256840632922,-0.3475903793631125,D:\uwb thesis\RelatedData\DAVIS-data\DAVIS\SAM_results\kite-walk\selected_by_sam\00019_sam_best.png,D:\uwb thesis\RelatedData\DAVIS-data\DAVIS\SAM_results\kite-walk\selected_by_score_default_no_gt\00019_best.png,kite-walk
20,default_no_gt,8,5,0.5981583156802559,0.1891003156787092,-0.4090580000015467,D:\uwb thesis\RelatedData\DAVIS-data\DAVIS\SAM_results\kite-walk\selected_by_sam\00020_sam_best.png,D:\uwb thesis\RelatedData\DAVIS-data\DAVIS\SAM_results\kite-walk\selected_by_score_default_no_gt\00020_best.png,kite-walk
21,default_no_gt,8,1,0.603356083989045,0.2268722466960352,-0.3764838372930097,D:\uwb thesis\RelatedData\DAVIS-data\DAVIS\SAM_results\kite-walk\selected_by_sam\00021_sam_best.png,D:\uwb thesis\RelatedData\DAVIS-data\DAVIS\SAM_results\kite-walk\selected_by_score_default_no_gt\00021_best.png,kite-walk
22,default_no_gt,8,1,0.6084977902244781,0.1942902810460418,-0.4142075091784363,D:\uwb thesis\RelatedData\DAVIS-data\DAVIS\SAM_results\kite-walk\selected_by_sam\00022_sam_best.png,D:\uwb thesis\RelatedData\DAVIS-data\DAVIS\SAM_results\kite-walk\selected_by_score_default_no_gt\00022_best.png,kite-walk
23,default_no_gt,8,4,0.6171837076916288,0.2151513796341845,-0.4020323280574442,D:\uwb thesis\RelatedData\DAVIS-data\DAVIS\SAM_results\kite-walk\selected_by_sam\00023_sam_best.png,D:\uwb thesis\RelatedData\DAVIS-data\DAVIS\SAM_results\kite-walk\selected_by_score_default_no_gt\00023_best.png,kite-walk
24,default_no_gt,8,1,0.6202964146254881,0.2014831460674157,-0.4188132685580724,D:\uwb thesis\RelatedData\DAVIS-data\DAVIS\SAM_results\kite-walk\selected_by_sam\00024_sam_best.png,D:\uwb thesis\RelatedData\DAVIS-data\DAVIS\SAM_results\kite-walk\selected_by_score_default_no_gt\00024_best.png,kite-walk
25,default_no_gt,8,1,0.6294596191428442,0.2078540988864959,-0.4216055202563483,D:\uwb thesis\RelatedData\DAVIS-data\DAVIS\SAM_results\kite-walk\selected_by_sam\00025_sam_best.png,D:\uwb thesis\RelatedData\DAVIS-data\DAVIS\SAM_results\kite-walk\selected_by_score_default_no_gt\00025_best.png,kite-walk
26,default_no_gt,8,2,0.6212501160954769,0.1956511551619101,-0.4255989609335667,D:\uwb thesis\RelatedData\DAVIS-data\DAVIS\SAM_results\kite-walk\selected_by_sam\00026_sam_best.png,D:\uwb thesis\RelatedData\DAVIS-data\DAVIS\SAM_results\kite-walk\selected_by_score_default_no_gt\00026_best.png,kite-walk
27,default_no_gt,8,1,0.6136152416356877,0.2266948158573774,-0.3869204257783102,D:\uwb thesis\RelatedData\DAVIS-data\DAVIS\SAM_results\kite-walk\selected_by_sam\00027_sam_best.png,D:\uwb thesis\RelatedData\DAVIS-data\DAVIS\SAM_results\kite-walk\selected_by_score_default_no_gt\00027_best.png,kite-walk
28,default_no_gt,8,2,0.6012325952978772,0.2318519544049102,-0.3693806408929669,D:\uwb thesis\RelatedData\DAVIS-data\DAVIS\SAM_results\kite-walk\selected_by_sam\00028_sam_best.png,D:\uwb thesis\RelatedData\DAVIS-data\DAVIS\SAM_results\kite-walk\selected_by_score_default_no_gt\00028_best.png,kite-walk
29,default_no_gt,8,1,0.5827847416358554,0.2554711315346467,-0.3273136101012086,D:\uwb thesis\RelatedData\DAVIS-data\DAVIS\SAM_results\kite-walk\selected_by_sam\00029_sam_best.png,D:\uwb thesis\RelatedData\DAVIS-data\DAVIS\SAM_results\kite-walk\selected_by_score_default_no_gt\00029_best.png,kite-walk
30,default_no_gt,8,1,0.5669751145449645,0.2671350861287398,-0.2998400284162247,D:\uwb thesis\RelatedData\DAVIS-data\DAVIS\SAM_results\kite-walk\selected_by_sam\00030_sam_best.png,D:\uwb thesis\RelatedData\DAVIS-data\DAVIS\SAM_results\kite-walk\selected_by_score_default_no_gt\00030_best.png,kite-walk
31,default_no_gt,8,1,0.5491766601038124,0.2691247571280105,-0.2800519029758019,D:\uwb thesis\RelatedData\DAVIS-data\DAVIS\SAM_results\kite-walk\selected_by_sam\00031_sam_best.png,D:\uwb thesis\RelatedData\DAVIS-data\DAVIS\SAM_results\kite-walk\selected_by_score_default_no_gt\00031_best.png,kite-walk
32,default_no_gt,2,1,0.2288557213930348,0.2648205221174764,0.0359648007244415,D:\uwb thesis\RelatedData\DAVIS-data\DAVIS\SAM_results\kite-walk\selected_by_sam\00032_sam_best.png,D:\uwb thesis\RelatedData\DAVIS-data\DAVIS\SAM_results\kite-walk\selected_by_score_default_no_gt\00032_best.png,kite-walk
33,default_no_gt,2,1,0.2383452236729932,0.2612487076909246,0.0229034840179314,D:\uwb thesis\RelatedData\DAVIS-data\DAVIS\SAM_results\kite-walk\selected_by_sam\00033_sam_best.png,D:\uwb thesis\RelatedData\DAVIS-data\DAVIS\SAM_results\kite-walk\selected_by_score_default_no_gt\00033_best.png,kite-walk
34,default_no_gt,2,1,0.2414253303082877,0.2555550607828294,0.0141297304745416,D:\uwb thesis\RelatedData\DAVIS-data\DAVIS\SAM_results\kite-walk\selected_by_sam\00034_sam_best.png,D:\uwb thesis\RelatedData\DAVIS-data\DAVIS\SAM_results\kite-walk\selected_by_score_default_no_gt\00034_best.png,kite-walk
35,default_no_gt,2,1,0.2420610072457286,0.2657774594933309,0.0237164522476023,D:\uwb thesis\RelatedData\DAVIS-data\DAVIS\SAM_results\kite-walk\selected_by_sam\00035_sam_best.png,D:\uwb thesis\RelatedData\DAVIS-data\DAVIS\SAM_results\kite-walk\selected_by_score_default_no_gt\00035_best.png,kite-walk
36,default_no_gt,2,1,0.2503614675582866,0.2909132007233273,0.0405517331650406,D:\uwb thesis\RelatedData\DAVIS-data\DAVIS\SAM_results\kite-walk\selected_by_sam\00036_sam_best.png,D:\uwb thesis\RelatedData\DAVIS-data\DAVIS\SAM_results\kite-walk\selected_by_score_default_no_gt\00036_best.png,kite-walk
37,default_no_gt,5,4,0.2399814900509023,0.2786088084101329,0.0386273183592305,D:\uwb thesis\RelatedData\DAVIS-data\DAVIS\SAM_results\kite-walk\selected_by_sam\00037_sam_best.png,D:\uwb thesis\RelatedData\DAVIS-data\DAVIS\SAM_results\kite-walk\selected_by_score_default_no_gt\00037_best.png,kite-walk
38,default_no_gt,2,1,0.236286517657151,0.2882164845129575,0.0519299668558065,D:\uwb thesis\RelatedData\DAVIS-data\DAVIS\SAM_results\kite-walk\selected_by_sam\00038_sam_best.png,D:\uwb thesis\RelatedData\DAVIS-data\DAVIS\SAM_results\kite-walk\selected_by_score_default_no_gt\00038_best.png,kite-walk
39,default_no_gt,5,4,0.2206970404984423,0.2429450248999121,0.0222479844014697,D:\uwb thesis\RelatedData\DAVIS-data\DAVIS\SAM_results\kite-walk\selected_by_sam\00039_sam_best.png,D:\uwb thesis\RelatedData\DAVIS-data\DAVIS\SAM_results\kite-walk\selected_by_score_default_no_gt\00039_best.png,kite-walk
40,default_no_gt,5,4,0.2222669619488625,0.2658119226692241,0.0435449607203616,D:\uwb thesis\RelatedData\DAVIS-data\DAVIS\SAM_results\kite-walk\selected_by_sam\00040_sam_best.png,D:\uwb thesis\RelatedData\DAVIS-data\DAVIS\SAM_results\kite-walk\selected_by_score_default_no_gt\00040_best.png,kite-walk
41,default_no_gt,5,4,0.2197835541620309,0.2512797121281233,0.0314961579660923,D:\uwb thesis\RelatedData\DAVIS-data\DAVIS\SAM_results\kite-walk\selected_by_sam\00041_sam_best.png,D:\uwb thesis\RelatedData\DAVIS-data\DAVIS\SAM_results\kite-walk\selected_by_score_default_no_gt\00041_best.png,kite-walk
42,default_no_gt,5,4,0.2168300980588353,0.2438963252619441,0.0270662272031088,D:\uwb thesis\RelatedData\DAVIS-data\DAVIS\SAM_results\kite-walk\selected_by_sam\00042_sam_best.png,D:\uwb thesis\RelatedData\DAVIS-data\DAVIS\SAM_results\kite-walk\selected_by_score_default_no_gt\00042_best.png,kite-walk
43,default_no_gt,5,4,0.2193667969141368,0.2633217819295866,0.0439549850154498,D:\uwb thesis\RelatedData\DAVIS-data\DAVIS\SAM_results\kite-walk\selected_by_sam\00043_sam_best.png,D:\uwb thesis\RelatedData\DAVIS-data\DAVIS\SAM_results\kite-walk\selected_by_score_default_no_gt\00043_best.png,kite-walk
44,default_no_gt,2,1,0.2265749601275917,0.3000299730242781,0.0734550128966864,D:\uwb thesis\RelatedData\DAVIS-data\DAVIS\SAM_results\kite-walk\selected_by_sam\00044_sam_best.png,D:\uwb thesis\RelatedData\DAVIS-data\DAVIS\SAM_results\kite-walk\selected_by_score_default_no_gt\00044_best.png,kite-walk
45,default_no_gt,2,1,0.2230126970011363,0.2651132878203225,0.0421005908191862,D:\uwb thesis\RelatedData\DAVIS-data\DAVIS\SAM_results\kite-walk\selected_by_sam\00045_sam_best.png,D:\uwb thesis\RelatedData\DAVIS-data\DAVIS\SAM_results\kite-walk\selected_by_score_default_no_gt\00045_best.png,kite-walk
46,default_no_gt,2,1,0.2183558282208589,0.2510811873402791,0.0327253591194202,D:\uwb thesis\RelatedData\DAVIS-data\DAVIS\SAM_results\kite-walk\selected_by_sam\00046_sam_best.png,D:\uwb thesis\RelatedData\DAVIS-data\DAVIS\SAM_results\kite-walk\selected_by_score_default_no_gt\00046_best.png,kite-walk
47,default_no_gt,2,1,0.2144879429854534,0.2860639287287679,0.0715759857433144,D:\uwb thesis\RelatedData\DAVIS-data\DAVIS\SAM_results\kite-walk\selected_by_sam\00047_sam_best.png,D:\uwb thesis\RelatedData\DAVIS-data\DAVIS\SAM_results\kite-walk\selected_by_score_default_no_gt\00047_best.png,kite-walk
48,default_no_gt,2,1,0.2107449995168615,0.2725292808053431,0.0617842812884816,D:\uwb thesis\RelatedData\DAVIS-data\DAVIS\SAM_results\kite-walk\selected_by_sam\00048_sam_best.png,D:\uwb thesis\RelatedData\DAVIS-data\DAVIS\SAM_results\kite-walk\selected_by_score_default_no_gt\00048_best.png,kite-walk
49,default_no_gt,2,1,0.2044582933844679,0.2577948594763392,0.0533365660918712,D:\uwb thesis\RelatedData\DAVIS-data\DAVIS\SAM_results\kite-walk\selected_by_sam\00049_sam_best.png,D:\uwb thesis\RelatedData\DAVIS-data\DAVIS\SAM_results\kite-walk\selected_by_score_default_no_gt\00049_best.png,kite-walk
50,default_no_gt,2,1,0.2015768472669583,0.2812153898011268,0.0796385425341685,D:\uwb thesis\RelatedData\DAVIS-data\DAVIS\SAM_results\kite-walk\selected_by_sam\00050_sam_best.png,D:\uwb thesis\RelatedData\DAVIS-data\DAVIS\SAM_results\kite-walk\selected_by_score_default_no_gt\00050_best.png,kite-walk
51,default_no_gt,0,1,0.178208724247993,0.2718253968253968,0.0936166725774037,D:\uwb thesis\RelatedData\DAVIS-data\DAVIS\SAM_results\kite-walk\selected_by_sam\00051_sam_best.png,D:\uwb thesis\RelatedData\DAVIS-data\DAVIS\SAM_results\kite-walk\selected_by_score_default_no_gt\00051_best.png,kite-walk
52,default_no_gt,2,1,0.187695007800312,0.2490130135984793,0.0613180057981672,D:\uwb thesis\RelatedData\DAVIS-data\DAVIS\SAM_results\kite-walk\selected_by_sam\00052_sam_best.png,D:\uwb thesis\RelatedData\DAVIS-data\DAVIS\SAM_results\kite-walk\selected_by_score_default_no_gt\00052_best.png,kite-walk
53,default_no_gt,2,1,0.1834476003917727,0.2376703598391999,0.0542227594474271,D:\uwb thesis\RelatedData\DAVIS-data\DAVIS\SAM_results\kite-walk\selected_by_sam\00053_sam_best.png,D:\uwb thesis\RelatedData\DAVIS-data\DAVIS\SAM_results\kite-walk\selected_by_score_default_no_gt\00053_best.png,kite-walk
54,default_no_gt,2,1,0.1905068622107714,0.2339867339867339,0.0434798717759625,D:\uwb thesis\RelatedData\DAVIS-data\DAVIS\SAM_results\kite-walk\selected_by_sam\00054_sam_best.png,D:\uwb thesis\RelatedData\DAVIS-data\DAVIS\SAM_results\kite-walk\selected_by_score_default_no_gt\00054_best.png,kite-walk
55,default_no_gt,8,7,0.5603756708407871,0.5588264446426802,-0.0015492261981069,D:\uwb thesis\RelatedData\DAVIS-data\DAVIS\SAM_results\kite-walk\selected_by_sam\00055_sam_best.png,D:\uwb thesis\RelatedData\DAVIS-data\DAVIS\SAM_results\kite-walk\selected_by_score_default_no_gt\00055_best.png,kite-walk
56,default_no_gt,8,8,0.5610192221725525,0.5610192221725525,0.0,D:\uwb thesis\RelatedData\DAVIS-data\DAVIS\SAM_results\kite-walk\selected_by_sam\00056_sam_best.png,D:\uwb thesis\RelatedData\DAVIS-data\DAVIS\SAM_results\kite-walk\selected_by_score_default_no_gt\00056_best.png,kite-walk
57,default_no_gt,2,1,0.2078209542547958,0.2557681900919958,0.0479472358371999,D:\uwb thesis\RelatedData\DAVIS-data\DAVIS\SAM_results\kite-walk\selected_by_sam\00057_sam_best.png,D:\uwb thesis\RelatedData\DAVIS-data\DAVIS\SAM_results\kite-walk\selected_by_score_default_no_gt\00057_best.png,kite-walk
58,default_no_gt,5,4,0.1966081928179212,0.2285700393834784,0.0319618465655572,D:\uwb thesis\RelatedData\DAVIS-data\DAVIS\SAM_results\kite-walk\selected_by_sam\00058_sam_best.png,D:\uwb thesis\RelatedData\DAVIS-data\DAVIS\SAM_results\kite-walk\selected_by_score_default_no_gt\00058_best.png,kite-walk
59,default_no_gt,2,1,0.1946852081150585,0.2366889312977099,0.0420037231826513,D:\uwb thesis\RelatedData\DAVIS-data\DAVIS\SAM_results\kite-walk\selected_by_sam\00059_sam_best.png,D:\uwb thesis\RelatedData\DAVIS-data\DAVIS\SAM_results\kite-walk\selected_by_score_default_no_gt\00059_best.png,kite-walk
60,default_no_gt,2,1,0.1998396755788183,0.2552719724489314,0.0554322968701131,D:\uwb thesis\RelatedData\DAVIS-data\DAVIS\SAM_results\kite-walk\selected_by_sam\00060_sam_best.png,D:\uwb thesis\RelatedData\DAVIS-data\DAVIS\SAM_results\kite-walk\selected_by_score_default_no_gt\00060_best.png,kite-walk
61,default_no_gt,5,4,0.2024986015289949,0.2500349210783629,0.0475363195493679,D:\uwb thesis\RelatedData\DAVIS-data\DAVIS\SAM_results\kite-walk\selected_by_sam\00061_sam_best.png,D:\uwb thesis\RelatedData\DAVIS-data\DAVIS\SAM_results\kite-walk\selected_by_score_default_no_gt\00061_best.png,kite-walk
62,default_no_gt,2,1,0.2079312563183531,0.2439416192399486,0.0360103629215954,D:\uwb thesis\RelatedData\DAVIS-data\DAVIS\SAM_results\kite-walk\selected_by_sam\00062_sam_best.png,D:\uwb thesis\RelatedData\DAVIS-data\DAVIS\SAM_results\kite-walk\selected_by_score_default_no_gt\00062_best.png,kite-walk
63,default_no_gt,2,1,0.217802338326635,0.2515197221079574,0.0337173837813224,D:\uwb thesis\RelatedData\DAVIS-data\DAVIS\SAM_results\kite-walk\selected_by_sam\00063_sam_best.png,D:\uwb thesis\RelatedData\DAVIS-data\DAVIS\SAM_results\kite-walk\selected_by_score_default_no_gt\00063_best.png,kite-walk
64,default_no_gt,2,1,0.2249659555152065,0.2641167406870298,0.0391507851718233,D:\uwb thesis\RelatedData\DAVIS-data\DAVIS\SAM_results\kite-walk\selected_by_sam\00064_sam_best.png,D:\uwb thesis\RelatedData\DAVIS-data\DAVIS\SAM_results\kite-walk\selected_by_score_default_no_gt\00064_best.png,kite-walk
65,default_no_gt,2,1,0.2327109580349859,0.2955215753890829,0.062810617354097,D:\uwb thesis\RelatedData\DAVIS-data\DAVIS\SAM_results\kite-walk\selected_by_sam\00065_sam_best.png,D:\uwb thesis\RelatedData\DAVIS-data\DAVIS\SAM_results\kite-walk\selected_by_score_default_no_gt\00065_best.png,kite-walk
66,default_no_gt,2,1,0.2315270935960591,0.2941256706374466,0.0625985770413875,D:\uwb thesis\RelatedData\DAVIS-data\DAVIS\SAM_results\kite-walk\selected_by_sam\00066_sam_best.png,D:\uwb thesis\RelatedData\DAVIS-data\DAVIS\SAM_results\kite-walk\selected_by_score_default_no_gt\00066_best.png,kite-walk
67,default_no_gt,0,1,0.2074924032835956,0.3030522926209805,0.0955598893373849,D:\uwb thesis\RelatedData\DAVIS-data\DAVIS\SAM_results\kite-walk\selected_by_sam\00067_sam_best.png,D:\uwb thesis\RelatedData\DAVIS-data\DAVIS\SAM_results\kite-walk\selected_by_score_default_no_gt\00067_best.png,kite-walk
68,default_no_gt,0,1,0.2187669744703965,0.2981852740190976,0.079418299548701,D:\uwb thesis\RelatedData\DAVIS-data\DAVIS\SAM_results\kite-walk\selected_by_sam\00068_sam_best.png,D:\uwb thesis\RelatedData\DAVIS-data\DAVIS\SAM_results\kite-walk\selected_by_score_default_no_gt\00068_best.png,kite-walk
69,default_no_gt,2,1,0.2233543733092876,0.246872883269361,0.0235185099600733,D:\uwb thesis\RelatedData\DAVIS-data\DAVIS\SAM_results\kite-walk\selected_by_sam\00069_sam_best.png,D:\uwb thesis\RelatedData\DAVIS-data\DAVIS\SAM_results\kite-walk\selected_by_score_default_no_gt\00069_best.png,kite-walk
70,default_no_gt,5,4,0.2180577666590857,0.2413054378048224,0.0232476711457367,D:\uwb thesis\RelatedData\DAVIS-data\DAVIS\SAM_results\kite-walk\selected_by_sam\00070_sam_best.png,D:\uwb thesis\RelatedData\DAVIS-data\DAVIS\SAM_results\kite-walk\selected_by_score_default_no_gt\00070_best.png,kite-walk
71,default_no_gt,2,1,0.2187069519698778,0.2875493164510505,0.0688423644811726,D:\uwb thesis\RelatedData\DAVIS-data\DAVIS\SAM_results\kite-walk\selected_by_sam\00071_sam_best.png,D:\uwb thesis\RelatedData\DAVIS-data\DAVIS\SAM_results\kite-walk\selected_by_score_default_no_gt\00071_best.png,kite-walk
72,default_no_gt,2,1,0.2080833449606995,0.2932518744793113,0.0851685295186117,D:\uwb thesis\RelatedData\DAVIS-data\DAVIS\SAM_results\kite-walk\selected_by_sam\00072_sam_best.png,D:\uwb thesis\RelatedData\DAVIS-data\DAVIS\SAM_results\kite-walk\selected_by_score_default_no_gt\00072_best.png,kite-walk
73,default_no_gt,2,1,0.2019276197675517,0.2887330572289157,0.0868054374613639,D:\uwb thesis\RelatedData\DAVIS-data\DAVIS\SAM_results\kite-walk\selected_by_sam\00073_sam_best.png,D:\uwb thesis\RelatedData\DAVIS-data\DAVIS\SAM_results\kite-walk\selected_by_score_default_no_gt\00073_best.png,kite-walk
74,default_no_gt,2,1,0.1967769701606733,0.2326590974143688,0.0358821272536955,D:\uwb thesis\RelatedData\DAVIS-data\DAVIS\SAM_results\kite-walk\selected_by_sam\00074_sam_best.png,D:\uwb thesis\RelatedData\DAVIS-data\DAVIS\SAM_results\kite-walk\selected_by_score_default_no_gt\00074_best.png,kite-walk
75,default_no_gt,8,7,0.5884155098133078,0.5876303453554004,-0.0007851644579074,D:\uwb thesis\RelatedData\DAVIS-data\DAVIS\SAM_results\kite-walk\selected_by_sam\00075_sam_best.png,D:\uwb thesis\RelatedData\DAVIS-data\DAVIS\SAM_results\kite-walk\selected_by_score_default_no_gt\00075_best.png,kite-walk
76,default_no_gt,2,1,0.191257362605267,0.2169861944485097,0.0257288318432427,D:\uwb thesis\RelatedData\DAVIS-data\DAVIS\SAM_results\kite-walk\selected_by_sam\00076_sam_best.png,D:\uwb thesis\RelatedData\DAVIS-data\DAVIS\SAM_results\kite-walk\selected_by_score_default_no_gt\00076_best.png,kite-walk
77,default_no_gt,7,7,0.5941994132076379,0.5941994132076379,0.0,D:\uwb thesis\RelatedData\DAVIS-data\DAVIS\SAM_results\kite-walk\selected_by_sam\00077_sam_best.png,D:\uwb thesis\RelatedData\DAVIS-data\DAVIS\SAM_results\kite-walk\selected_by_score_default_no_gt\00077_best.png,kite-walk
78,default_no_gt,8,7,0.5939954700978266,0.5955002163357531,0.0015047462379265,D:\uwb thesis\RelatedData\DAVIS-data\DAVIS\SAM_results\kite-walk\selected_by_sam\00078_sam_best.png,D:\uwb thesis\RelatedData\DAVIS-data\DAVIS\SAM_results\kite-walk\selected_by_score_default_no_gt\00078_best.png,kite-walk
79,default_no_gt,2,7,0.1795120061967467,0.5925358851674641,0.4130238789707174,D:\uwb thesis\RelatedData\DAVIS-data\DAVIS\SAM_results\kite-walk\selected_by_sam\00079_sam_best.png,D:\uwb thesis\RelatedData\DAVIS-data\DAVIS\SAM_results\kite-walk\selected_by_score_default_no_gt\00079_best.png,kite-walk
0,default_no_gt,2,2,0.9329656621364324,0.9329656621364324,0.0,D:\uwb thesis\RelatedData\DAVIS-data\DAVIS\SAM_results\libby\selected_by_sam\00000_sam_best.png,D:\uwb thesis\RelatedData\DAVIS-data\DAVIS\SAM_results\libby\selected_by_score_default_no_gt\00000_best.png,libby
1,default_no_gt,2,1,0.9361853142340948,0.9363245394441236,0.0001392252100288,D:\uwb thesis\RelatedData\DAVIS-data\DAVIS\SAM_results\libby\selected_by_sam\00001_sam_best.png,D:\uwb thesis\RelatedData\DAVIS-data\DAVIS\SAM_results\libby\selected_by_score_default_no_gt\00001_best.png,libby
2,default_no_gt,2,1,0.9405049528871708,0.9368168168168168,-0.003688136070354,D:\uwb thesis\RelatedData\DAVIS-data\DAVIS\SAM_results\libby\selected_by_sam\00002_sam_best.png,D:\uwb thesis\RelatedData\DAVIS-data\DAVIS\SAM_results\libby\selected_by_score_default_no_gt\00002_best.png,libby
3,default_no_gt,2,2,0.9396938122125852,0.9396938122125852,0.0,D:\uwb thesis\RelatedData\DAVIS-data\DAVIS\SAM_results\libby\selected_by_sam\00003_sam_best.png,D:\uwb thesis\RelatedData\DAVIS-data\DAVIS\SAM_results\libby\selected_by_score_default_no_gt\00003_best.png,libby
4,default_no_gt,2,1,0.9399799933311104,0.942066747976494,0.0020867546453836,D:\uwb thesis\RelatedData\DAVIS-data\DAVIS\SAM_results\libby\selected_by_sam\00004_sam_best.png,D:\uwb thesis\RelatedData\DAVIS-data\DAVIS\SAM_results\libby\selected_by_score_default_no_gt\00004_best.png,libby
5,default_no_gt,2,1,0.9455364005709892,0.943502515860862,-0.0020338847101273,D:\uwb thesis\RelatedData\DAVIS-data\DAVIS\SAM_results\libby\selected_by_sam\00005_sam_best.png,D:\uwb thesis\RelatedData\DAVIS-data\DAVIS\SAM_results\libby\selected_by_score_default_no_gt\00005_best.png,libby
6,default_no_gt,2,1,0.9572468491960018,0.9546044800346284,-0.0026423691613735,D:\uwb thesis\RelatedData\DAVIS-data\DAVIS\SAM_results\libby\selected_by_sam\00006_sam_best.png,D:\uwb thesis\RelatedData\DAVIS-data\DAVIS\SAM_results\libby\selected_by_score_default_no_gt\00006_best.png,libby
7,default_no_gt,2,1,0.9577005937680626,0.9584949166754008,0.0007943229073382,D:\uwb thesis\RelatedData\DAVIS-data\DAVIS\SAM_results\libby\selected_by_sam\00007_sam_best.png,D:\uwb thesis\RelatedData\DAVIS-data\DAVIS\SAM_results\libby\selected_by_score_default_no_gt\00007_best.png,libby
8,default_no_gt,2,1,0.955321258938358,0.9558402332968808,0.0005189743585227,D:\uwb thesis\RelatedData\DAVIS-data\DAVIS\SAM_results\libby\selected_by_sam\00008_sam_best.png,D:\uwb thesis\RelatedData\DAVIS-data\DAVIS\SAM_results\libby\selected_by_score_default_no_gt\00008_best.png,libby
9,default_no_gt,2,1,0.962177973930001,0.9608555493015402,-0.0013224246284608,D:\uwb thesis\RelatedData\DAVIS-data\DAVIS\SAM_results\libby\selected_by_sam\00009_sam_best.png,D:\uwb thesis\RelatedData\DAVIS-data\DAVIS\SAM_results\libby\selected_by_score_default_no_gt\00009_best.png,libby
10,default_no_gt,2,1,0.956460601010364,0.9540176257128046,-0.0024429752975594,D:\uwb thesis\RelatedData\DAVIS-data\DAVIS\SAM_results\libby\selected_by_sam\00010_sam_best.png,D:\uwb thesis\RelatedData\DAVIS-data\DAVIS\SAM_results\libby\selected_by_score_default_no_gt\00010_best.png,libby
11,default_no_gt,2,1,0.9223909636275198,0.9242350655658088,0.0018441019382888,D:\uwb thesis\RelatedData\DAVIS-data\DAVIS\SAM_results\libby\selected_by_sam\00011_sam_best.png,D:\uwb thesis\RelatedData\DAVIS-data\DAVIS\SAM_results\libby\selected_by_score_default_no_gt\00011_best.png,libby
12,default_no_gt,2,2,0.9428996200649744,0.9428996200649744,0.0,D:\uwb thesis\RelatedData\DAVIS-data\DAVIS\SAM_results\libby\selected_by_sam\00012_sam_best.png,D:\uwb thesis\RelatedData\DAVIS-data\DAVIS\SAM_results\libby\selected_by_score_default_no_gt\00012_best.png,libby
13,default_no_gt,2,2,0.929788140104333,0.929788140104333,0.0,D:\uwb thesis\RelatedData\DAVIS-data\DAVIS\SAM_results\libby\selected_by_sam\00013_sam_best.png,D:\uwb thesis\RelatedData\DAVIS-data\DAVIS\SAM_results\libby\selected_by_score_default_no_gt\00013_best.png,libby
14,default_no_gt,2,2,0.920877378435518,0.920877378435518,0.0,D:\uwb thesis\RelatedData\DAVIS-data\DAVIS\SAM_results\libby\selected_by_sam\00014_sam_best.png,D:\uwb thesis\RelatedData\DAVIS-data\DAVIS\SAM_results\libby\selected_by_score_default_no_gt\00014_best.png,libby
15,default_no_gt,2,1,0.9361141833886344,0.936372269705603,0.0002580863169687,D:\uwb thesis\RelatedData\DAVIS-data\DAVIS\SAM_results\libby\selected_by_sam\00015_sam_best.png,D:\uwb thesis\RelatedData\DAVIS-data\DAVIS\SAM_results\libby\selected_by_score_default_no_gt\00015_best.png,libby
16,default_no_gt,2,1,0.9391981356919654,0.9400179523734092,0.0008198166814439,D:\uwb thesis\RelatedData\DAVIS-data\DAVIS\SAM_results\libby\selected_by_sam\00016_sam_best.png,D:\uwb thesis\RelatedData\DAVIS-data\DAVIS\SAM_results\libby\selected_by_score_default_no_gt\00016_best.png,libby
17,default_no_gt,2,1,0.9192469794886204,0.921377299237326,0.0021303197487057,D:\uwb thesis\RelatedData\DAVIS-data\DAVIS\SAM_results\libby\selected_by_sam\00017_sam_best.png,D:\uwb thesis\RelatedData\DAVIS-data\DAVIS\SAM_results\libby\selected_by_score_default_no_gt\00017_best.png,libby
18,default_no_gt,2,2,0.9314104818853324,0.9314104818853324,0.0,D:\uwb thesis\RelatedData\DAVIS-data\DAVIS\SAM_results\libby\selected_by_sam\00018_sam_best.png,D:\uwb thesis\RelatedData\DAVIS-data\DAVIS\SAM_results\libby\selected_by_score_default_no_gt\00018_best.png,libby
19,default_no_gt,2,1,0.9262540334408916,0.9257029286257088,-0.0005511048151829,D:\uwb thesis\RelatedData\DAVIS-data\DAVIS\SAM_results\libby\selected_by_sam\00019_sam_best.png,D:\uwb thesis\RelatedData\DAVIS-data\DAVIS\SAM_results\libby\selected_by_score_default_no_gt\00019_best.png,libby
20,default_no_gt,2,2,0.9353603342230474,0.9353603342230474,0.0,D:\uwb thesis\RelatedData\DAVIS-data\DAVIS\SAM_results\libby\selected_by_sam\00020_sam_best.png,D:\uwb thesis\RelatedData\DAVIS-data\DAVIS\SAM_results\libby\selected_by_score_default_no_gt\00020_best.png,libby
21,default_no_gt,2,2,0.928524939352701,0.928524939352701,0.0,D:\uwb thesis\RelatedData\DAVIS-data\DAVIS\SAM_results\libby\selected_by_sam\00021_sam_best.png,D:\uwb thesis\RelatedData\DAVIS-data\DAVIS\SAM_results\libby\selected_by_score_default_no_gt\00021_best.png,libby
22,default_no_gt,2,2,0.9344028520499108,0.9344028520499108,0.0,D:\uwb thesis\RelatedData\DAVIS-data\DAVIS\SAM_results\libby\selected_by_sam\00022_sam_best.png,D:\uwb thesis\RelatedData\DAVIS-data\DAVIS\SAM_results\libby\selected_by_score_default_no_gt\00022_best.png,libby
23,default_no_gt,2,2,0.9093178597935362,0.9093178597935362,0.0,D:\uwb thesis\RelatedData\DAVIS-data\DAVIS\SAM_results\libby\selected_by_sam\00023_sam_best.png,D:\uwb thesis\RelatedData\DAVIS-data\DAVIS\SAM_results\libby\selected_by_score_default_no_gt\00023_best.png,libby
24,default_no_gt,2,0,0.9008824567596188,0.1748700923787529,-0.7260123643808658,D:\uwb thesis\RelatedData\DAVIS-data\DAVIS\SAM_results\libby\selected_by_sam\00024_sam_best.png,D:\uwb thesis\RelatedData\DAVIS-data\DAVIS\SAM_results\libby\selected_by_score_default_no_gt\00024_best.png,libby
25,default_no_gt,2,1,0.9071971016512228,0.9048342541436464,-0.0023628475075763,D:\uwb thesis\RelatedData\DAVIS-data\DAVIS\SAM_results\libby\selected_by_sam\00025_sam_best.png,D:\uwb thesis\RelatedData\DAVIS-data\DAVIS\SAM_results\libby\selected_by_score_default_no_gt\00025_best.png,libby
26,default_no_gt,2,1,0.926333496880914,0.9212374000695168,-0.0050960968113972,D:\uwb thesis\RelatedData\DAVIS-data\DAVIS\SAM_results\libby\selected_by_sam\00026_sam_best.png,D:\uwb thesis\RelatedData\DAVIS-data\DAVIS\SAM_results\libby\selected_by_score_default_no_gt\00026_best.png,libby
27,default_no_gt,2,1,0.921597308564324,0.9189425387808609,-0.002654769783463,D:\uwb thesis\RelatedData\DAVIS-data\DAVIS\SAM_results\libby\selected_by_sam\00027_sam_best.png,D:\uwb thesis\RelatedData\DAVIS-data\DAVIS\SAM_results\libby\selected_by_score_default_no_gt\00027_best.png,libby
28,default_no_gt,2,1,0.9011140991164042,0.8989760048907229,-0.0021380942256812,D:\uwb thesis\RelatedData\DAVIS-data\DAVIS\SAM_results\libby\selected_by_sam\00028_sam_best.png,D:\uwb thesis\RelatedData\DAVIS-data\DAVIS\SAM_results\libby\selected_by_score_default_no_gt\00028_best.png,libby
29,default_no_gt,2,1,0.9005602240896359,0.8935613188251657,-0.0069989052644702,D:\uwb thesis\RelatedData\DAVIS-data\DAVIS\SAM_results\libby\selected_by_sam\00029_sam_best.png,D:\uwb thesis\RelatedData\DAVIS-data\DAVIS\SAM_results\libby\selected_by_score_default_no_gt\00029_best.png,libby
30,default_no_gt,2,1,0.8696047251249432,0.8637017070979335,-0.0059030180270097,D:\uwb thesis\RelatedData\DAVIS-data\DAVIS\SAM_results\libby\selected_by_sam\00030_sam_best.png,D:\uwb thesis\RelatedData\DAVIS-data\DAVIS\SAM_results\libby\selected_by_score_default_no_gt\00030_best.png,libby
31,default_no_gt,5,2,0.8886250565355043,0.8224018475750577,-0.0662232089604465,D:\uwb thesis\RelatedData\DAVIS-data\DAVIS\SAM_results\libby\selected_by_sam\00031_sam_best.png,D:\uwb thesis\RelatedData\DAVIS-data\DAVIS\SAM_results\libby\selected_by_score_default_no_gt\00031_best.png,libby
32,default_no_gt,2,2,0.8419583422804381,0.8419583422804381,0.0,D:\uwb thesis\RelatedData\DAVIS-data\DAVIS\SAM_results\libby\selected_by_sam\00032_sam_best.png,D:\uwb thesis\RelatedData\DAVIS-data\DAVIS\SAM_results\libby\selected_by_score_default_no_gt\00032_best.png,libby
33,default_no_gt,2,2,0.8610289096289552,0.8610289096289552,0.0,D:\uwb thesis\RelatedData\DAVIS-data\DAVIS\SAM_results\libby\selected_by_sam\00033_sam_best.png,D:\uwb thesis\RelatedData\DAVIS-data\DAVIS\SAM_results\libby\selected_by_score_default_no_gt\00033_best.png,libby
34,default_no_gt,14,1,0.0,0.3337701012507444,0.3337701012507444,D:\uwb thesis\RelatedData\DAVIS-data\DAVIS\SAM_results\libby\selected_by_sam\00034_sam_best.png,D:\uwb thesis\RelatedData\DAVIS-data\DAVIS\SAM_results\libby\selected_by_score_default_no_gt\00034_best.png,libby
35,default_no_gt,5,7,0.0,0.5073320719016083,0.5073320719016083,D:\uwb thesis\RelatedData\DAVIS-data\DAVIS\SAM_results\libby\selected_by_sam\00035_sam_best.png,D:\uwb thesis\RelatedData\DAVIS-data\DAVIS\SAM_results\libby\selected_by_score_default_no_gt\00035_best.png,libby
36,default_no_gt,5,9,0.0,0.6822403992790794,0.6822403992790794,D:\uwb thesis\RelatedData\DAVIS-data\DAVIS\SAM_results\libby\selected_by_sam\00036_sam_best.png,D:\uwb thesis\RelatedData\DAVIS-data\DAVIS\SAM_results\libby\selected_by_score_default_no_gt\00036_best.png,libby
37,default_no_gt,8,4,0.0,0.831465579973803,0.831465579973803,D:\uwb thesis\RelatedData\DAVIS-data\DAVIS\SAM_results\libby\selected_by_sam\00037_sam_best.png,D:\uwb thesis\RelatedData\DAVIS-data\DAVIS\SAM_results\libby\selected_by_score_default_no_gt\00037_best.png,libby
38,default_no_gt,2,1,0.887308533916849,0.8848764594080912,-0.0024320745087578,D:\uwb thesis\RelatedData\DAVIS-data\DAVIS\SAM_results\libby\selected_by_sam\00038_sam_best.png,D:\uwb thesis\RelatedData\DAVIS-data\DAVIS\SAM_results\libby\selected_by_score_default_no_gt\00038_best.png,libby
39,default_no_gt,2,1,0.8912567508392936,0.8925247236765561,0.0012679728372625,D:\uwb thesis\RelatedData\DAVIS-data\DAVIS\SAM_results\libby\selected_by_sam\00039_sam_best.png,D:\uwb thesis\RelatedData\DAVIS-data\DAVIS\SAM_results\libby\selected_by_score_default_no_gt\00039_best.png,libby
40,default_no_gt,2,2,0.9066885637503732,0.9066885637503732,0.0,D:\uwb thesis\RelatedData\DAVIS-data\DAVIS\SAM_results\libby\selected_by_sam\00040_sam_best.png,D:\uwb thesis\RelatedData\DAVIS-data\DAVIS\SAM_results\libby\selected_by_score_default_no_gt\00040_best.png,libby
41,default_no_gt,2,2,0.8849206349206349,0.8849206349206349,0.0,D:\uwb thesis\RelatedData\DAVIS-data\DAVIS\SAM_results\libby\selected_by_sam\00041_sam_best.png,D:\uwb thesis\RelatedData\DAVIS-data\DAVIS\SAM_results\libby\selected_by_score_default_no_gt\00041_best.png,libby
42,default_no_gt,2,1,0.8829732947780234,0.8682926829268293,-0.0146806118511941,D:\uwb thesis\RelatedData\DAVIS-data\DAVIS\SAM_results\libby\selected_by_sam\00042_sam_best.png,D:\uwb thesis\RelatedData\DAVIS-data\DAVIS\SAM_results\libby\selected_by_score_default_no_gt\00042_best.png,libby
43,default_no_gt,2,1,0.8779457175361612,0.8669012957926732,-0.011044421743488,D:\uwb thesis\RelatedData\DAVIS-data\DAVIS\SAM_results\libby\selected_by_sam\00043_sam_best.png,D:\uwb thesis\RelatedData\DAVIS-data\DAVIS\SAM_results\libby\selected_by_score_default_no_gt\00043_best.png,libby
44,default_no_gt,2,1,0.886752484927489,0.8749597682652076,-0.0117927166622814,D:\uwb thesis\RelatedData\DAVIS-data\DAVIS\SAM_results\libby\selected_by_sam\00044_sam_best.png,D:\uwb thesis\RelatedData\DAVIS-data\DAVIS\SAM_results\libby\selected_by_score_default_no_gt\00044_best.png,libby
45,default_no_gt,2,1,0.8917329643721895,0.8866986630099417,-0.0050343013622478,D:\uwb thesis\RelatedData\DAVIS-data\DAVIS\SAM_results\libby\selected_by_sam\00045_sam_best.png,D:\uwb thesis\RelatedData\DAVIS-data\DAVIS\SAM_results\libby\selected_by_score_default_no_gt\00045_best.png,libby
46,default_no_gt,2,0,0.8790617189002115,0.8831194867682438,0.0040577678680323,D:\uwb thesis\RelatedData\DAVIS-data\DAVIS\SAM_results\libby\selected_by_sam\00046_sam_best.png,D:\uwb thesis\RelatedData\DAVIS-data\DAVIS\SAM_results\libby\selected_by_score_default_no_gt\00046_best.png,libby
47,default_no_gt,2,1,0.8535019064820389,0.8322265625,-0.0212753439820388,D:\uwb thesis\RelatedData\DAVIS-data\DAVIS\SAM_results\libby\selected_by_sam\00047_sam_best.png,D:\uwb thesis\RelatedData\DAVIS-data\DAVIS\SAM_results\libby\selected_by_score_default_no_gt\00047_best.png,libby
48,default_no_gt,14,14,0.8410171102661597,0.8410171102661597,0.0,D:\uwb thesis\RelatedData\DAVIS-data\DAVIS\SAM_results\libby\selected_by_sam\00048_sam_best.png,D:\uwb thesis\RelatedData\DAVIS-data\DAVIS\SAM_results\libby\selected_by_score_default_no_gt\00048_best.png,libby
0,default_no_gt,2,2,0.875289656625237,0.875289656625237,0.0,D:\uwb thesis\RelatedData\DAVIS-data\DAVIS\SAM_results\lucia\selected_by_sam\00000_sam_best.png,D:\uwb thesis\RelatedData\DAVIS-data\DAVIS\SAM_results\lucia\selected_by_score_default_no_gt\00000_best.png,lucia
1,default_no_gt,2,2,0.8742527421115559,0.8742527421115559,0.0,D:\uwb thesis\RelatedData\DAVIS-data\DAVIS\SAM_results\lucia\selected_by_sam\00001_sam_best.png,D:\uwb thesis\RelatedData\DAVIS-data\DAVIS\SAM_results\lucia\selected_by_score_default_no_gt\00001_best.png,lucia
2,default_no_gt,2,1,0.8295197878817637,0.8642825949827745,0.0347628071010107,D:\uwb thesis\RelatedData\DAVIS-data\DAVIS\SAM_results\lucia\selected_by_sam\00002_sam_best.png,D:\uwb thesis\RelatedData\DAVIS-data\DAVIS\SAM_results\lucia\selected_by_score_default_no_gt\00002_best.png,lucia
3,default_no_gt,2,1,0.8342340618872256,0.8661048245821694,0.0318707626949438,D:\uwb thesis\RelatedData\DAVIS-data\DAVIS\SAM_results\lucia\selected_by_sam\00003_sam_best.png,D:\uwb thesis\RelatedData\DAVIS-data\DAVIS\SAM_results\lucia\selected_by_score_default_no_gt\00003_best.png,lucia
4,default_no_gt,1,1,0.8767783712246537,0.8767783712246537,0.0,D:\uwb thesis\RelatedData\DAVIS-data\DAVIS\SAM_results\lucia\selected_by_sam\00004_sam_best.png,D:\uwb thesis\RelatedData\DAVIS-data\DAVIS\SAM_results\lucia\selected_by_score_default_no_gt\00004_best.png,lucia
5,default_no_gt,1,1,0.8718635466591486,0.8718635466591486,0.0,D:\uwb thesis\RelatedData\DAVIS-data\DAVIS\SAM_results\lucia\selected_by_sam\00005_sam_best.png,D:\uwb thesis\RelatedData\DAVIS-data\DAVIS\SAM_results\lucia\selected_by_score_default_no_gt\00005_best.png,lucia
6,default_no_gt,2,1,0.8609482718191624,0.8698725699934889,0.0089242981743264,D:\uwb thesis\RelatedData\DAVIS-data\DAVIS\SAM_results\lucia\selected_by_sam\00006_sam_best.png,D:\uwb thesis\RelatedData\DAVIS-data\DAVIS\SAM_results\lucia\selected_by_score_default_no_gt\00006_best.png,lucia
7,default_no_gt,2,1,0.8635942994632612,0.8711482024944974,0.0075539030312362,D:\uwb thesis\RelatedData\DAVIS-data\DAVIS\SAM_results\lucia\selected_by_sam\00007_sam_best.png,D:\uwb thesis\RelatedData\DAVIS-data\DAVIS\SAM_results\lucia\selected_by_score_default_no_gt\00007_best.png,lucia
8,default_no_gt,2,1,0.8337585231225938,0.8626479493531517,0.0288894262305579,D:\uwb thesis\RelatedData\DAVIS-data\DAVIS\SAM_results\lucia\selected_by_sam\00008_sam_best.png,D:\uwb thesis\RelatedData\DAVIS-data\DAVIS\SAM_results\lucia\selected_by_score_default_no_gt\00008_best.png,lucia
9,default_no_gt,2,1,0.8366640146019563,0.8554955952216227,0.0188315806196663,D:\uwb thesis\RelatedData\DAVIS-data\DAVIS\SAM_results\lucia\selected_by_sam\00009_sam_best.png,D:\uwb thesis\RelatedData\DAVIS-data\DAVIS\SAM_results\lucia\selected_by_score_default_no_gt\00009_best.png,lucia
10,default_no_gt,2,1,0.8355883754168651,0.8649157488468417,0.0293273734299766,D:\uwb thesis\RelatedData\DAVIS-data\DAVIS\SAM_results\lucia\selected_by_sam\00010_sam_best.png,D:\uwb thesis\RelatedData\DAVIS-data\DAVIS\SAM_results\lucia\selected_by_score_default_no_gt\00010_best.png,lucia
11,default_no_gt,2,1,0.8341503664514877,0.8674247876781345,0.0332744212266468,D:\uwb thesis\RelatedData\DAVIS-data\DAVIS\SAM_results\lucia\selected_by_sam\00011_sam_best.png,D:\uwb thesis\RelatedData\DAVIS-data\DAVIS\SAM_results\lucia\selected_by_score_default_no_gt\00011_best.png,lucia
12,default_no_gt,5,1,0.0,0.8773613044342812,0.8773613044342812,D:\uwb thesis\RelatedData\DAVIS-data\DAVIS\SAM_results\lucia\selected_by_sam\00012_sam_best.png,D:\uwb thesis\RelatedData\DAVIS-data\DAVIS\SAM_results\lucia\selected_by_score_default_no_gt\00012_best.png,lucia
13,default_no_gt,5,1,0.0,0.8718091854859172,0.8718091854859172,D:\uwb thesis\RelatedData\DAVIS-data\DAVIS\SAM_results\lucia\selected_by_sam\00013_sam_best.png,D:\uwb thesis\RelatedData\DAVIS-data\DAVIS\SAM_results\lucia\selected_by_score_default_no_gt\00013_best.png,lucia
14,default_no_gt,5,1,0.0,0.9053317716555482,0.9053317716555482,D:\uwb thesis\RelatedData\DAVIS-data\DAVIS\SAM_results\lucia\selected_by_sam\00014_sam_best.png,D:\uwb thesis\RelatedData\DAVIS-data\DAVIS\SAM_results\lucia\selected_by_score_default_no_gt\00014_best.png,lucia
15,default_no_gt,5,1,0.0,0.90526914525053,0.90526914525053,D:\uwb thesis\RelatedData\DAVIS-data\DAVIS\SAM_results\lucia\selected_by_sam\00015_sam_best.png,D:\uwb thesis\RelatedData\DAVIS-data\DAVIS\SAM_results\lucia\selected_by_score_default_no_gt\00015_best.png,lucia
16,default_no_gt,5,1,0.0,0.9061645173896054,0.9061645173896054,D:\uwb thesis\RelatedData\DAVIS-data\DAVIS\SAM_results\lucia\selected_by_sam\00016_sam_best.png,D:\uwb thesis\RelatedData\DAVIS-data\DAVIS\SAM_results\lucia\selected_by_score_default_no_gt\00016_best.png,lucia
17,default_no_gt,5,1,0.0,0.911203673025039,0.911203673025039,D:\uwb thesis\RelatedData\DAVIS-data\DAVIS\SAM_results\lucia\selected_by_sam\00017_sam_best.png,D:\uwb thesis\RelatedData\DAVIS-data\DAVIS\SAM_results\lucia\selected_by_score_default_no_gt\00017_best.png,lucia
18,default_no_gt,5,8,0.0,0.0660541092394078,0.0660541092394078,D:\uwb thesis\RelatedData\DAVIS-data\DAVIS\SAM_results\lucia\selected_by_sam\00018_sam_best.png,D:\uwb thesis\RelatedData\DAVIS-data\DAVIS\SAM_results\lucia\selected_by_score_default_no_gt\00018_best.png,lucia
19,default_no_gt,5,7,0.0,0.2957674131908773,0.2957674131908773,D:\uwb thesis\RelatedData\DAVIS-data\DAVIS\SAM_results\lucia\selected_by_sam\00019_sam_best.png,D:\uwb thesis\RelatedData\DAVIS-data\DAVIS\SAM_results\lucia\selected_by_score_default_no_gt\00019_best.png,lucia
20,default_no_gt,5,1,0.0,0.9149871405190554,0.9149871405190554,D:\uwb thesis\RelatedData\DAVIS-data\DAVIS\SAM_results\lucia\selected_by_sam\00020_sam_best.png,D:\uwb thesis\RelatedData\DAVIS-data\DAVIS\SAM_results\lucia\selected_by_score_default_no_gt\00020_best.png,lucia
21,default_no_gt,5,1,0.0,0.9161359304541862,0.9161359304541862,D:\uwb thesis\RelatedData\DAVIS-data\DAVIS\SAM_results\lucia\selected_by_sam\00021_sam_best.png,D:\uwb thesis\RelatedData\DAVIS-data\DAVIS\SAM_results\lucia\selected_by_score_default_no_gt\00021_best.png,lucia
22,default_no_gt,5,1,0.0,0.9085393668460908,0.9085393668460908,D:\uwb thesis\RelatedData\DAVIS-data\DAVIS\SAM_results\lucia\selected_by_sam\00022_sam_best.png,D:\uwb thesis\RelatedData\DAVIS-data\DAVIS\SAM_results\lucia\selected_by_score_default_no_gt\00022_best.png,lucia
23,default_no_gt,5,1,0.0,0.9105267963115128,0.9105267963115128,D:\uwb thesis\RelatedData\DAVIS-data\DAVIS\SAM_results\lucia\selected_by_sam\00023_sam_best.png,D:\uwb thesis\RelatedData\DAVIS-data\DAVIS\SAM_results\lucia\selected_by_score_default_no_gt\00023_best.png,lucia
24,default_no_gt,5,1,0.0,0.9248341586471084,0.9248341586471084,D:\uwb thesis\RelatedData\DAVIS-data\DAVIS\SAM_results\lucia\selected_by_sam\00024_sam_best.png,D:\uwb thesis\RelatedData\DAVIS-data\DAVIS\SAM_results\lucia\selected_by_score_default_no_gt\00024_best.png,lucia
25,default_no_gt,5,1,0.0,0.9295135441781308,0.9295135441781308,D:\uwb thesis\RelatedData\DAVIS-data\DAVIS\SAM_results\lucia\selected_by_sam\00025_sam_best.png,D:\uwb thesis\RelatedData\DAVIS-data\DAVIS\SAM_results\lucia\selected_by_score_default_no_gt\00025_best.png,lucia
26,default_no_gt,5,8,0.0,0.0689725747032337,0.0689725747032337,D:\uwb thesis\RelatedData\DAVIS-data\DAVIS\SAM_results\lucia\selected_by_sam\00026_sam_best.png,D:\uwb thesis\RelatedData\DAVIS-data\DAVIS\SAM_results\lucia\selected_by_score_default_no_gt\00026_best.png,lucia
27,default_no_gt,5,1,0.0,0.9174414642457284,0.9174414642457284,D:\uwb thesis\RelatedData\DAVIS-data\DAVIS\SAM_results\lucia\selected_by_sam\00027_sam_best.png,D:\uwb thesis\RelatedData\DAVIS-data\DAVIS\SAM_results\lucia\selected_by_score_default_no_gt\00027_best.png,lucia
28,default_no_gt,5,1,0.0,0.9186546154985924,0.9186546154985924,D:\uwb thesis\RelatedData\DAVIS-data\DAVIS\SAM_results\lucia\selected_by_sam\00028_sam_best.png,D:\uwb thesis\RelatedData\DAVIS-data\DAVIS\SAM_results\lucia\selected_by_score_default_no_gt\00028_best.png,lucia
29,default_no_gt,5,1,0.0,0.924900388359308,0.924900388359308,D:\uwb thesis\RelatedData\DAVIS-data\DAVIS\SAM_results\lucia\selected_by_sam\00029_sam_best.png,D:\uwb thesis\RelatedData\DAVIS-data\DAVIS\SAM_results\lucia\selected_by_score_default_no_gt\00029_best.png,lucia
30,default_no_gt,5,8,0.0,0.0835791025911101,0.0835791025911101,D:\uwb thesis\RelatedData\DAVIS-data\DAVIS\SAM_results\lucia\selected_by_sam\00030_sam_best.png,D:\uwb thesis\RelatedData\DAVIS-data\DAVIS\SAM_results\lucia\selected_by_score_default_no_gt\00030_best.png,lucia
31,default_no_gt,5,7,0.0,0.1511413358637777,0.1511413358637777,D:\uwb thesis\RelatedData\DAVIS-data\DAVIS\SAM_results\lucia\selected_by_sam\00031_sam_best.png,D:\uwb thesis\RelatedData\DAVIS-data\DAVIS\SAM_results\lucia\selected_by_score_default_no_gt\00031_best.png,lucia
32,default_no_gt,5,7,0.0,0.143666701647602,0.143666701647602,D:\uwb thesis\RelatedData\DAVIS-data\DAVIS\SAM_results\lucia\selected_by_sam\00032_sam_best.png,D:\uwb thesis\RelatedData\DAVIS-data\DAVIS\SAM_results\lucia\selected_by_score_default_no_gt\00032_best.png,lucia
33,default_no_gt,5,7,0.0,0.1302638385928608,0.1302638385928608,D:\uwb thesis\RelatedData\DAVIS-data\DAVIS\SAM_results\lucia\selected_by_sam\00033_sam_best.png,D:\uwb thesis\RelatedData\DAVIS-data\DAVIS\SAM_results\lucia\selected_by_score_default_no_gt\00033_best.png,lucia
34,default_no_gt,5,8,0.0,0.0856705762366139,0.0856705762366139,D:\uwb thesis\RelatedData\DAVIS-data\DAVIS\SAM_results\lucia\selected_by_sam\00034_sam_best.png,D:\uwb thesis\RelatedData\DAVIS-data\DAVIS\SAM_results\lucia\selected_by_score_default_no_gt\00034_best.png,lucia
35,default_no_gt,5,7,0.0,0.1208396560445118,0.1208396560445118,D:\uwb thesis\RelatedData\DAVIS-data\DAVIS\SAM_results\lucia\selected_by_sam\00035_sam_best.png,D:\uwb thesis\RelatedData\DAVIS-data\DAVIS\SAM_results\lucia\selected_by_score_default_no_gt\00035_best.png,lucia
36,default_no_gt,5,7,0.0,0.1210935488853421,0.1210935488853421,D:\uwb thesis\RelatedData\DAVIS-data\DAVIS\SAM_results\lucia\selected_by_sam\00036_sam_best.png,D:\uwb thesis\RelatedData\DAVIS-data\DAVIS\SAM_results\lucia\selected_by_score_default_no_gt\00036_best.png,lucia
37,default_no_gt,5,7,0.0,0.3908656120250171,0.3908656120250171,D:\uwb thesis\RelatedData\DAVIS-data\DAVIS\SAM_results\lucia\selected_by_sam\00037_sam_best.png,D:\uwb thesis\RelatedData\DAVIS-data\DAVIS\SAM_results\lucia\selected_by_score_default_no_gt\00037_best.png,lucia
38,default_no_gt,5,1,0.0,0.916288028447254,0.916288028447254,D:\uwb thesis\RelatedData\DAVIS-data\DAVIS\SAM_results\lucia\selected_by_sam\00038_sam_best.png,D:\uwb thesis\RelatedData\DAVIS-data\DAVIS\SAM_results\lucia\selected_by_score_default_no_gt\00038_best.png,lucia
39,default_no_gt,5,1,0.0,0.9072722759990072,0.9072722759990072,D:\uwb thesis\RelatedData\DAVIS-data\DAVIS\SAM_results\lucia\selected_by_sam\00039_sam_best.png,D:\uwb thesis\RelatedData\DAVIS-data\DAVIS\SAM_results\lucia\selected_by_score_default_no_gt\00039_best.png,lucia
40,default_no_gt,5,1,0.0,0.8953070394408388,0.8953070394408388,D:\uwb thesis\RelatedData\DAVIS-data\DAVIS\SAM_results\lucia\selected_by_sam\00040_sam_best.png,D:\uwb thesis\RelatedData\DAVIS-data\DAVIS\SAM_results\lucia\selected_by_score_default_no_gt\00040_best.png,lucia
41,default_no_gt,5,1,0.0,0.909900338948753,0.909900338948753,D:\uwb thesis\RelatedData\DAVIS-data\DAVIS\SAM_results\lucia\selected_by_sam\00041_sam_best.png,D:\uwb thesis\RelatedData\DAVIS-data\DAVIS\SAM_results\lucia\selected_by_score_default_no_gt\00041_best.png,lucia
42,default_no_gt,5,8,0.0,0.0934711643090315,0.0934711643090315,D:\uwb thesis\RelatedData\DAVIS-data\DAVIS\SAM_results\lucia\selected_by_sam\00042_sam_best.png,D:\uwb thesis\RelatedData\DAVIS-data\DAVIS\SAM_results\lucia\selected_by_score_default_no_gt\00042_best.png,lucia
43,default_no_gt,5,7,0.0,0.1151138488615113,0.1151138488615113,D:\uwb thesis\RelatedData\DAVIS-data\DAVIS\SAM_results\lucia\selected_by_sam\00043_sam_best.png,D:\uwb thesis\RelatedData\DAVIS-data\DAVIS\SAM_results\lucia\selected_by_score_default_no_gt\00043_best.png,lucia
44,default_no_gt,5,7,0.0,0.1120591888534859,0.1120591888534859,D:\uwb thesis\RelatedData\DAVIS-data\DAVIS\SAM_results\lucia\selected_by_sam\00044_sam_best.png,D:\uwb thesis\RelatedData\DAVIS-data\DAVIS\SAM_results\lucia\selected_by_score_default_no_gt\00044_best.png,lucia
45,default_no_gt,5,8,0.0,0.0935844614479105,0.0935844614479105,D:\uwb thesis\RelatedData\DAVIS-data\DAVIS\SAM_results\lucia\selected_by_sam\00045_sam_best.png,D:\uwb thesis\RelatedData\DAVIS-data\DAVIS\SAM_results\lucia\selected_by_score_default_no_gt\00045_best.png,lucia
46,default_no_gt,5,1,0.0,0.959226455636497,0.959226455636497,D:\uwb thesis\RelatedData\DAVIS-data\DAVIS\SAM_results\lucia\selected_by_sam\00046_sam_best.png,D:\uwb thesis\RelatedData\DAVIS-data\DAVIS\SAM_results\lucia\selected_by_score_default_no_gt\00046_best.png,lucia
47,default_no_gt,5,1,0.0,0.956760395629434,0.956760395629434,D:\uwb thesis\RelatedData\DAVIS-data\DAVIS\SAM_results\lucia\selected_by_sam\00047_sam_best.png,D:\uwb thesis\RelatedData\DAVIS-data\DAVIS\SAM_results\lucia\selected_by_score_default_no_gt\00047_best.png,lucia
48,default_no_gt,5,1,0.0,0.9484867683610312,0.9484867683610312,D:\uwb thesis\RelatedData\DAVIS-data\DAVIS\SAM_results\lucia\selected_by_sam\00048_sam_best.png,D:\uwb thesis\RelatedData\DAVIS-data\DAVIS\SAM_results\lucia\selected_by_score_default_no_gt\00048_best.png,lucia
49,default_no_gt,5,4,0.0,0.0,0.0,D:\uwb thesis\RelatedData\DAVIS-data\DAVIS\SAM_results\lucia\selected_by_sam\00049_sam_best.png,D:\uwb thesis\RelatedData\DAVIS-data\DAVIS\SAM_results\lucia\selected_by_score_default_no_gt\00049_best.png,lucia
50,default_no_gt,5,7,0.0,0.1523908833606435,0.1523908833606435,D:\uwb thesis\RelatedData\DAVIS-data\DAVIS\SAM_results\lucia\selected_by_sam\00050_sam_best.png,D:\uwb thesis\RelatedData\DAVIS-data\DAVIS\SAM_results\lucia\selected_by_score_default_no_gt\00050_best.png,lucia
51,default_no_gt,5,4,0.0,0.0,0.0,D:\uwb thesis\RelatedData\DAVIS-data\DAVIS\SAM_results\lucia\selected_by_sam\00051_sam_best.png,D:\uwb thesis\RelatedData\DAVIS-data\DAVIS\SAM_results\lucia\selected_by_score_default_no_gt\00051_best.png,lucia
52,default_no_gt,5,4,0.0,0.0,0.0,D:\uwb thesis\RelatedData\DAVIS-data\DAVIS\SAM_results\lucia\selected_by_sam\00052_sam_best.png,D:\uwb thesis\RelatedData\DAVIS-data\DAVIS\SAM_results\lucia\selected_by_score_default_no_gt\00052_best.png,lucia
53,default_no_gt,5,5,0.0,0.0,0.0,D:\uwb thesis\RelatedData\DAVIS-data\DAVIS\SAM_results\lucia\selected_by_sam\00053_sam_best.png,D:\uwb thesis\RelatedData\DAVIS-data\DAVIS\SAM_results\lucia\selected_by_score_default_no_gt\00053_best.png,lucia
54,default_no_gt,5,7,0.0,0.1363256887492019,0.1363256887492019,D:\uwb thesis\RelatedData\DAVIS-data\DAVIS\SAM_results\lucia\selected_by_sam\00054_sam_best.png,D:\uwb thesis\RelatedData\DAVIS-data\DAVIS\SAM_results\lucia\selected_by_score_default_no_gt\00054_best.png,lucia
55,default_no_gt,5,7,0.0,0.1233178370442867,0.1233178370442867,D:\uwb thesis\RelatedData\DAVIS-data\DAVIS\SAM_results\lucia\selected_by_sam\00055_sam_best.png,D:\uwb thesis\RelatedData\DAVIS-data\DAVIS\SAM_results\lucia\selected_by_score_default_no_gt\00055_best.png,lucia
56,default_no_gt,5,8,0.0,0.087681337595279,0.087681337595279,D:\uwb thesis\RelatedData\DAVIS-data\DAVIS\SAM_results\lucia\selected_by_sam\00056_sam_best.png,D:\uwb thesis\RelatedData\DAVIS-data\DAVIS\SAM_results\lucia\selected_by_score_default_no_gt\00056_best.png,lucia
57,default_no_gt,11,8,0.0,0.0864069520564854,0.0864069520564854,D:\uwb thesis\RelatedData\DAVIS-data\DAVIS\SAM_results\lucia\selected_by_sam\00057_sam_best.png,D:\uwb thesis\RelatedData\DAVIS-data\DAVIS\SAM_results\lucia\selected_by_score_default_no_gt\00057_best.png,lucia
58,default_no_gt,5,5,0.0,0.0,0.0,D:\uwb thesis\RelatedData\DAVIS-data\DAVIS\SAM_results\lucia\selected_by_sam\00058_sam_best.png,D:\uwb thesis\RelatedData\DAVIS-data\DAVIS\SAM_results\lucia\selected_by_score_default_no_gt\00058_best.png,lucia
59,default_no_gt,5,5,0.0,0.0,0.0,D:\uwb thesis\RelatedData\DAVIS-data\DAVIS\SAM_results\lucia\selected_by_sam\00059_sam_best.png,D:\uwb thesis\RelatedData\DAVIS-data\DAVIS\SAM_results\lucia\selected_by_score_default_no_gt\00059_best.png,lucia
60,default_no_gt,5,11,0.0,0.0977362001240438,0.0977362001240438,D:\uwb thesis\RelatedData\DAVIS-data\DAVIS\SAM_results\lucia\selected_by_sam\00060_sam_best.png,D:\uwb thesis\RelatedData\DAVIS-data\DAVIS\SAM_results\lucia\selected_by_score_default_no_gt\00060_best.png,lucia
61,default_no_gt,5,11,0.0,0.0988308651597817,0.0988308651597817,D:\uwb thesis\RelatedData\DAVIS-data\DAVIS\SAM_results\lucia\selected_by_sam\00061_sam_best.png,D:\uwb thesis\RelatedData\DAVIS-data\DAVIS\SAM_results\lucia\selected_by_score_default_no_gt\00061_best.png,lucia
62,default_no_gt,5,11,9.799838302668004e-05,0.1012966393225721,0.1011986409395454,D:\uwb thesis\RelatedData\DAVIS-data\DAVIS\SAM_results\lucia\selected_by_sam\00062_sam_best.png,D:\uwb thesis\RelatedData\DAVIS-data\DAVIS\SAM_results\lucia\selected_by_score_default_no_gt\00062_best.png,lucia
63,default_no_gt,2,10,0.8743586944656697,0.1496889580093312,-0.7246697364563385,D:\uwb thesis\RelatedData\DAVIS-data\DAVIS\SAM_results\lucia\selected_by_sam\00063_sam_best.png,D:\uwb thesis\RelatedData\DAVIS-data\DAVIS\SAM_results\lucia\selected_by_score_default_no_gt\00063_best.png,lucia
64,default_no_gt,5,11,0.000102466890386,0.1096034010832217,0.1095009341928356,D:\uwb thesis\RelatedData\DAVIS-data\DAVIS\SAM_results\lucia\selected_by_sam\00064_sam_best.png,D:\uwb thesis\RelatedData\DAVIS-data\DAVIS\SAM_results\lucia\selected_by_score_default_no_gt\00064_best.png,lucia
65,default_no_gt,5,11,7.636502481863306e-05,0.1080772306637724,0.1080008656389538,D:\uwb thesis\RelatedData\DAVIS-data\DAVIS\SAM_results\lucia\selected_by_sam\00065_sam_best.png,D:\uwb thesis\RelatedData\DAVIS-data\DAVIS\SAM_results\lucia\selected_by_score_default_no_gt\00065_best.png,lucia
66,default_no_gt,5,10,0.0,0.1411941854404355,0.1411941854404355,D:\uwb thesis\RelatedData\DAVIS-data\DAVIS\SAM_results\lucia\selected_by_sam\00066_sam_best.png,D:\uwb thesis\RelatedData\DAVIS-data\DAVIS\SAM_results\lucia\selected_by_score_default_no_gt\00066_best.png,lucia
67,default_no_gt,5,11,0.0,0.1107376614187157,0.1107376614187157,D:\uwb thesis\RelatedData\DAVIS-data\DAVIS\SAM_results\lucia\selected_by_sam\00067_sam_best.png,D:\uwb thesis\RelatedData\DAVIS-data\DAVIS\SAM_results\lucia\selected_by_score_default_no_gt\00067_best.png,lucia
68,default_no_gt,5,11,0.0,0.1103931396823479,0.1103931396823479,D:\uwb thesis\RelatedData\DAVIS-data\DAVIS\SAM_results\lucia\selected_by_sam\00068_sam_best.png,D:\uwb thesis\RelatedData\DAVIS-data\DAVIS\SAM_results\lucia\selected_by_score_default_no_gt\00068_best.png,lucia
69,default_no_gt,5,11,0.0,0.11179822965927,0.11179822965927,D:\uwb thesis\RelatedData\DAVIS-data\DAVIS\SAM_results\lucia\selected_by_sam\00069_sam_best.png,D:\uwb thesis\RelatedData\DAVIS-data\DAVIS\SAM_results\lucia\selected_by_score_default_no_gt\00069_best.png,lucia
0,default_no_gt,2,1,0.9293847478710172,0.9229385591214616,-0.0064461887495553,D:\uwb thesis\RelatedData\DAVIS-data\DAVIS\SAM_results\mallard-fly\selected_by_sam\00000_sam_best.png,D:\uwb thesis\RelatedData\DAVIS-data\DAVIS\SAM_results\mallard-fly\selected_by_score_default_no_gt\00000_best.png,mallard-fly
1,default_no_gt,2,2,0.933850277618227,0.933850277618227,0.0,D:\uwb thesis\RelatedData\DAVIS-data\DAVIS\SAM_results\mallard-fly\selected_by_sam\00001_sam_best.png,D:\uwb thesis\RelatedData\DAVIS-data\DAVIS\SAM_results\mallard-fly\selected_by_score_default_no_gt\00001_best.png,mallard-fly
2,default_no_gt,2,1,0.9356468681475832,0.930634201585504,-0.0050126665620792,D:\uwb thesis\RelatedData\DAVIS-data\DAVIS\SAM_results\mallard-fly\selected_by_sam\00002_sam_best.png,D:\uwb thesis\RelatedData\DAVIS-data\DAVIS\SAM_results\mallard-fly\selected_by_score_default_no_gt\00002_best.png,mallard-fly
3,default_no_gt,2,1,0.9339132079039424,0.9285514149621744,-0.0053617929417681,D:\uwb thesis\RelatedData\DAVIS-data\DAVIS\SAM_results\mallard-fly\selected_by_sam\00003_sam_best.png,D:\uwb thesis\RelatedData\DAVIS-data\DAVIS\SAM_results\mallard-fly\selected_by_score_default_no_gt\00003_best.png,mallard-fly
4,default_no_gt,2,1,0.9300934579439252,0.9265970232042156,-0.0034964347397097,D:\uwb thesis\RelatedData\DAVIS-data\DAVIS\SAM_results\mallard-fly\selected_by_sam\00004_sam_best.png,D:\uwb thesis\RelatedData\DAVIS-data\DAVIS\SAM_results\mallard-fly\selected_by_score_default_no_gt\00004_best.png,mallard-fly
5,default_no_gt,2,1,0.9279262501163982,0.9226048726873054,-0.0053213774290927,D:\uwb thesis\RelatedData\DAVIS-data\DAVIS\SAM_results\mallard-fly\selected_by_sam\00005_sam_best.png,D:\uwb thesis\RelatedData\DAVIS-data\DAVIS\SAM_results\mallard-fly\selected_by_score_default_no_gt\00005_best.png,mallard-fly
6,default_no_gt,2,1,0.9204948690898628,0.9154836267272384,-0.0050112423626246,D:\uwb thesis\RelatedData\DAVIS-data\DAVIS\SAM_results\mallard-fly\selected_by_sam\00006_sam_best.png,D:\uwb thesis\RelatedData\DAVIS-data\DAVIS\SAM_results\mallard-fly\selected_by_score_default_no_gt\00006_best.png,mallard-fly
7,default_no_gt,2,1,0.9184051472021836,0.910733160372826,-0.0076719868293576,D:\uwb thesis\RelatedData\DAVIS-data\DAVIS\SAM_results\mallard-fly\selected_by_sam\00007_sam_best.png,D:\uwb thesis\RelatedData\DAVIS-data\DAVIS\SAM_results\mallard-fly\selected_by_score_default_no_gt\00007_best.png,mallard-fly
8,default_no_gt,2,1,0.9262788365095286,0.9184281036022626,-0.007850732907266,D:\uwb thesis\RelatedData\DAVIS-data\DAVIS\SAM_results\mallard-fly\selected_by_sam\00008_sam_best.png,D:\uwb thesis\RelatedData\DAVIS-data\DAVIS\SAM_results\mallard-fly\selected_by_score_default_no_gt\00008_best.png,mallard-fly
9,default_no_gt,2,1,0.9231564794704726,0.9143674637236868,-0.0087890157467857,D:\uwb thesis\RelatedData\DAVIS-data\DAVIS\SAM_results\mallard-fly\selected_by_sam\00009_sam_best.png,D:\uwb thesis\RelatedData\DAVIS-data\DAVIS\SAM_results\mallard-fly\selected_by_score_default_no_gt\00009_best.png,mallard-fly
10,default_no_gt,2,1,0.9371502367628068,0.9326994979168892,-0.0044507388459175,D:\uwb thesis\RelatedData\DAVIS-data\DAVIS\SAM_results\mallard-fly\selected_by_sam\00010_sam_best.png,D:\uwb thesis\RelatedData\DAVIS-data\DAVIS\SAM_results\mallard-fly\selected_by_score_default_no_gt\00010_best.png,mallard-fly
11,default_no_gt,2,1,0.9212688270196258,0.9188271255519076,-0.0024417014677181,D:\uwb thesis\RelatedData\DAVIS-data\DAVIS\SAM_results\mallard-fly\selected_by_sam\00011_sam_best.png,D:\uwb thesis\RelatedData\DAVIS-data\DAVIS\SAM_results\mallard-fly\selected_by_score_default_no_gt\00011_best.png,mallard-fly
12,default_no_gt,2,2,0.9060090401488966,0.9060090401488966,0.0,D:\uwb thesis\RelatedData\DAVIS-data\DAVIS\SAM_results\mallard-fly\selected_by_sam\00012_sam_best.png,D:\uwb thesis\RelatedData\DAVIS-data\DAVIS\SAM_results\mallard-fly\selected_by_score_default_no_gt\00012_best.png,mallard-fly
13,default_no_gt,2,2,0.9053783325627984,0.9053783325627984,0.0,D:\uwb thesis\RelatedData\DAVIS-data\DAVIS\SAM_results\mallard-fly\selected_by_sam\00013_sam_best.png,D:\uwb thesis\RelatedData\DAVIS-data\DAVIS\SAM_results\mallard-fly\selected_by_score_default_no_gt\00013_best.png,mallard-fly
14,default_no_gt,2,2,0.913777455073516,0.913777455073516,0.0,D:\uwb thesis\RelatedData\DAVIS-data\DAVIS\SAM_results\mallard-fly\selected_by_sam\00014_sam_best.png,D:\uwb thesis\RelatedData\DAVIS-data\DAVIS\SAM_results\mallard-fly\selected_by_score_default_no_gt\00014_best.png,mallard-fly
15,default_no_gt,2,1,0.8729862642021367,0.8469622331691298,-0.0260240310330068,D:\uwb thesis\RelatedData\DAVIS-data\DAVIS\SAM_results\mallard-fly\selected_by_sam\00015_sam_best.png,D:\uwb thesis\RelatedData\DAVIS-data\DAVIS\SAM_results\mallard-fly\selected_by_score_default_no_gt\00015_best.png,mallard-fly
16,default_no_gt,2,1,0.9049766718507,0.8939044986949178,-0.011072173155782,D:\uwb thesis\RelatedData\DAVIS-data\DAVIS\SAM_results\mallard-fly\selected_by_sam\00016_sam_best.png,D:\uwb thesis\RelatedData\DAVIS-data\DAVIS\SAM_results\mallard-fly\selected_by_score_default_no_gt\00016_best.png,mallard-fly
17,default_no_gt,2,1,0.9224395544688944,0.9145850120870266,-0.0078545423818677,D:\uwb thesis\RelatedData\DAVIS-data\DAVIS\SAM_results\mallard-fly\selected_by_sam\00017_sam_best.png,D:\uwb thesis\RelatedData\DAVIS-data\DAVIS\SAM_results\mallard-fly\selected_by_score_default_no_gt\00017_best.png,mallard-fly
18,default_no_gt,2,1,0.922281100176634,0.9167292762334084,-0.0055518239432253,D:\uwb thesis\RelatedData\DAVIS-data\DAVIS\SAM_results\mallard-fly\selected_by_sam\00018_sam_best.png,D:\uwb thesis\RelatedData\DAVIS-data\DAVIS\SAM_results\mallard-fly\selected_by_score_default_no_gt\00018_best.png,mallard-fly
19,default_no_gt,2,1,0.9204986475361636,0.9150052465897168,-0.005493400946447,D:\uwb thesis\RelatedData\DAVIS-data\DAVIS\SAM_results\mallard-fly\selected_by_sam\00019_sam_best.png,D:\uwb thesis\RelatedData\DAVIS-data\DAVIS\SAM_results\mallard-fly\selected_by_score_default_no_gt\00019_best.png,mallard-fly
20,default_no_gt,2,1,0.9373743785041786,0.9332492378849996,-0.0041251406191791,D:\uwb thesis\RelatedData\DAVIS-data\DAVIS\SAM_results\mallard-fly\selected_by_sam\00020_sam_best.png,D:\uwb thesis\RelatedData\DAVIS-data\DAVIS\SAM_results\mallard-fly\selected_by_score_default_no_gt\00020_best.png,mallard-fly
21,default_no_gt,2,2,0.9274353876739564,0.9274353876739564,0.0,D:\uwb thesis\RelatedData\DAVIS-data\DAVIS\SAM_results\mallard-fly\selected_by_sam\00021_sam_best.png,D:\uwb thesis\RelatedData\DAVIS-data\DAVIS\SAM_results\mallard-fly\selected_by_score_default_no_gt\00021_best.png,mallard-fly
22,default_no_gt,2,2,0.9289200732153752,0.9289200732153752,0.0,D:\uwb thesis\RelatedData\DAVIS-data\DAVIS\SAM_results\mallard-fly\selected_by_sam\00022_sam_best.png,D:\uwb thesis\RelatedData\DAVIS-data\DAVIS\SAM_results\mallard-fly\selected_by_score_default_no_gt\00022_best.png,mallard-fly
23,default_no_gt,2,1,0.9400567031186716,0.9353604510672574,-0.0046962520514141,D:\uwb thesis\RelatedData\DAVIS-data\DAVIS\SAM_results\mallard-fly\selected_by_sam\00023_sam_best.png,D:\uwb thesis\RelatedData\DAVIS-data\DAVIS\SAM_results\mallard-fly\selected_by_score_default_no_gt\00023_best.png,mallard-fly
24,default_no_gt,2,1,0.9436150993629362,0.9397863692220436,-0.0038287301408925,D:\uwb thesis\RelatedData\DAVIS-data\DAVIS\SAM_results\mallard-fly\selected_by_sam\00024_sam_best.png,D:\uwb thesis\RelatedData\DAVIS-data\DAVIS\SAM_results\mallard-fly\selected_by_score_default_no_gt\00024_best.png,mallard-fly
25,default_no_gt,2,2,0.9447104102130855,0.9447104102130855,0.0,D:\uwb thesis\RelatedData\DAVIS-data\DAVIS\SAM_results\mallard-fly\selected_by_sam\00025_sam_best.png,D:\uwb thesis\RelatedData\DAVIS-data\DAVIS\SAM_results\mallard-fly\selected_by_score_default_no_gt\00025_best.png,mallard-fly
26,default_no_gt,2,1,0.9498980483542092,0.9454948871310052,-0.0044031612232039,D:\uwb thesis\RelatedData\DAVIS-data\DAVIS\SAM_results\mallard-fly\selected_by_sam\00026_sam_best.png,D:\uwb thesis\RelatedData\DAVIS-data\DAVIS\SAM_results\mallard-fly\selected_by_score_default_no_gt\00026_best.png,mallard-fly
27,default_no_gt,2,1,0.939374185136897,0.9349375289217956,-0.0044366562151014,D:\uwb thesis\RelatedData\DAVIS-data\DAVIS\SAM_results\mallard-fly\selected_by_sam\00027_sam_best.png,D:\uwb thesis\RelatedData\DAVIS-data\DAVIS\SAM_results\mallard-fly\selected_by_score_default_no_gt\00027_best.png,mallard-fly
28,default_no_gt,2,1,0.9312882262996942,0.9279689128992512,-0.003319313400443,D:\uwb thesis\RelatedData\DAVIS-data\DAVIS\SAM_results\mallard-fly\selected_by_sam\00028_sam_best.png,D:\uwb thesis\RelatedData\DAVIS-data\DAVIS\SAM_results\mallard-fly\selected_by_score_default_no_gt\00028_best.png,mallard-fly
29,default_no_gt,2,1,0.9348761007577308,0.9250303520841764,-0.0098457486735543,D:\uwb thesis\RelatedData\DAVIS-data\DAVIS\SAM_results\mallard-fly\selected_by_sam\00029_sam_best.png,D:\uwb thesis\RelatedData\DAVIS-data\DAVIS\SAM_results\mallard-fly\selected_by_score_default_no_gt\00029_best.png,mallard-fly
30,default_no_gt,2,1,0.9419030670993406,0.9337892446378614,-0.0081138224614791,D:\uwb thesis\RelatedData\DAVIS-data\DAVIS\SAM_results\mallard-fly\selected_by_sam\00030_sam_best.png,D:\uwb thesis\RelatedData\DAVIS-data\DAVIS\SAM_results\mallard-fly\selected_by_score_default_no_gt\00030_best.png,mallard-fly
31,default_no_gt,2,1,0.948479902060804,0.9413786133009904,-0.0071012887598134,D:\uwb thesis\RelatedData\DAVIS-data\DAVIS\SAM_results\mallard-fly\selected_by_sam\00031_sam_best.png,D:\uwb thesis\RelatedData\DAVIS-data\DAVIS\SAM_results\mallard-fly\selected_by_score_default_no_gt\00031_best.png,mallard-fly
32,default_no_gt,2,1,0.9362327079780178,0.9297800338409477,-0.0064526741370702,D:\uwb thesis\RelatedData\DAVIS-data\DAVIS\SAM_results\mallard-fly\selected_by_sam\00032_sam_best.png,D:\uwb thesis\RelatedData\DAVIS-data\DAVIS\SAM_results\mallard-fly\selected_by_score_default_no_gt\00032_best.png,mallard-fly
33,default_no_gt,2,2,0.9201442555383824,0.9201442555383824,0.0,D:\uwb thesis\RelatedData\DAVIS-data\DAVIS\SAM_results\mallard-fly\selected_by_sam\00033_sam_best.png,D:\uwb thesis\RelatedData\DAVIS-data\DAVIS\SAM_results\mallard-fly\selected_by_score_default_no_gt\00033_best.png,mallard-fly
34,default_no_gt,2,1,0.9314755968385888,0.9226300927793464,-0.0088455040592423,D:\uwb thesis\RelatedData\DAVIS-data\DAVIS\SAM_results\mallard-fly\selected_by_sam\00034_sam_best.png,D:\uwb thesis\RelatedData\DAVIS-data\DAVIS\SAM_results\mallard-fly\selected_by_score_default_no_gt\00034_best.png,mallard-fly
35,default_no_gt,1,1,0.9336534816125364,0.9336534816125364,0.0,D:\uwb thesis\RelatedData\DAVIS-data\DAVIS\SAM_results\mallard-fly\selected_by_sam\00035_sam_best.png,D:\uwb thesis\RelatedData\DAVIS-data\DAVIS\SAM_results\mallard-fly\selected_by_score_default_no_gt\00035_best.png,mallard-fly
36,default_no_gt,2,0,0.9203575133668502,0.4229418490689317,-0.4974156642979185,D:\uwb thesis\RelatedData\DAVIS-data\DAVIS\SAM_results\mallard-fly\selected_by_sam\00036_sam_best.png,D:\uwb thesis\RelatedData\DAVIS-data\DAVIS\SAM_results\mallard-fly\selected_by_score_default_no_gt\00036_best.png,mallard-fly
37,default_no_gt,2,6,0.6091799397331037,0.2003093993385255,-0.4088705403945781,D:\uwb thesis\RelatedData\DAVIS-data\DAVIS\SAM_results\mallard-fly\selected_by_sam\00037_sam_best.png,D:\uwb thesis\RelatedData\DAVIS-data\DAVIS\SAM_results\mallard-fly\selected_by_score_default_no_gt\00037_best.png,mallard-fly
38,default_no_gt,1,1,0.9345393662201896,0.9345393662201896,0.0,D:\uwb thesis\RelatedData\DAVIS-data\DAVIS\SAM_results\mallard-fly\selected_by_sam\00038_sam_best.png,D:\uwb thesis\RelatedData\DAVIS-data\DAVIS\SAM_results\mallard-fly\selected_by_score_default_no_gt\00038_best.png,mallard-fly
39,default_no_gt,2,1,0.810689147159928,0.8015502649687574,-0.0091388821911706,D:\uwb thesis\RelatedData\DAVIS-data\DAVIS\SAM_results\mallard-fly\selected_by_sam\00039_sam_best.png,D:\uwb thesis\RelatedData\DAVIS-data\DAVIS\SAM_results\mallard-fly\selected_by_score_default_no_gt\00039_best.png,mallard-fly
40,default_no_gt,2,1,0.902934615920814,0.8421715540627825,-0.0607630618580316,D:\uwb thesis\RelatedData\DAVIS-data\DAVIS\SAM_results\mallard-fly\selected_by_sam\00040_sam_best.png,D:\uwb thesis\RelatedData\DAVIS-data\DAVIS\SAM_results\mallard-fly\selected_by_score_default_no_gt\00040_best.png,mallard-fly
41,default_no_gt,2,1,0.5798175598631699,0.795696285387007,0.2158787255238371,D:\uwb thesis\RelatedData\DAVIS-data\DAVIS\SAM_results\mallard-fly\selected_by_sam\00041_sam_best.png,D:\uwb thesis\RelatedData\DAVIS-data\DAVIS\SAM_results\mallard-fly\selected_by_score_default_no_gt\00041_best.png,mallard-fly
42,default_no_gt,2,1,0.8321528144073543,0.8203274115401556,-0.0118254028671986,D:\uwb thesis\RelatedData\DAVIS-data\DAVIS\SAM_results\mallard-fly\selected_by_sam\00042_sam_best.png,D:\uwb thesis\RelatedData\DAVIS-data\DAVIS\SAM_results\mallard-fly\selected_by_score_default_no_gt\00042_best.png,mallard-fly
43,default_no_gt,2,1,0.8417723491103979,0.8608330544314966,0.0190607053210987,D:\uwb thesis\RelatedData\DAVIS-data\DAVIS\SAM_results\mallard-fly\selected_by_sam\00043_sam_best.png,D:\uwb thesis\RelatedData\DAVIS-data\DAVIS\SAM_results\mallard-fly\selected_by_score_default_no_gt\00043_best.png,mallard-fly
44,default_no_gt,0,2,0.3662102473498233,0.6759517988124345,0.3097415514626112,D:\uwb thesis\RelatedData\DAVIS-data\DAVIS\SAM_results\mallard-fly\selected_by_sam\00044_sam_best.png,D:\uwb thesis\RelatedData\DAVIS-data\DAVIS\SAM_results\mallard-fly\selected_by_score_default_no_gt\00044_best.png,mallard-fly
45,default_no_gt,2,1,0.9132869833912708,0.8905628596827774,-0.0227241237084934,D:\uwb thesis\RelatedData\DAVIS-data\DAVIS\SAM_results\mallard-fly\selected_by_sam\00045_sam_best.png,D:\uwb thesis\RelatedData\DAVIS-data\DAVIS\SAM_results\mallard-fly\selected_by_score_default_no_gt\00045_best.png,mallard-fly
46,default_no_gt,2,1,0.9055490654205608,0.8919369680239245,-0.0136120973966362,D:\uwb thesis\RelatedData\DAVIS-data\DAVIS\SAM_results\mallard-fly\selected_by_sam\00046_sam_best.png,D:\uwb thesis\RelatedData\DAVIS-data\DAVIS\SAM_results\mallard-fly\selected_by_score_default_no_gt\00046_best.png,mallard-fly
47,default_no_gt,2,2,0.9501180637544274,0.9501180637544274,0.0,D:\uwb thesis\RelatedData\DAVIS-data\DAVIS\SAM_results\mallard-fly\selected_by_sam\00047_sam_best.png,D:\uwb thesis\RelatedData\DAVIS-data\DAVIS\SAM_results\mallard-fly\selected_by_score_default_no_gt\00047_best.png,mallard-fly
48,default_no_gt,2,2,0.937768558304934,0.937768558304934,0.0,D:\uwb thesis\RelatedData\DAVIS-data\DAVIS\SAM_results\mallard-fly\selected_by_sam\00048_sam_best.png,D:\uwb thesis\RelatedData\DAVIS-data\DAVIS\SAM_results\mallard-fly\selected_by_score_default_no_gt\00048_best.png,mallard-fly
49,default_no_gt,2,1,0.8121701443500752,0.8055863598558358,-0.0065837844942393,D:\uwb thesis\RelatedData\DAVIS-data\DAVIS\SAM_results\mallard-fly\selected_by_sam\00049_sam_best.png,D:\uwb thesis\RelatedData\DAVIS-data\DAVIS\SAM_results\mallard-fly\selected_by_score_default_no_gt\00049_best.png,mallard-fly
50,default_no_gt,2,2,0.9722671959053638,0.9722671959053638,0.0,D:\uwb thesis\RelatedData\DAVIS-data\DAVIS\SAM_results\mallard-fly\selected_by_sam\00050_sam_best.png,D:\uwb thesis\RelatedData\DAVIS-data\DAVIS\SAM_results\mallard-fly\selected_by_score_default_no_gt\00050_best.png,mallard-fly
51,default_no_gt,2,1,0.8817378906095291,0.8732333879909424,-0.0085045026185867,D:\uwb thesis\RelatedData\DAVIS-data\DAVIS\SAM_results\mallard-fly\selected_by_sam\00051_sam_best.png,D:\uwb thesis\RelatedData\DAVIS-data\DAVIS\SAM_results\mallard-fly\selected_by_score_default_no_gt\00051_best.png,mallard-fly
52,default_no_gt,2,2,0.721260894458935,0.721260894458935,0.0,D:\uwb thesis\RelatedData\DAVIS-data\DAVIS\SAM_results\mallard-fly\selected_by_sam\00052_sam_best.png,D:\uwb thesis\RelatedData\DAVIS-data\DAVIS\SAM_results\mallard-fly\selected_by_score_default_no_gt\00052_best.png,mallard-fly
53,default_no_gt,2,1,0.9140471931169606,0.9153749476330122,0.0013277545160516,D:\uwb thesis\RelatedData\DAVIS-data\DAVIS\SAM_results\mallard-fly\selected_by_sam\00053_sam_best.png,D:\uwb thesis\RelatedData\DAVIS-data\DAVIS\SAM_results\mallard-fly\selected_by_score_default_no_gt\00053_best.png,mallard-fly
54,default_no_gt,2,1,0.8251616850201013,0.8276145914565463,0.0024529064364449,D:\uwb thesis\RelatedData\DAVIS-data\DAVIS\SAM_results\mallard-fly\selected_by_sam\00054_sam_best.png,D:\uwb thesis\RelatedData\DAVIS-data\DAVIS\SAM_results\mallard-fly\selected_by_score_default_no_gt\00054_best.png,mallard-fly
55,default_no_gt,2,0,0.8361249434133092,0.4134720987396056,-0.4226528446737035,D:\uwb thesis\RelatedData\DAVIS-data\DAVIS\SAM_results\mallard-fly\selected_by_sam\00055_sam_best.png,D:\uwb thesis\RelatedData\DAVIS-data\DAVIS\SAM_results\mallard-fly\selected_by_score_default_no_gt\00055_best.png,mallard-fly
56,default_no_gt,2,1,0.9335815517655536,0.9146327221768072,-0.0189488295887464,D:\uwb thesis\RelatedData\DAVIS-data\DAVIS\SAM_results\mallard-fly\selected_by_sam\00056_sam_best.png,D:\uwb thesis\RelatedData\DAVIS-data\DAVIS\SAM_results\mallard-fly\selected_by_score_default_no_gt\00056_best.png,mallard-fly
57,default_no_gt,2,1,0.931139549055454,0.9204841511072516,-0.0106553979482025,D:\uwb thesis\RelatedData\DAVIS-data\DAVIS\SAM_results\mallard-fly\selected_by_sam\00057_sam_best.png,D:\uwb thesis\RelatedData\DAVIS-data\DAVIS\SAM_results\mallard-fly\selected_by_score_default_no_gt\00057_best.png,mallard-fly
58,default_no_gt,11,4,0.845029592946008,0.7423141118828407,-0.1027154810631673,D:\uwb thesis\RelatedData\DAVIS-data\DAVIS\SAM_results\mallard-fly\selected_by_sam\00058_sam_best.png,D:\uwb thesis\RelatedData\DAVIS-data\DAVIS\SAM_results\mallard-fly\selected_by_score_default_no_gt\00058_best.png,mallard-fly
59,default_no_gt,2,1,0.8655079996751401,0.8492144141327288,-0.0162935855424113,D:\uwb thesis\RelatedData\DAVIS-data\DAVIS\SAM_results\mallard-fly\selected_by_sam\00059_sam_best.png,D:\uwb thesis\RelatedData\DAVIS-data\DAVIS\SAM_results\mallard-fly\selected_by_score_default_no_gt\00059_best.png,mallard-fly
60,default_no_gt,2,4,0.8678999478895258,0.8352572559366754,-0.0326426919528504,D:\uwb thesis\RelatedData\DAVIS-data\DAVIS\SAM_results\mallard-fly\selected_by_sam\00060_sam_best.png,D:\uwb thesis\RelatedData\DAVIS-data\DAVIS\SAM_results\mallard-fly\selected_by_score_default_no_gt\00060_best.png,mallard-fly
61,default_no_gt,2,1,0.8249739130434782,0.8189137554585153,-0.0060601575849629,D:\uwb thesis\RelatedData\DAVIS-data\DAVIS\SAM_results\mallard-fly\selected_by_sam\00061_sam_best.png,D:\uwb thesis\RelatedData\DAVIS-data\DAVIS\SAM_results\mallard-fly\selected_by_score_default_no_gt\00061_best.png,mallard-fly
62,default_no_gt,2,1,0.7861071347849017,0.7645556690500511,-0.0215514657348505,D:\uwb thesis\RelatedData\DAVIS-data\DAVIS\SAM_results\mallard-fly\selected_by_sam\00062_sam_best.png,D:\uwb thesis\RelatedData\DAVIS-data\DAVIS\SAM_results\mallard-fly\selected_by_score_default_no_gt\00062_best.png,mallard-fly
63,default_no_gt,2,1,0.9168810607559864,0.8926899187768753,-0.0241911419791112,D:\uwb thesis\RelatedData\DAVIS-data\DAVIS\SAM_results\mallard-fly\selected_by_sam\00063_sam_best.png,D:\uwb thesis\RelatedData\DAVIS-data\DAVIS\SAM_results\mallard-fly\selected_by_score_default_no_gt\00063_best.png,mallard-fly
64,default_no_gt,2,1,0.8874166993335947,0.9124059573161368,0.0249892579825422,D:\uwb thesis\RelatedData\DAVIS-data\DAVIS\SAM_results\mallard-fly\selected_by_sam\00064_sam_best.png,D:\uwb thesis\RelatedData\DAVIS-data\DAVIS\SAM_results\mallard-fly\selected_by_score_default_no_gt\00064_best.png,mallard-fly
65,default_no_gt,2,1,0.8087013198631253,0.7804364770070148,-0.0282648428561105,D:\uwb thesis\RelatedData\DAVIS-data\DAVIS\SAM_results\mallard-fly\selected_by_sam\00065_sam_best.png,D:\uwb thesis\RelatedData\DAVIS-data\DAVIS\SAM_results\mallard-fly\selected_by_score_default_no_gt\00065_best.png,mallard-fly
66,default_no_gt,2,1,0.9301518844927807,0.912362211897604,-0.0177896725951766,D:\uwb thesis\RelatedData\DAVIS-data\DAVIS\SAM_results\mallard-fly\selected_by_sam\00066_sam_best.png,D:\uwb thesis\RelatedData\DAVIS-data\DAVIS\SAM_results\mallard-fly\selected_by_score_default_no_gt\00066_best.png,mallard-fly
67,default_no_gt,2,2,0.8916048704568342,0.8916048704568342,0.0,D:\uwb thesis\RelatedData\DAVIS-data\DAVIS\SAM_results\mallard-fly\selected_by_sam\00067_sam_best.png,D:\uwb thesis\RelatedData\DAVIS-data\DAVIS\SAM_results\mallard-fly\selected_by_score_default_no_gt\00067_best.png,mallard-fly
68,default_no_gt,2,2,0.8450985283112996,0.8450985283112996,0.0,D:\uwb thesis\RelatedData\DAVIS-data\DAVIS\SAM_results\mallard-fly\selected_by_sam\00068_sam_best.png,D:\uwb thesis\RelatedData\DAVIS-data\DAVIS\SAM_results\mallard-fly\selected_by_score_default_no_gt\00068_best.png,mallard-fly
69,default_no_gt,5,1,0.0,0.6974461597103107,0.6974461597103107,D:\uwb thesis\RelatedData\DAVIS-data\DAVIS\SAM_results\mallard-fly\selected_by_sam\00069_sam_best.png,D:\uwb thesis\RelatedData\DAVIS-data\DAVIS\SAM_results\mallard-fly\selected_by_score_default_no_gt\00069_best.png,mallard-fly
0,default_no_gt,1,4,0.0,0.9577980841389662,0.9577980841389662,D:\uwb thesis\RelatedData\DAVIS-data\DAVIS\SAM_results\mallard-water\selected_by_sam\00000_sam_best.png,D:\uwb thesis\RelatedData\DAVIS-data\DAVIS\SAM_results\mallard-water\selected_by_score_default_no_gt\00000_best.png,mallard-water
1,default_no_gt,1,4,0.0,0.9529918246651592,0.9529918246651592,D:\uwb thesis\RelatedData\DAVIS-data\DAVIS\SAM_results\mallard-water\selected_by_sam\00001_sam_best.png,D:\uwb thesis\RelatedData\DAVIS-data\DAVIS\SAM_results\mallard-water\selected_by_score_default_no_gt\00001_best.png,mallard-water
2,default_no_gt,1,4,0.0,0.9536532641591008,0.9536532641591008,D:\uwb thesis\RelatedData\DAVIS-data\DAVIS\SAM_results\mallard-water\selected_by_sam\00002_sam_best.png,D:\uwb thesis\RelatedData\DAVIS-data\DAVIS\SAM_results\mallard-water\selected_by_score_default_no_gt\00002_best.png,mallard-water
3,default_no_gt,1,4,0.0,0.9450587126082112,0.9450587126082112,D:\uwb thesis\RelatedData\DAVIS-data\DAVIS\SAM_results\mallard-water\selected_by_sam\00003_sam_best.png,D:\uwb thesis\RelatedData\DAVIS-data\DAVIS\SAM_results\mallard-water\selected_by_score_default_no_gt\00003_best.png,mallard-water
4,default_no_gt,1,4,0.0,0.947871378761138,0.947871378761138,D:\uwb thesis\RelatedData\DAVIS-data\DAVIS\SAM_results\mallard-water\selected_by_sam\00004_sam_best.png,D:\uwb thesis\RelatedData\DAVIS-data\DAVIS\SAM_results\mallard-water\selected_by_score_default_no_gt\00004_best.png,mallard-water
5,default_no_gt,1,5,0.0,0.9625517091225778,0.9625517091225778,D:\uwb thesis\RelatedData\DAVIS-data\DAVIS\SAM_results\mallard-water\selected_by_sam\00005_sam_best.png,D:\uwb thesis\RelatedData\DAVIS-data\DAVIS\SAM_results\mallard-water\selected_by_score_default_no_gt\00005_best.png,mallard-water
6,default_no_gt,1,4,0.0,0.9525101179712392,0.9525101179712392,D:\uwb thesis\RelatedData\DAVIS-data\DAVIS\SAM_results\mallard-water\selected_by_sam\00006_sam_best.png,D:\uwb thesis\RelatedData\DAVIS-data\DAVIS\SAM_results\mallard-water\selected_by_score_default_no_gt\00006_best.png,mallard-water
7,default_no_gt,1,4,0.0,0.9504516129032258,0.9504516129032258,D:\uwb thesis\RelatedData\DAVIS-data\DAVIS\SAM_results\mallard-water\selected_by_sam\00007_sam_best.png,D:\uwb thesis\RelatedData\DAVIS-data\DAVIS\SAM_results\mallard-water\selected_by_score_default_no_gt\00007_best.png,mallard-water
8,default_no_gt,1,4,0.0,0.9560415670246531,0.9560415670246531,D:\uwb thesis\RelatedData\DAVIS-data\DAVIS\SAM_results\mallard-water\selected_by_sam\00008_sam_best.png,D:\uwb thesis\RelatedData\DAVIS-data\DAVIS\SAM_results\mallard-water\selected_by_score_default_no_gt\00008_best.png,mallard-water
9,default_no_gt,1,4,0.0,0.9640221402214022,0.9640221402214022,D:\uwb thesis\RelatedData\DAVIS-data\DAVIS\SAM_results\mallard-water\selected_by_sam\00009_sam_best.png,D:\uwb thesis\RelatedData\DAVIS-data\DAVIS\SAM_results\mallard-water\selected_by_score_default_no_gt\00009_best.png,mallard-water
10,default_no_gt,1,4,0.0,0.963396326386436,0.963396326386436,D:\uwb thesis\RelatedData\DAVIS-data\DAVIS\SAM_results\mallard-water\selected_by_sam\00010_sam_best.png,D:\uwb thesis\RelatedData\DAVIS-data\DAVIS\SAM_results\mallard-water\selected_by_score_default_no_gt\00010_best.png,mallard-water
11,default_no_gt,1,4,0.0,0.9624481510899304,0.9624481510899304,D:\uwb thesis\RelatedData\DAVIS-data\DAVIS\SAM_results\mallard-water\selected_by_sam\00011_sam_best.png,D:\uwb thesis\RelatedData\DAVIS-data\DAVIS\SAM_results\mallard-water\selected_by_score_default_no_gt\00011_best.png,mallard-water
12,default_no_gt,1,4,0.0,0.9597410658863172,0.9597410658863172,D:\uwb thesis\RelatedData\DAVIS-data\DAVIS\SAM_results\mallard-water\selected_by_sam\00012_sam_best.png,D:\uwb thesis\RelatedData\DAVIS-data\DAVIS\SAM_results\mallard-water\selected_by_score_default_no_gt\00012_best.png,mallard-water
13,default_no_gt,1,4,2.47242626606768e-06,0.9556240782946775,0.9556216058684116,D:\uwb thesis\RelatedData\DAVIS-data\DAVIS\SAM_results\mallard-water\selected_by_sam\00013_sam_best.png,D:\uwb thesis\RelatedData\DAVIS-data\DAVIS\SAM_results\mallard-water\selected_by_score_default_no_gt\00013_best.png,mallard-water
14,default_no_gt,1,5,0.0,0.9641508575588008,0.9641508575588008,D:\uwb thesis\RelatedData\DAVIS-data\DAVIS\SAM_results\mallard-water\selected_by_sam\00014_sam_best.png,D:\uwb thesis\RelatedData\DAVIS-data\DAVIS\SAM_results\mallard-water\selected_by_score_default_no_gt\00014_best.png,mallard-water
15,default_no_gt,1,4,2.4731600307661108e-06,0.9534061551013008,0.95340368194127,D:\uwb thesis\RelatedData\DAVIS-data\DAVIS\SAM_results\mallard-water\selected_by_sam\00015_sam_best.png,D:\uwb thesis\RelatedData\DAVIS-data\DAVIS\SAM_results\mallard-water\selected_by_score_default_no_gt\00015_best.png,mallard-water
16,default_no_gt,1,4,0.0,0.9496895254498482,0.9496895254498482,D:\uwb thesis\RelatedData\DAVIS-data\DAVIS\SAM_results\mallard-water\selected_by_sam\00016_sam_best.png,D:\uwb thesis\RelatedData\DAVIS-data\DAVIS\SAM_results\mallard-water\selected_by_score_default_no_gt\00016_best.png,mallard-water
17,default_no_gt,1,4,0.0,0.9432034005607308,0.9432034005607308,D:\uwb thesis\RelatedData\DAVIS-data\DAVIS\SAM_results\mallard-water\selected_by_sam\00017_sam_best.png,D:\uwb thesis\RelatedData\DAVIS-data\DAVIS\SAM_results\mallard-water\selected_by_score_default_no_gt\00017_best.png,mallard-water
18,default_no_gt,1,4,0.0,0.948451738677064,0.948451738677064,D:\uwb thesis\RelatedData\DAVIS-data\DAVIS\SAM_results\mallard-water\selected_by_sam\00018_sam_best.png,D:\uwb thesis\RelatedData\DAVIS-data\DAVIS\SAM_results\mallard-water\selected_by_score_default_no_gt\00018_best.png,mallard-water
19,default_no_gt,1,4,0.0,0.9452574525745258,0.9452574525745258,D:\uwb thesis\RelatedData\DAVIS-data\DAVIS\SAM_results\mallard-water\selected_by_sam\00019_sam_best.png,D:\uwb thesis\RelatedData\DAVIS-data\DAVIS\SAM_results\mallard-water\selected_by_score_default_no_gt\00019_best.png,mallard-water
20,default_no_gt,1,4,0.0,0.937098440939929,0.937098440939929,D:\uwb thesis\RelatedData\DAVIS-data\DAVIS\SAM_results\mallard-water\selected_by_sam\00020_sam_best.png,D:\uwb thesis\RelatedData\DAVIS-data\DAVIS\SAM_results\mallard-water\selected_by_score_default_no_gt\00020_best.png,mallard-water
21,default_no_gt,1,4,2.2248425923865887e-05,0.9357914812460268,0.9357692328201028,D:\uwb thesis\RelatedData\DAVIS-data\DAVIS\SAM_results\mallard-water\selected_by_sam\00021_sam_best.png,D:\uwb thesis\RelatedData\DAVIS-data\DAVIS\SAM_results\mallard-water\selected_by_score_default_no_gt\00021_best.png,mallard-water
22,default_no_gt,1,4,0.0,0.9449162267615332,0.9449162267615332,D:\uwb thesis\RelatedData\DAVIS-data\DAVIS\SAM_results\mallard-water\selected_by_sam\00022_sam_best.png,D:\uwb thesis\RelatedData\DAVIS-data\DAVIS\SAM_results\mallard-water\selected_by_score_default_no_gt\00022_best.png,mallard-water
23,default_no_gt,1,4,0.0,0.9426939377188134,0.9426939377188134,D:\uwb thesis\RelatedData\DAVIS-data\DAVIS\SAM_results\mallard-water\selected_by_sam\00023_sam_best.png,D:\uwb thesis\RelatedData\DAVIS-data\DAVIS\SAM_results\mallard-water\selected_by_score_default_no_gt\00023_best.png,mallard-water
24,default_no_gt,1,4,0.0,0.949160447761194,0.949160447761194,D:\uwb thesis\RelatedData\DAVIS-data\DAVIS\SAM_results\mallard-water\selected_by_sam\00024_sam_best.png,D:\uwb thesis\RelatedData\DAVIS-data\DAVIS\SAM_results\mallard-water\selected_by_score_default_no_gt\00024_best.png,mallard-water
25,default_no_gt,1,5,4.939491232403063e-06,0.95572267920094,0.9557177397097076,D:\uwb thesis\RelatedData\DAVIS-data\DAVIS\SAM_results\mallard-water\selected_by_sam\00025_sam_best.png,D:\uwb thesis\RelatedData\DAVIS-data\DAVIS\SAM_results\mallard-water\selected_by_score_default_no_gt\00025_best.png,mallard-water
26,default_no_gt,1,4,0.0,0.9475740034825167,0.9475740034825167,D:\uwb thesis\RelatedData\DAVIS-data\DAVIS\SAM_results\mallard-water\selected_by_sam\00026_sam_best.png,D:\uwb thesis\RelatedData\DAVIS-data\DAVIS\SAM_results\mallard-water\selected_by_score_default_no_gt\00026_best.png,mallard-water
27,default_no_gt,1,4,0.0,0.9505369191295258,0.9505369191295258,D:\uwb thesis\RelatedData\DAVIS-data\DAVIS\SAM_results\mallard-water\selected_by_sam\00027_sam_best.png,D:\uwb thesis\RelatedData\DAVIS-data\DAVIS\SAM_results\mallard-water\selected_by_score_default_no_gt\00027_best.png,mallard-water
28,default_no_gt,1,4,0.0,0.9507287933094384,0.9507287933094384,D:\uwb thesis\RelatedData\DAVIS-data\DAVIS\SAM_results\mallard-water\selected_by_sam\00028_sam_best.png,D:\uwb thesis\RelatedData\DAVIS-data\DAVIS\SAM_results\mallard-water\selected_by_score_default_no_gt\00028_best.png,mallard-water
29,default_no_gt,1,4,4.936540768421936e-06,0.9437446321213856,0.9437396955806172,D:\uwb thesis\RelatedData\DAVIS-data\DAVIS\SAM_results\mallard-water\selected_by_sam\00029_sam_best.png,D:\uwb thesis\RelatedData\DAVIS-data\DAVIS\SAM_results\mallard-water\selected_by_score_default_no_gt\00029_best.png,mallard-water
30,default_no_gt,1,4,0.0,0.9496500120685494,0.9496500120685494,D:\uwb thesis\RelatedData\DAVIS-data\DAVIS\SAM_results\mallard-water\selected_by_sam\00030_sam_best.png,D:\uwb thesis\RelatedData\DAVIS-data\DAVIS\SAM_results\mallard-water\selected_by_score_default_no_gt\00030_best.png,mallard-water
31,default_no_gt,1,4,0.0,0.947762636512999,0.947762636512999,D:\uwb thesis\RelatedData\DAVIS-data\DAVIS\SAM_results\mallard-water\selected_by_sam\00031_sam_best.png,D:\uwb thesis\RelatedData\DAVIS-data\DAVIS\SAM_results\mallard-water\selected_by_score_default_no_gt\00031_best.png,mallard-water
32,default_no_gt,1,4,0.0,0.9499633878447644,0.9499633878447644,D:\uwb thesis\RelatedData\DAVIS-data\DAVIS\SAM_results\mallard-water\selected_by_sam\00032_sam_best.png,D:\uwb thesis\RelatedData\DAVIS-data\DAVIS\SAM_results\mallard-water\selected_by_score_default_no_gt\00032_best.png,mallard-water
33,default_no_gt,1,5,2.4664501123468027e-06,0.9497247886770198,0.9497223222269074,D:\uwb thesis\RelatedData\DAVIS-data\DAVIS\SAM_results\mallard-water\selected_by_sam\00033_sam_best.png,D:\uwb thesis\RelatedData\DAVIS-data\DAVIS\SAM_results\mallard-water\selected_by_score_default_no_gt\00033_best.png,mallard-water
34,default_no_gt,1,4,2.467314254414642e-06,0.9442093487037309,0.9442068813894764,D:\uwb thesis\RelatedData\DAVIS-data\DAVIS\SAM_results\mallard-water\selected_by_sam\00034_sam_best.png,D:\uwb thesis\RelatedData\DAVIS-data\DAVIS\SAM_results\mallard-water\selected_by_score_default_no_gt\00034_best.png,mallard-water
35,default_no_gt,1,4,0.0,0.9454322801861376,0.9454322801861376,D:\uwb thesis\RelatedData\DAVIS-data\DAVIS\SAM_results\mallard-water\selected_by_sam\00035_sam_best.png,D:\uwb thesis\RelatedData\DAVIS-data\DAVIS\SAM_results\mallard-water\selected_by_score_default_no_gt\00035_best.png,mallard-water
36,default_no_gt,1,4,0.0,0.9474358974358974,0.9474358974358974,D:\uwb thesis\RelatedData\DAVIS-data\DAVIS\SAM_results\mallard-water\selected_by_sam\00036_sam_best.png,D:\uwb thesis\RelatedData\DAVIS-data\DAVIS\SAM_results\mallard-water\selected_by_score_default_no_gt\00036_best.png,mallard-water
37,default_no_gt,1,4,0.0,0.948326128480949,0.948326128480949,D:\uwb thesis\RelatedData\DAVIS-data\DAVIS\SAM_results\mallard-water\selected_by_sam\00037_sam_best.png,D:\uwb thesis\RelatedData\DAVIS-data\DAVIS\SAM_results\mallard-water\selected_by_score_default_no_gt\00037_best.png,mallard-water
38,default_no_gt,1,4,0.0,0.9462669969165444,0.9462669969165444,D:\uwb thesis\RelatedData\DAVIS-data\DAVIS\SAM_results\mallard-water\selected_by_sam\00038_sam_best.png,D:\uwb thesis\RelatedData\DAVIS-data\DAVIS\SAM_results\mallard-water\selected_by_score_default_no_gt\00038_best.png,mallard-water
39,default_no_gt,1,4,0.0,0.9470275739944346,0.9470275739944346,D:\uwb thesis\RelatedData\DAVIS-data\DAVIS\SAM_results\mallard-water\selected_by_sam\00039_sam_best.png,D:\uwb thesis\RelatedData\DAVIS-data\DAVIS\SAM_results\mallard-water\selected_by_score_default_no_gt\00039_best.png,mallard-water
40,default_no_gt,1,4,0.0,0.9449310998411966,0.9449310998411966,D:\uwb thesis\RelatedData\DAVIS-data\DAVIS\SAM_results\mallard-water\selected_by_sam\00040_sam_best.png,D:\uwb thesis\RelatedData\DAVIS-data\DAVIS\SAM_results\mallard-water\selected_by_score_default_no_gt\00040_best.png,mallard-water
41,default_no_gt,1,4,0.0,0.9394704306614464,0.9394704306614464,D:\uwb thesis\RelatedData\DAVIS-data\DAVIS\SAM_results\mallard-water\selected_by_sam\00041_sam_best.png,D:\uwb thesis\RelatedData\DAVIS-data\DAVIS\SAM_results\mallard-water\selected_by_score_default_no_gt\00041_best.png,mallard-water
42,default_no_gt,1,4,0.0,0.9430327015205164,0.9430327015205164,D:\uwb thesis\RelatedData\DAVIS-data\DAVIS\SAM_results\mallard-water\selected_by_sam\00042_sam_best.png,D:\uwb thesis\RelatedData\DAVIS-data\DAVIS\SAM_results\mallard-water\selected_by_score_default_no_gt\00042_best.png,mallard-water
43,default_no_gt,1,4,0.0,0.9464951430821738,0.9464951430821738,D:\uwb thesis\RelatedData\DAVIS-data\DAVIS\SAM_results\mallard-water\selected_by_sam\00043_sam_best.png,D:\uwb thesis\RelatedData\DAVIS-data\DAVIS\SAM_results\mallard-water\selected_by_score_default_no_gt\00043_best.png,mallard-water
44,default_no_gt,1,4,0.0,0.9483813139301908,0.9483813139301908,D:\uwb thesis\RelatedData\DAVIS-data\DAVIS\SAM_results\mallard-water\selected_by_sam\00044_sam_best.png,D:\uwb thesis\RelatedData\DAVIS-data\DAVIS\SAM_results\mallard-water\selected_by_score_default_no_gt\00044_best.png,mallard-water
45,default_no_gt,1,4,0.0,0.9501157651020836,0.9501157651020836,D:\uwb thesis\RelatedData\DAVIS-data\DAVIS\SAM_results\mallard-water\selected_by_sam\00045_sam_best.png,D:\uwb thesis\RelatedData\DAVIS-data\DAVIS\SAM_results\mallard-water\selected_by_score_default_no_gt\00045_best.png,mallard-water
46,default_no_gt,1,4,4.928390486235006e-06,0.9422085697922632,0.9422036414017768,D:\uwb thesis\RelatedData\DAVIS-data\DAVIS\SAM_results\mallard-water\selected_by_sam\00046_sam_best.png,D:\uwb thesis\RelatedData\DAVIS-data\DAVIS\SAM_results\mallard-water\selected_by_score_default_no_gt\00046_best.png,mallard-water
47,default_no_gt,1,4,4.925053005882976e-06,0.9492306081859102,0.9492256831329045,D:\uwb thesis\RelatedData\DAVIS-data\DAVIS\SAM_results\mallard-water\selected_by_sam\00047_sam_best.png,D:\uwb thesis\RelatedData\DAVIS-data\DAVIS\SAM_results\mallard-water\selected_by_score_default_no_gt\00047_best.png,mallard-water
48,default_no_gt,1,4,7.392075694855115e-06,0.9530112857293536,0.9530038936536586,D:\uwb thesis\RelatedData\DAVIS-data\DAVIS\SAM_results\mallard-water\selected_by_sam\00048_sam_best.png,D:\uwb thesis\RelatedData\DAVIS-data\DAVIS\SAM_results\mallard-water\selected_by_score_default_no_gt\00048_best.png,mallard-water
49,default_no_gt,1,4,0.0,0.9487667036391486,0.9487667036391486,D:\uwb thesis\RelatedData\DAVIS-data\DAVIS\SAM_results\mallard-water\selected_by_sam\00049_sam_best.png,D:\uwb thesis\RelatedData\DAVIS-data\DAVIS\SAM_results\mallard-water\selected_by_score_default_no_gt\00049_best.png,mallard-water
50,default_no_gt,1,4,0.0,0.9470750610468204,0.9470750610468204,D:\uwb thesis\RelatedData\DAVIS-data\DAVIS\SAM_results\mallard-water\selected_by_sam\00050_sam_best.png,D:\uwb thesis\RelatedData\DAVIS-data\DAVIS\SAM_results\mallard-water\selected_by_score_default_no_gt\00050_best.png,mallard-water
51,default_no_gt,1,4,9.860522903529574e-06,0.947056286392064,0.9470464258691604,D:\uwb thesis\RelatedData\DAVIS-data\DAVIS\SAM_results\mallard-water\selected_by_sam\00051_sam_best.png,D:\uwb thesis\RelatedData\DAVIS-data\DAVIS\SAM_results\mallard-water\selected_by_score_default_no_gt\00051_best.png,mallard-water
52,default_no_gt,1,4,2.46174449061583e-06,0.9536580015355928,0.9536555397911024,D:\uwb thesis\RelatedData\DAVIS-data\DAVIS\SAM_results\mallard-water\selected_by_sam\00052_sam_best.png,D:\uwb thesis\RelatedData\DAVIS-data\DAVIS\SAM_results\mallard-water\selected_by_score_default_no_gt\00052_best.png,mallard-water
53,default_no_gt,1,4,2.4607025798005848e-06,0.9465009308947542,0.9464984701921744,D:\uwb thesis\RelatedData\DAVIS-data\DAVIS\SAM_results\mallard-water\selected_by_sam\00053_sam_best.png,D:\uwb thesis\RelatedData\DAVIS-data\DAVIS\SAM_results\mallard-water\selected_by_score_default_no_gt\00053_best.png,mallard-water
54,default_no_gt,1,4,2.463576028419813e-06,0.945097823697516,0.9450953601214876,D:\uwb thesis\RelatedData\DAVIS-data\DAVIS\SAM_results\mallard-water\selected_by_sam\00054_sam_best.png,D:\uwb thesis\RelatedData\DAVIS-data\DAVIS\SAM_results\mallard-water\selected_by_score_default_no_gt\00054_best.png,mallard-water
55,default_no_gt,1,4,0.0,0.9424929020764906,0.9424929020764906,D:\uwb thesis\RelatedData\DAVIS-data\DAVIS\SAM_results\mallard-water\selected_by_sam\00055_sam_best.png,D:\uwb thesis\RelatedData\DAVIS-data\DAVIS\SAM_results\mallard-water\selected_by_score_default_no_gt\00055_best.png,mallard-water
56,default_no_gt,1,4,0.0,0.9410500113147772,0.9410500113147772,D:\uwb thesis\RelatedData\DAVIS-data\DAVIS\SAM_results\mallard-water\selected_by_sam\00056_sam_best.png,D:\uwb thesis\RelatedData\DAVIS-data\DAVIS\SAM_results\mallard-water\selected_by_score_default_no_gt\00056_best.png,mallard-water
57,default_no_gt,1,4,0.0,0.9485032074126872,0.9485032074126872,D:\uwb thesis\RelatedData\DAVIS-data\DAVIS\SAM_results\mallard-water\selected_by_sam\00057_sam_best.png,D:\uwb thesis\RelatedData\DAVIS-data\DAVIS\SAM_results\mallard-water\selected_by_score_default_no_gt\00057_best.png,mallard-water
58,default_no_gt,1,4,0.0,0.9447330273012804,0.9447330273012804,D:\uwb thesis\RelatedData\DAVIS-data\DAVIS\SAM_results\mallard-water\selected_by_sam\00058_sam_best.png,D:\uwb thesis\RelatedData\DAVIS-data\DAVIS\SAM_results\mallard-water\selected_by_score_default_no_gt\00058_best.png,mallard-water
59,default_no_gt,1,4,2.4594256257393647e-06,0.941025641025641,0.9410231816000152,D:\uwb thesis\RelatedData\DAVIS-data\DAVIS\SAM_results\mallard-water\selected_by_sam\00059_sam_best.png,D:\uwb thesis\RelatedData\DAVIS-data\DAVIS\SAM_results\mallard-water\selected_by_score_default_no_gt\00059_best.png,mallard-water
60,default_no_gt,1,4,7.384924415298609e-06,0.9415392205229404,0.9415318355985248,D:\uwb thesis\RelatedData\DAVIS-data\DAVIS\SAM_results\mallard-water\selected_by_sam\00060_sam_best.png,D:\uwb thesis\RelatedData\DAVIS-data\DAVIS\SAM_results\mallard-water\selected_by_score_default_no_gt\00060_best.png,mallard-water
61,default_no_gt,1,4,0.0,0.9546319796954316,0.9546319796954316,D:\uwb thesis\RelatedData\DAVIS-data\DAVIS\SAM_results\mallard-water\selected_by_sam\00061_sam_best.png,D:\uwb thesis\RelatedData\DAVIS-data\DAVIS\SAM_results\mallard-water\selected_by_score_default_no_gt\00061_best.png,mallard-water
62,default_no_gt,1,4,0.0,0.9510480490164464,0.9510480490164464,D:\uwb thesis\RelatedData\DAVIS-data\DAVIS\SAM_results\mallard-water\selected_by_sam\00062_sam_best.png,D:\uwb thesis\RelatedData\DAVIS-data\DAVIS\SAM_results\mallard-water\selected_by_score_default_no_gt\00062_best.png,mallard-water
63,default_no_gt,1,4,0.0,0.9437470943747094,0.9437470943747094,D:\uwb thesis\RelatedData\DAVIS-data\DAVIS\SAM_results\mallard-water\selected_by_sam\00063_sam_best.png,D:\uwb thesis\RelatedData\DAVIS-data\DAVIS\SAM_results\mallard-water\selected_by_score_default_no_gt\00063_best.png,mallard-water
64,default_no_gt,1,4,0.0,0.9282939131620204,0.9282939131620204,D:\uwb thesis\RelatedData\DAVIS-data\DAVIS\SAM_results\mallard-water\selected_by_sam\00064_sam_best.png,D:\uwb thesis\RelatedData\DAVIS-data\DAVIS\SAM_results\mallard-water\selected_by_score_default_no_gt\00064_best.png,mallard-water
65,default_no_gt,1,5,0.0,0.9420573827851644,0.9420573827851644,D:\uwb thesis\RelatedData\DAVIS-data\DAVIS\SAM_results\mallard-water\selected_by_sam\00065_sam_best.png,D:\uwb thesis\RelatedData\DAVIS-data\DAVIS\SAM_results\mallard-water\selected_by_score_default_no_gt\00065_best.png,mallard-water
66,default_no_gt,1,4,0.0,0.9335876302704176,0.9335876302704176,D:\uwb thesis\RelatedData\DAVIS-data\DAVIS\SAM_results\mallard-water\selected_by_sam\00066_sam_best.png,D:\uwb thesis\RelatedData\DAVIS-data\DAVIS\SAM_results\mallard-water\selected_by_score_default_no_gt\00066_best.png,mallard-water
67,default_no_gt,1,5,0.0,0.9387864207431168,0.9387864207431168,D:\uwb thesis\RelatedData\DAVIS-data\DAVIS\SAM_results\mallard-water\selected_by_sam\00067_sam_best.png,D:\uwb thesis\RelatedData\DAVIS-data\DAVIS\SAM_results\mallard-water\selected_by_score_default_no_gt\00067_best.png,mallard-water
68,default_no_gt,1,4,0.0,0.9243621292578682,0.9243621292578682,D:\uwb thesis\RelatedData\DAVIS-data\DAVIS\SAM_results\mallard-water\selected_by_sam\00068_sam_best.png,D:\uwb thesis\RelatedData\DAVIS-data\DAVIS\SAM_results\mallard-water\selected_by_score_default_no_gt\00068_best.png,mallard-water
69,default_no_gt,1,5,0.0,0.946510736196319,0.946510736196319,D:\uwb thesis\RelatedData\DAVIS-data\DAVIS\SAM_results\mallard-water\selected_by_sam\00069_sam_best.png,D:\uwb thesis\RelatedData\DAVIS-data\DAVIS\SAM_results\mallard-water\selected_by_score_default_no_gt\00069_best.png,mallard-water
70,default_no_gt,1,4,0.0,0.9423291578816818,0.9423291578816818,D:\uwb thesis\RelatedData\DAVIS-data\DAVIS\SAM_results\mallard-water\selected_by_sam\00070_sam_best.png,D:\uwb thesis\RelatedData\DAVIS-data\DAVIS\SAM_results\mallard-water\selected_by_score_default_no_gt\00070_best.png,mallard-water
71,default_no_gt,1,4,2.4580472780813467e-06,0.9435400280470704,0.9435375699997922,D:\uwb thesis\RelatedData\DAVIS-data\DAVIS\SAM_results\mallard-water\selected_by_sam\00071_sam_best.png,D:\uwb thesis\RelatedData\DAVIS-data\DAVIS\SAM_results\mallard-water\selected_by_score_default_no_gt\00071_best.png,mallard-water
72,default_no_gt,1,3,0.0,0.8090920382561173,0.8090920382561173,D:\uwb thesis\RelatedData\DAVIS-data\DAVIS\SAM_results\mallard-water\selected_by_sam\00072_sam_best.png,D:\uwb thesis\RelatedData\DAVIS-data\DAVIS\SAM_results\mallard-water\selected_by_score_default_no_gt\00072_best.png,mallard-water
73,default_no_gt,1,4,0.0,0.9444840280251752,0.9444840280251752,D:\uwb thesis\RelatedData\DAVIS-data\DAVIS\SAM_results\mallard-water\selected_by_sam\00073_sam_best.png,D:\uwb thesis\RelatedData\DAVIS-data\DAVIS\SAM_results\mallard-water\selected_by_score_default_no_gt\00073_best.png,mallard-water
74,default_no_gt,1,3,1.4753324415768354e-05,0.8319327731092437,0.8319180197848279,D:\uwb thesis\RelatedData\DAVIS-data\DAVIS\SAM_results\mallard-water\selected_by_sam\00074_sam_best.png,D:\uwb thesis\RelatedData\DAVIS-data\DAVIS\SAM_results\mallard-water\selected_by_score_default_no_gt\00074_best.png,mallard-water
75,default_no_gt,1,4,0.0,0.9511631934422444,0.9511631934422444,D:\uwb thesis\RelatedData\DAVIS-data\DAVIS\SAM_results\mallard-water\selected_by_sam\00075_sam_best.png,D:\uwb thesis\RelatedData\DAVIS-data\DAVIS\SAM_results\mallard-water\selected_by_score_default_no_gt\00075_best.png,mallard-water
76,default_no_gt,1,3,2.4644806723103275e-06,0.821457917595962,0.8214554531152897,D:\uwb thesis\RelatedData\DAVIS-data\DAVIS\SAM_results\mallard-water\selected_by_sam\00076_sam_best.png,D:\uwb thesis\RelatedData\DAVIS-data\DAVIS\SAM_results\mallard-water\selected_by_score_default_no_gt\00076_best.png,mallard-water
77,default_no_gt,1,3,0.0,0.8200335628725189,0.8200335628725189,D:\uwb thesis\RelatedData\DAVIS-data\DAVIS\SAM_results\mallard-water\selected_by_sam\00077_sam_best.png,D:\uwb thesis\RelatedData\DAVIS-data\DAVIS\SAM_results\mallard-water\selected_by_score_default_no_gt\00077_best.png,mallard-water
78,default_no_gt,1,4,2.467923168615915e-06,0.9411215466578788,0.9411190787347102,D:\uwb thesis\RelatedData\DAVIS-data\DAVIS\SAM_results\mallard-water\selected_by_sam\00078_sam_best.png,D:\uwb thesis\RelatedData\DAVIS-data\DAVIS\SAM_results\mallard-water\selected_by_score_default_no_gt\00078_best.png,mallard-water
79,default_no_gt,1,3,1.234034676374406e-05,0.8148251904975348,0.814812850150771,D:\uwb thesis\RelatedData\DAVIS-data\DAVIS\SAM_results\mallard-water\selected_by_sam\00079_sam_best.png,D:\uwb thesis\RelatedData\DAVIS-data\DAVIS\SAM_results\mallard-water\selected_by_score_default_no_gt\00079_best.png,mallard-water
0,default_no_gt,2,7,0.0,0.9081924577373212,0.9081924577373212,D:\uwb thesis\RelatedData\DAVIS-data\DAVIS\SAM_results\motocross-bumps\selected_by_sam\00000_sam_best.png,D:\uwb thesis\RelatedData\DAVIS-data\DAVIS\SAM_results\motocross-bumps\selected_by_score_default_no_gt\00000_best.png,motocross-bumps
1,default_no_gt,2,3,0.0,0.6744552375951693,0.6744552375951693,D:\uwb thesis\RelatedData\DAVIS-data\DAVIS\SAM_results\motocross-bumps\selected_by_sam\00001_sam_best.png,D:\uwb thesis\RelatedData\DAVIS-data\DAVIS\SAM_results\motocross-bumps\selected_by_score_default_no_gt\00001_best.png,motocross-bumps
2,default_no_gt,2,3,0.0,0.6140434678767615,0.6140434678767615,D:\uwb thesis\RelatedData\DAVIS-data\DAVIS\SAM_results\motocross-bumps\selected_by_sam\00002_sam_best.png,D:\uwb thesis\RelatedData\DAVIS-data\DAVIS\SAM_results\motocross-bumps\selected_by_score_default_no_gt\00002_best.png,motocross-bumps
3,default_no_gt,2,7,0.0,0.920666800562362,0.920666800562362,D:\uwb thesis\RelatedData\DAVIS-data\DAVIS\SAM_results\motocross-bumps\selected_by_sam\00003_sam_best.png,D:\uwb thesis\RelatedData\DAVIS-data\DAVIS\SAM_results\motocross-bumps\selected_by_score_default_no_gt\00003_best.png,motocross-bumps
4,default_no_gt,2,10,0.0,0.927383294580576,0.927383294580576,D:\uwb thesis\RelatedData\DAVIS-data\DAVIS\SAM_results\motocross-bumps\selected_by_sam\00004_sam_best.png,D:\uwb thesis\RelatedData\DAVIS-data\DAVIS\SAM_results\motocross-bumps\selected_by_score_default_no_gt\00004_best.png,motocross-bumps
5,default_no_gt,5,1,0.0,0.6538026804456645,0.6538026804456645,D:\uwb thesis\RelatedData\DAVIS-data\DAVIS\SAM_results\motocross-bumps\selected_by_sam\00005_sam_best.png,D:\uwb thesis\RelatedData\DAVIS-data\DAVIS\SAM_results\motocross-bumps\selected_by_score_default_no_gt\00005_best.png,motocross-bumps
6,default_no_gt,8,14,0.0,0.4292936802973978,0.4292936802973978,D:\uwb thesis\RelatedData\DAVIS-data\DAVIS\SAM_results\motocross-bumps\selected_by_sam\00006_sam_best.png,D:\uwb thesis\RelatedData\DAVIS-data\DAVIS\SAM_results\motocross-bumps\selected_by_score_default_no_gt\00006_best.png,motocross-bumps
7,default_no_gt,5,2,0.0,0.5893642542982807,0.5893642542982807,D:\uwb thesis\RelatedData\DAVIS-data\DAVIS\SAM_results\motocross-bumps\selected_by_sam\00007_sam_best.png,D:\uwb thesis\RelatedData\DAVIS-data\DAVIS\SAM_results\motocross-bumps\selected_by_score_default_no_gt\00007_best.png,motocross-bumps
8,default_no_gt,8,2,0.0,0.5345950596042768,0.5345950596042768,D:\uwb thesis\RelatedData\DAVIS-data\DAVIS\SAM_results\motocross-bumps\selected_by_sam\00008_sam_best.png,D:\uwb thesis\RelatedData\DAVIS-data\DAVIS\SAM_results\motocross-bumps\selected_by_score_default_no_gt\00008_best.png,motocross-bumps
9,default_no_gt,5,2,0.0,0.5824492619926199,0.5824492619926199,D:\uwb thesis\RelatedData\DAVIS-data\DAVIS\SAM_results\motocross-bumps\selected_by_sam\00009_sam_best.png,D:\uwb thesis\RelatedData\DAVIS-data\DAVIS\SAM_results\motocross-bumps\selected_by_score_default_no_gt\00009_best.png,motocross-bumps
10,default_no_gt,2,5,0.0,0.5333771785596844,0.5333771785596844,D:\uwb thesis\RelatedData\DAVIS-data\DAVIS\SAM_results\motocross-bumps\selected_by_sam\00010_sam_best.png,D:\uwb thesis\RelatedData\DAVIS-data\DAVIS\SAM_results\motocross-bumps\selected_by_score_default_no_gt\00010_best.png,motocross-bumps
11,default_no_gt,5,3,0.0,0.0,0.0,D:\uwb thesis\RelatedData\DAVIS-data\DAVIS\SAM_results\motocross-bumps\selected_by_sam\00011_sam_best.png,D:\uwb thesis\RelatedData\DAVIS-data\DAVIS\SAM_results\motocross-bumps\selected_by_score_default_no_gt\00011_best.png,motocross-bumps
12,default_no_gt,5,3,0.0,0.0,0.0,D:\uwb thesis\RelatedData\DAVIS-data\DAVIS\SAM_results\motocross-bumps\selected_by_sam\00012_sam_best.png,D:\uwb thesis\RelatedData\DAVIS-data\DAVIS\SAM_results\motocross-bumps\selected_by_score_default_no_gt\00012_best.png,motocross-bumps
13,default_no_gt,5,3,0.0,0.0,0.0,D:\uwb thesis\RelatedData\DAVIS-data\DAVIS\SAM_results\motocross-bumps\selected_by_sam\00013_sam_best.png,D:\uwb thesis\RelatedData\DAVIS-data\DAVIS\SAM_results\motocross-bumps\selected_by_score_default_no_gt\00013_best.png,motocross-bumps
14,default_no_gt,5,3,0.0,0.0,0.0,D:\uwb thesis\RelatedData\DAVIS-data\DAVIS\SAM_results\motocross-bumps\selected_by_sam\00014_sam_best.png,D:\uwb thesis\RelatedData\DAVIS-data\DAVIS\SAM_results\motocross-bumps\selected_by_score_default_no_gt\00014_best.png,motocross-bumps
15,default_no_gt,5,3,0.0,0.0,0.0,D:\uwb thesis\RelatedData\DAVIS-data\DAVIS\SAM_results\motocross-bumps\selected_by_sam\00015_sam_best.png,D:\uwb thesis\RelatedData\DAVIS-data\DAVIS\SAM_results\motocross-bumps\selected_by_score_default_no_gt\00015_best.png,motocross-bumps
16,default_no_gt,5,3,0.0,0.0,0.0,D:\uwb thesis\RelatedData\DAVIS-data\DAVIS\SAM_results\motocross-bumps\selected_by_sam\00016_sam_best.png,D:\uwb thesis\RelatedData\DAVIS-data\DAVIS\SAM_results\motocross-bumps\selected_by_score_default_no_gt\00016_best.png,motocross-bumps
17,default_no_gt,5,5,0.0,0.0,0.0,D:\uwb thesis\RelatedData\DAVIS-data\DAVIS\SAM_results\motocross-bumps\selected_by_sam\00017_sam_best.png,D:\uwb thesis\RelatedData\DAVIS-data\DAVIS\SAM_results\motocross-bumps\selected_by_score_default_no_gt\00017_best.png,motocross-bumps
18,default_no_gt,5,3,0.0,0.0,0.0,D:\uwb thesis\RelatedData\DAVIS-data\DAVIS\SAM_results\motocross-bumps\selected_by_sam\00018_sam_best.png,D:\uwb thesis\RelatedData\DAVIS-data\DAVIS\SAM_results\motocross-bumps\selected_by_score_default_no_gt\00018_best.png,motocross-bumps
19,default_no_gt,5,5,0.0,0.0,0.0,D:\uwb thesis\RelatedData\DAVIS-data\DAVIS\SAM_results\motocross-bumps\selected_by_sam\00019_sam_best.png,D:\uwb thesis\RelatedData\DAVIS-data\DAVIS\SAM_results\motocross-bumps\selected_by_score_default_no_gt\00019_best.png,motocross-bumps
20,default_no_gt,5,5,0.0,0.0,0.0,D:\uwb thesis\RelatedData\DAVIS-data\DAVIS\SAM_results\motocross-bumps\selected_by_sam\00020_sam_best.png,D:\uwb thesis\RelatedData\DAVIS-data\DAVIS\SAM_results\motocross-bumps\selected_by_score_default_no_gt\00020_best.png,motocross-bumps
21,default_no_gt,5,5,0.0,0.0,0.0,D:\uwb thesis\RelatedData\DAVIS-data\DAVIS\SAM_results\motocross-bumps\selected_by_sam\00021_sam_best.png,D:\uwb thesis\RelatedData\DAVIS-data\DAVIS\SAM_results\motocross-bumps\selected_by_score_default_no_gt\00021_best.png,motocross-bumps
22,default_no_gt,5,5,0.0,0.0,0.0,D:\uwb thesis\RelatedData\DAVIS-data\DAVIS\SAM_results\motocross-bumps\selected_by_sam\00022_sam_best.png,D:\uwb thesis\RelatedData\DAVIS-data\DAVIS\SAM_results\motocross-bumps\selected_by_score_default_no_gt\00022_best.png,motocross-bumps
23,default_no_gt,5,5,0.0,0.0,0.0,D:\uwb thesis\RelatedData\DAVIS-data\DAVIS\SAM_results\motocross-bumps\selected_by_sam\00023_sam_best.png,D:\uwb thesis\RelatedData\DAVIS-data\DAVIS\SAM_results\motocross-bumps\selected_by_score_default_no_gt\00023_best.png,motocross-bumps
24,default_no_gt,5,1,0.0,0.5579215654032722,0.5579215654032722,D:\uwb thesis\RelatedData\DAVIS-data\DAVIS\SAM_results\motocross-bumps\selected_by_sam\00024_sam_best.png,D:\uwb thesis\RelatedData\DAVIS-data\DAVIS\SAM_results\motocross-bumps\selected_by_score_default_no_gt\00024_best.png,motocross-bumps
25,default_no_gt,5,1,0.0,0.5772001485332343,0.5772001485332343,D:\uwb thesis\RelatedData\DAVIS-data\DAVIS\SAM_results\motocross-bumps\selected_by_sam\00025_sam_best.png,D:\uwb thesis\RelatedData\DAVIS-data\DAVIS\SAM_results\motocross-bumps\selected_by_score_default_no_gt\00025_best.png,motocross-bumps
26,default_no_gt,5,1,0.0,0.5870260545078964,0.5870260545078964,D:\uwb thesis\RelatedData\DAVIS-data\DAVIS\SAM_results\motocross-bumps\selected_by_sam\00026_sam_best.png,D:\uwb thesis\RelatedData\DAVIS-data\DAVIS\SAM_results\motocross-bumps\selected_by_score_default_no_gt\00026_best.png,motocross-bumps
27,default_no_gt,5,1,0.0,0.5585590932019822,0.5585590932019822,D:\uwb thesis\RelatedData\DAVIS-data\DAVIS\SAM_results\motocross-bumps\selected_by_sam\00027_sam_best.png,D:\uwb thesis\RelatedData\DAVIS-data\DAVIS\SAM_results\motocross-bumps\selected_by_score_default_no_gt\00027_best.png,motocross-bumps
28,default_no_gt,5,4,0.9559155274101052,0.9599637004217156,0.0040481730116104,D:\uwb thesis\RelatedData\DAVIS-data\DAVIS\SAM_results\motocross-bumps\selected_by_sam\00028_sam_best.png,D:\uwb thesis\RelatedData\DAVIS-data\DAVIS\SAM_results\motocross-bumps\selected_by_score_default_no_gt\00028_best.png,motocross-bumps
29,default_no_gt,2,1,0.5816008569063732,0.5681516901808541,-0.0134491667255191,D:\uwb thesis\RelatedData\DAVIS-data\DAVIS\SAM_results\motocross-bumps\selected_by_sam\00029_sam_best.png,D:\uwb thesis\RelatedData\DAVIS-data\DAVIS\SAM_results\motocross-bumps\selected_by_score_default_no_gt\00029_best.png,motocross-bumps
30,default_no_gt,5,4,0.9615366727128972,0.9467617753623188,-0.0147748973505782,D:\uwb thesis\RelatedData\DAVIS-data\DAVIS\SAM_results\motocross-bumps\selected_by_sam\00030_sam_best.png,D:\uwb thesis\RelatedData\DAVIS-data\DAVIS\SAM_results\motocross-bumps\selected_by_score_default_no_gt\00030_best.png,motocross-bumps
31,default_no_gt,5,4,0.9571646105974004,0.9497240558381128,-0.0074405547592875,D:\uwb thesis\RelatedData\DAVIS-data\DAVIS\SAM_results\motocross-bumps\selected_by_sam\00031_sam_best.png,D:\uwb thesis\RelatedData\DAVIS-data\DAVIS\SAM_results\motocross-bumps\selected_by_score_default_no_gt\00031_best.png,motocross-bumps
32,default_no_gt,5,4,0.9531171861976996,0.9399995954119718,-0.0131175907857278,D:\uwb thesis\RelatedData\DAVIS-data\DAVIS\SAM_results\motocross-bumps\selected_by_sam\00032_sam_best.png,D:\uwb thesis\RelatedData\DAVIS-data\DAVIS\SAM_results\motocross-bumps\selected_by_score_default_no_gt\00032_best.png,motocross-bumps
33,default_no_gt,5,4,0.9499562853993234,0.9290556055623932,-0.0209006798369302,D:\uwb thesis\RelatedData\DAVIS-data\DAVIS\SAM_results\motocross-bumps\selected_by_sam\00033_sam_best.png,D:\uwb thesis\RelatedData\DAVIS-data\DAVIS\SAM_results\motocross-bumps\selected_by_score_default_no_gt\00033_best.png,motocross-bumps
34,default_no_gt,5,4,0.955394016720948,0.9201470257776636,-0.0352469909432845,D:\uwb thesis\RelatedData\DAVIS-data\DAVIS\SAM_results\motocross-bumps\selected_by_sam\00034_sam_best.png,D:\uwb thesis\RelatedData\DAVIS-data\DAVIS\SAM_results\motocross-bumps\selected_by_score_default_no_gt\00034_best.png,motocross-bumps
35,default_no_gt,5,4,0.9569725322266056,0.930808736384672,-0.0261637958419336,D:\uwb thesis\RelatedData\DAVIS-data\DAVIS\SAM_results\motocross-bumps\selected_by_sam\00035_sam_best.png,D:\uwb thesis\RelatedData\DAVIS-data\DAVIS\SAM_results\motocross-bumps\selected_by_score_default_no_gt\00035_best.png,motocross-bumps
36,default_no_gt,2,1,0.6228951933870803,0.6103606394844466,-0.0125345539026336,D:\uwb thesis\RelatedData\DAVIS-data\DAVIS\SAM_results\motocross-bumps\selected_by_sam\00036_sam_best.png,D:\uwb thesis\RelatedData\DAVIS-data\DAVIS\SAM_results\motocross-bumps\selected_by_score_default_no_gt\00036_best.png,motocross-bumps
37,default_no_gt,2,1,0.630380739081747,0.6175803176878061,-0.0128004213939408,D:\uwb thesis\RelatedData\DAVIS-data\DAVIS\SAM_results\motocross-bumps\selected_by_sam\00037_sam_best.png,D:\uwb thesis\RelatedData\DAVIS-data\DAVIS\SAM_results\motocross-bumps\selected_by_score_default_no_gt\00037_best.png,motocross-bumps
38,default_no_gt,2,1,0.6249351944167497,0.6002511989038594,-0.0246839955128903,D:\uwb thesis\RelatedData\DAVIS-data\DAVIS\SAM_results\motocross-bumps\selected_by_sam\00038_sam_best.png,D:\uwb thesis\RelatedData\DAVIS-data\DAVIS\SAM_results\motocross-bumps\selected_by_score_default_no_gt\00038_best.png,motocross-bumps
39,default_no_gt,2,1,0.6231169738952764,0.6233099404814781,0.0001929665862017,D:\uwb thesis\RelatedData\DAVIS-data\DAVIS\SAM_results\motocross-bumps\selected_by_sam\00039_sam_best.png,D:\uwb thesis\RelatedData\DAVIS-data\DAVIS\SAM_results\motocross-bumps\selected_by_score_default_no_gt\00039_best.png,motocross-bumps
40,default_no_gt,5,5,0.9494739220242706,0.9494739220242706,0.0,D:\uwb thesis\RelatedData\DAVIS-data\DAVIS\SAM_results\motocross-bumps\selected_by_sam\00040_sam_best.png,D:\uwb thesis\RelatedData\DAVIS-data\DAVIS\SAM_results\motocross-bumps\selected_by_score_default_no_gt\00040_best.png,motocross-bumps
41,default_no_gt,5,5,0.9500421811488612,0.9500421811488612,0.0,D:\uwb thesis\RelatedData\DAVIS-data\DAVIS\SAM_results\motocross-bumps\selected_by_sam\00041_sam_best.png,D:\uwb thesis\RelatedData\DAVIS-data\DAVIS\SAM_results\motocross-bumps\selected_by_score_default_no_gt\00041_best.png,motocross-bumps
42,default_no_gt,5,5,0.9528803278934648,0.9528803278934648,0.0,D:\uwb thesis\RelatedData\DAVIS-data\DAVIS\SAM_results\motocross-bumps\selected_by_sam\00042_sam_best.png,D:\uwb thesis\RelatedData\DAVIS-data\DAVIS\SAM_results\motocross-bumps\selected_by_score_default_no_gt\00042_best.png,motocross-bumps
43,default_no_gt,5,5,0.9503537809363506,0.9503537809363506,0.0,D:\uwb thesis\RelatedData\DAVIS-data\DAVIS\SAM_results\motocross-bumps\selected_by_sam\00043_sam_best.png,D:\uwb thesis\RelatedData\DAVIS-data\DAVIS\SAM_results\motocross-bumps\selected_by_score_default_no_gt\00043_best.png,motocross-bumps
44,default_no_gt,4,4,0.9646604664657242,0.9646604664657242,0.0,D:\uwb thesis\RelatedData\DAVIS-data\DAVIS\SAM_results\motocross-bumps\selected_by_sam\00044_sam_best.png,D:\uwb thesis\RelatedData\DAVIS-data\DAVIS\SAM_results\motocross-bumps\selected_by_score_default_no_gt\00044_best.png,motocross-bumps
45,default_no_gt,5,3,0.4552360191162907,0.3963202512834369,-0.0589157678328538,D:\uwb thesis\RelatedData\DAVIS-data\DAVIS\SAM_results\motocross-bumps\selected_by_sam\00045_sam_best.png,D:\uwb thesis\RelatedData\DAVIS-data\DAVIS\SAM_results\motocross-bumps\selected_by_score_default_no_gt\00045_best.png,motocross-bumps
46,default_no_gt,8,8,0.4918353246490622,0.4918353246490622,0.0,D:\uwb thesis\RelatedData\DAVIS-data\DAVIS\SAM_results\motocross-bumps\selected_by_sam\00046_sam_best.png,D:\uwb thesis\RelatedData\DAVIS-data\DAVIS\SAM_results\motocross-bumps\selected_by_score_default_no_gt\00046_best.png,motocross-bumps
47,default_no_gt,5,11,0.4035694569042854,0.5362689834686525,0.132699526564367,D:\uwb thesis\RelatedData\DAVIS-data\DAVIS\SAM_results\motocross-bumps\selected_by_sam\00047_sam_best.png,D:\uwb thesis\RelatedData\DAVIS-data\DAVIS\SAM_results\motocross-bumps\selected_by_score_default_no_gt\00047_best.png,motocross-bumps
48,default_no_gt,4,11,0.9761731424308608,0.5690637720488467,-0.407109370382014,D:\uwb thesis\RelatedData\DAVIS-data\DAVIS\SAM_results\motocross-bumps\selected_by_sam\00048_sam_best.png,D:\uwb thesis\RelatedData\DAVIS-data\DAVIS\SAM_results\motocross-bumps\selected_by_score_default_no_gt\00048_best.png,motocross-bumps
49,default_no_gt,8,11,0.0527310423279452,0.5679514294049008,0.5152203870769556,D:\uwb thesis\RelatedData\DAVIS-data\DAVIS\SAM_results\motocross-bumps\selected_by_sam\00049_sam_best.png,D:\uwb thesis\RelatedData\DAVIS-data\DAVIS\SAM_results\motocross-bumps\selected_by_score_default_no_gt\00049_best.png,motocross-bumps
50,default_no_gt,8,11,0.0504603545417067,0.5494760076250239,0.4990156530833172,D:\uwb thesis\RelatedData\DAVIS-data\DAVIS\SAM_results\motocross-bumps\selected_by_sam\00050_sam_best.png,D:\uwb thesis\RelatedData\DAVIS-data\DAVIS\SAM_results\motocross-bumps\selected_by_score_default_no_gt\00050_best.png,motocross-bumps
51,default_no_gt,5,8,0.0437622412617882,0.947967409948542,0.9042051686867536,D:\uwb thesis\RelatedData\DAVIS-data\DAVIS\SAM_results\motocross-bumps\selected_by_sam\00051_sam_best.png,D:\uwb thesis\RelatedData\DAVIS-data\DAVIS\SAM_results\motocross-bumps\selected_by_score_default_no_gt\00051_best.png,motocross-bumps
52,default_no_gt,8,4,0.039641758485228,0.976802734835472,0.937160976350244,D:\uwb thesis\RelatedData\DAVIS-data\DAVIS\SAM_results\motocross-bumps\selected_by_sam\00052_sam_best.png,D:\uwb thesis\RelatedData\DAVIS-data\DAVIS\SAM_results\motocross-bumps\selected_by_score_default_no_gt\00052_best.png,motocross-bumps
53,default_no_gt,4,4,0.9756162638573298,0.9756162638573298,0.0,D:\uwb thesis\RelatedData\DAVIS-data\DAVIS\SAM_results\motocross-bumps\selected_by_sam\00053_sam_best.png,D:\uwb thesis\RelatedData\DAVIS-data\DAVIS\SAM_results\motocross-bumps\selected_by_score_default_no_gt\00053_best.png,motocross-bumps
54,default_no_gt,8,4,0.0287240249539966,0.9769071945697348,0.948183169615738,D:\uwb thesis\RelatedData\DAVIS-data\DAVIS\SAM_results\motocross-bumps\selected_by_sam\00054_sam_best.png,D:\uwb thesis\RelatedData\DAVIS-data\DAVIS\SAM_results\motocross-bumps\selected_by_score_default_no_gt\00054_best.png,motocross-bumps
55,default_no_gt,5,1,0.0292631196797584,0.516951002146157,0.4876878824663985,D:\uwb thesis\RelatedData\DAVIS-data\DAVIS\SAM_results\motocross-bumps\selected_by_sam\00055_sam_best.png,D:\uwb thesis\RelatedData\DAVIS-data\DAVIS\SAM_results\motocross-bumps\selected_by_score_default_no_gt\00055_best.png,motocross-bumps
56,default_no_gt,8,1,0.0280650672813482,0.5284865531988174,0.5004214859174692,D:\uwb thesis\RelatedData\DAVIS-data\DAVIS\SAM_results\motocross-bumps\selected_by_sam\00056_sam_best.png,D:\uwb thesis\RelatedData\DAVIS-data\DAVIS\SAM_results\motocross-bumps\selected_by_score_default_no_gt\00056_best.png,motocross-bumps
57,default_no_gt,11,7,0.0273088381330685,0.1808011623080116,0.1534923241749431,D:\uwb thesis\RelatedData\DAVIS-data\DAVIS\SAM_results\motocross-bumps\selected_by_sam\00057_sam_best.png,D:\uwb thesis\RelatedData\DAVIS-data\DAVIS\SAM_results\motocross-bumps\selected_by_score_default_no_gt\00057_best.png,motocross-bumps
58,default_no_gt,2,7,0.5277228062549332,0.1792067039106145,-0.3485161023443186,D:\uwb thesis\RelatedData\DAVIS-data\DAVIS\SAM_results\motocross-bumps\selected_by_sam\00058_sam_best.png,D:\uwb thesis\RelatedData\DAVIS-data\DAVIS\SAM_results\motocross-bumps\selected_by_score_default_no_gt\00058_best.png,motocross-bumps
59,default_no_gt,2,7,0.5272282174260592,0.179406337451577,-0.3478218799744821,D:\uwb thesis\RelatedData\DAVIS-data\DAVIS\SAM_results\motocross-bumps\selected_by_sam\00059_sam_best.png,D:\uwb thesis\RelatedData\DAVIS-data\DAVIS\SAM_results\motocross-bumps\selected_by_score_default_no_gt\00059_best.png,motocross-bumps
0,default_no_gt,5,10,0.0004859413431418,0.9271523178807948,0.9266663765376528,D:\uwb thesis\RelatedData\DAVIS-data\DAVIS\SAM_results\motocross-jump\selected_by_sam\00000_sam_best.png,D:\uwb thesis\RelatedData\DAVIS-data\DAVIS\SAM_results\motocross-jump\selected_by_score_default_no_gt\00000_best.png,motocross-jump
1,default_no_gt,5,1,0.9526107310046812,0.8012866849790371,-0.1513240460256442,D:\uwb thesis\RelatedData\DAVIS-data\DAVIS\SAM_results\motocross-jump\selected_by_sam\00001_sam_best.png,D:\uwb thesis\RelatedData\DAVIS-data\DAVIS\SAM_results\motocross-jump\selected_by_score_default_no_gt\00001_best.png,motocross-jump
2,default_no_gt,8,2,0.9534978942442676,0.5620150482012697,-0.391482846042998,D:\uwb thesis\RelatedData\DAVIS-data\DAVIS\SAM_results\motocross-jump\selected_by_sam\00002_sam_best.png,D:\uwb thesis\RelatedData\DAVIS-data\DAVIS\SAM_results\motocross-jump\selected_by_score_default_no_gt\00002_best.png,motocross-jump
3,default_no_gt,2,2,0.5865836175787236,0.5865836175787236,0.0,D:\uwb thesis\RelatedData\DAVIS-data\DAVIS\SAM_results\motocross-jump\selected_by_sam\00003_sam_best.png,D:\uwb thesis\RelatedData\DAVIS-data\DAVIS\SAM_results\motocross-jump\selected_by_score_default_no_gt\00003_best.png,motocross-jump
4,default_no_gt,5,1,0.9564857710125744,0.6079884105960265,-0.348497360416548,D:\uwb thesis\RelatedData\DAVIS-data\DAVIS\SAM_results\motocross-jump\selected_by_sam\00004_sam_best.png,D:\uwb thesis\RelatedData\DAVIS-data\DAVIS\SAM_results\motocross-jump\selected_by_score_default_no_gt\00004_best.png,motocross-jump
5,default_no_gt,5,1,0.9618654444949796,0.6244162775183456,-0.3374491669766339,D:\uwb thesis\RelatedData\DAVIS-data\DAVIS\SAM_results\motocross-jump\selected_by_sam\00005_sam_best.png,D:\uwb thesis\RelatedData\DAVIS-data\DAVIS\SAM_results\motocross-jump\selected_by_score_default_no_gt\00005_best.png,motocross-jump
6,default_no_gt,5,1,0.9510376788232924,0.619316877152698,-0.3317208016705943,D:\uwb thesis\RelatedData\DAVIS-data\DAVIS\SAM_results\motocross-jump\selected_by_sam\00006_sam_best.png,D:\uwb thesis\RelatedData\DAVIS-data\DAVIS\SAM_results\motocross-jump\selected_by_score_default_no_gt\00006_best.png,motocross-jump
7,default_no_gt,5,4,0.9396485867074102,0.9599792467514092,0.0203306600439988,D:\uwb thesis\RelatedData\DAVIS-data\DAVIS\SAM_results\motocross-jump\selected_by_sam\00007_sam_best.png,D:\uwb thesis\RelatedData\DAVIS-data\DAVIS\SAM_results\motocross-jump\selected_by_score_default_no_gt\00007_best.png,motocross-jump
8,default_no_gt,5,4,0.9451534397815636,0.9591456672292382,0.0139922274476746,D:\uwb thesis\RelatedData\DAVIS-data\DAVIS\SAM_results\motocross-jump\selected_by_sam\00008_sam_best.png,D:\uwb thesis\RelatedData\DAVIS-data\DAVIS\SAM_results\motocross-jump\selected_by_score_default_no_gt\00008_best.png,motocross-jump
9,default_no_gt,2,1,0.6391181881828099,0.6482872262889374,0.0091690381061275,D:\uwb thesis\RelatedData\DAVIS-data\DAVIS\SAM_results\motocross-jump\selected_by_sam\00009_sam_best.png,D:\uwb thesis\RelatedData\DAVIS-data\DAVIS\SAM_results\motocross-jump\selected_by_score_default_no_gt\00009_best.png,motocross-jump
10,default_no_gt,2,1,0.6282760822712397,0.6568892569254855,0.0286131746542458,D:\uwb thesis\RelatedData\DAVIS-data\DAVIS\SAM_results\motocross-jump\selected_by_sam\00010_sam_best.png,D:\uwb thesis\RelatedData\DAVIS-data\DAVIS\SAM_results\motocross-jump\selected_by_score_default_no_gt\00010_best.png,motocross-jump
11,default_no_gt,1,1,0.6467225689847215,0.6467225689847215,0.0,D:\uwb thesis\RelatedData\DAVIS-data\DAVIS\SAM_results\motocross-jump\selected_by_sam\00011_sam_best.png,D:\uwb thesis\RelatedData\DAVIS-data\DAVIS\SAM_results\motocross-jump\selected_by_score_default_no_gt\00011_best.png,motocross-jump
12,default_no_gt,1,1,0.6349804157878879,0.6349804157878879,0.0,D:\uwb thesis\RelatedData\DAVIS-data\DAVIS\SAM_results\motocross-jump\selected_by_sam\00012_sam_best.png,D:\uwb thesis\RelatedData\DAVIS-data\DAVIS\SAM_results\motocross-jump\selected_by_score_default_no_gt\00012_best.png,motocross-jump
13,default_no_gt,2,1,0.6936752606388362,0.667955557065679,-0.0257197035731572,D:\uwb thesis\RelatedData\DAVIS-data\DAVIS\SAM_results\motocross-jump\selected_by_sam\00013_sam_best.png,D:\uwb thesis\RelatedData\DAVIS-data\DAVIS\SAM_results\motocross-jump\selected_by_score_default_no_gt\00013_best.png,motocross-jump
14,default_no_gt,1,2,0.7877730993729332,0.756790040664037,-0.0309830587088961,D:\uwb thesis\RelatedData\DAVIS-data\DAVIS\SAM_results\motocross-jump\selected_by_sam\00014_sam_best.png,D:\uwb thesis\RelatedData\DAVIS-data\DAVIS\SAM_results\motocross-jump\selected_by_score_default_no_gt\00014_best.png,motocross-jump
15,default_no_gt,1,0,0.7608462184203986,0.5445665705499931,-0.2162796478704054,D:\uwb thesis\RelatedData\DAVIS-data\DAVIS\SAM_results\motocross-jump\selected_by_sam\00015_sam_best.png,D:\uwb thesis\RelatedData\DAVIS-data\DAVIS\SAM_results\motocross-jump\selected_by_score_default_no_gt\00015_best.png,motocross-jump
16,default_no_gt,1,2,0.771311564724684,0.831867076826616,0.0605555121019319,D:\uwb thesis\RelatedData\DAVIS-data\DAVIS\SAM_results\motocross-jump\selected_by_sam\00016_sam_best.png,D:\uwb thesis\RelatedData\DAVIS-data\DAVIS\SAM_results\motocross-jump\selected_by_score_default_no_gt\00016_best.png,motocross-jump
17,default_no_gt,1,2,0.8556591846957518,0.8420179397926787,-0.013641244903073,D:\uwb thesis\RelatedData\DAVIS-data\DAVIS\SAM_results\motocross-jump\selected_by_sam\00017_sam_best.png,D:\uwb thesis\RelatedData\DAVIS-data\DAVIS\SAM_results\motocross-jump\selected_by_score_default_no_gt\00017_best.png,motocross-jump
18,default_no_gt,1,2,0.8605722635573382,0.8562527393712396,-0.0043195241860986,D:\uwb thesis\RelatedData\DAVIS-data\DAVIS\SAM_results\motocross-jump\selected_by_sam\00018_sam_best.png,D:\uwb thesis\RelatedData\DAVIS-data\DAVIS\SAM_results\motocross-jump\selected_by_score_default_no_gt\00018_best.png,motocross-jump
19,default_no_gt,2,2,0.8706393508100262,0.8706393508100262,0.0,D:\uwb thesis\RelatedData\DAVIS-data\DAVIS\SAM_results\motocross-jump\selected_by_sam\00019_sam_best.png,D:\uwb thesis\RelatedData\DAVIS-data\DAVIS\SAM_results\motocross-jump\selected_by_score_default_no_gt\00019_best.png,motocross-jump
20,default_no_gt,2,2,0.8618297616775221,0.8618297616775221,0.0,D:\uwb thesis\RelatedData\DAVIS-data\DAVIS\SAM_results\motocross-jump\selected_by_sam\00020_sam_best.png,D:\uwb thesis\RelatedData\DAVIS-data\DAVIS\SAM_results\motocross-jump\selected_by_score_default_no_gt\00020_best.png,motocross-jump
21,default_no_gt,2,2,0.8351917557674767,0.8351917557674767,0.0,D:\uwb thesis\RelatedData\DAVIS-data\DAVIS\SAM_results\motocross-jump\selected_by_sam\00021_sam_best.png,D:\uwb thesis\RelatedData\DAVIS-data\DAVIS\SAM_results\motocross-jump\selected_by_score_default_no_gt\00021_best.png,motocross-jump
22,default_no_gt,2,2,0.8142249389504078,0.8142249389504078,0.0,D:\uwb thesis\RelatedData\DAVIS-data\DAVIS\SAM_results\motocross-jump\selected_by_sam\00022_sam_best.png,D:\uwb thesis\RelatedData\DAVIS-data\DAVIS\SAM_results\motocross-jump\selected_by_score_default_no_gt\00022_best.png,motocross-jump
23,default_no_gt,2,1,0.7680240990739707,0.7884540278885558,0.020429928814585,D:\uwb thesis\RelatedData\DAVIS-data\DAVIS\SAM_results\motocross-jump\selected_by_sam\00023_sam_best.png,D:\uwb thesis\RelatedData\DAVIS-data\DAVIS\SAM_results\motocross-jump\selected_by_score_default_no_gt\00023_best.png,motocross-jump
24,default_no_gt,2,1,0.7540692037523355,0.8510123422106157,0.0969431384582801,D:\uwb thesis\RelatedData\DAVIS-data\DAVIS\SAM_results\motocross-jump\selected_by_sam\00024_sam_best.png,D:\uwb thesis\RelatedData\DAVIS-data\DAVIS\SAM_results\motocross-jump\selected_by_score_default_no_gt\00024_best.png,motocross-jump
25,default_no_gt,2,1,0.6939259610680346,0.8655469082280606,0.1716209471600259,D:\uwb thesis\RelatedData\DAVIS-data\DAVIS\SAM_results\motocross-jump\selected_by_sam\00025_sam_best.png,D:\uwb thesis\RelatedData\DAVIS-data\DAVIS\SAM_results\motocross-jump\selected_by_score_default_no_gt\00025_best.png,motocross-jump
26,default_no_gt,2,1,0.6338740144910827,0.6313257430237837,-0.0025482714672989,D:\uwb thesis\RelatedData\DAVIS-data\DAVIS\SAM_results\motocross-jump\selected_by_sam\00026_sam_best.png,D:\uwb thesis\RelatedData\DAVIS-data\DAVIS\SAM_results\motocross-jump\selected_by_score_default_no_gt\00026_best.png,motocross-jump
27,default_no_gt,2,2,0.624976532043424,0.624976532043424,0.0,D:\uwb thesis\RelatedData\DAVIS-data\DAVIS\SAM_results\motocross-jump\selected_by_sam\00027_sam_best.png,D:\uwb thesis\RelatedData\DAVIS-data\DAVIS\SAM_results\motocross-jump\selected_by_score_default_no_gt\00027_best.png,motocross-jump
28,default_no_gt,2,1,0.6260628337610098,0.6188696680210357,-0.007193165739974,D:\uwb thesis\RelatedData\DAVIS-data\DAVIS\SAM_results\motocross-jump\selected_by_sam\00028_sam_best.png,D:\uwb thesis\RelatedData\DAVIS-data\DAVIS\SAM_results\motocross-jump\selected_by_score_default_no_gt\00028_best.png,motocross-jump
29,default_no_gt,2,1,0.6054108114522062,0.5975470290875943,-0.0078637823646119,D:\uwb thesis\RelatedData\DAVIS-data\DAVIS\SAM_results\motocross-jump\selected_by_sam\00029_sam_best.png,D:\uwb thesis\RelatedData\DAVIS-data\DAVIS\SAM_results\motocross-jump\selected_by_score_default_no_gt\00029_best.png,motocross-jump
30,default_no_gt,2,1,0.598827522369639,0.5910131309480785,-0.0078143914215604,D:\uwb thesis\RelatedData\DAVIS-data\DAVIS\SAM_results\motocross-jump\selected_by_sam\00030_sam_best.png,D:\uwb thesis\RelatedData\DAVIS-data\DAVIS\SAM_results\motocross-jump\selected_by_score_default_no_gt\00030_best.png,motocross-jump
31,default_no_gt,2,1,0.5988732532965951,0.5943923440385677,-0.0044809092580274,D:\uwb thesis\RelatedData\DAVIS-data\DAVIS\SAM_results\motocross-jump\selected_by_sam\00031_sam_best.png,D:\uwb thesis\RelatedData\DAVIS-data\DAVIS\SAM_results\motocross-jump\selected_by_score_default_no_gt\00031_best.png,motocross-jump
32,default_no_gt,2,1,0.6008288082309231,0.5936459993847358,-0.0071828088461872,D:\uwb thesis\RelatedData\DAVIS-data\DAVIS\SAM_results\motocross-jump\selected_by_sam\00032_sam_best.png,D:\uwb thesis\RelatedData\DAVIS-data\DAVIS\SAM_results\motocross-jump\selected_by_score_default_no_gt\00032_best.png,motocross-jump
33,default_no_gt,2,1,0.5873884631970013,0.5756481362053398,-0.0117403269916614,D:\uwb thesis\RelatedData\DAVIS-data\DAVIS\SAM_results\motocross-jump\selected_by_sam\00033_sam_best.png,D:\uwb thesis\RelatedData\DAVIS-data\DAVIS\SAM_results\motocross-jump\selected_by_score_default_no_gt\00033_best.png,motocross-jump
34,default_no_gt,5,4,0.9474915724767003,0.9358251602440344,-0.011666412232666,D:\uwb thesis\RelatedData\DAVIS-data\DAVIS\SAM_results\motocross-jump\selected_by_sam\00034_sam_best.png,D:\uwb thesis\RelatedData\DAVIS-data\DAVIS\SAM_results\motocross-jump\selected_by_score_default_no_gt\00034_best.png,motocross-jump
35,default_no_gt,5,4,0.953459466924458,0.950890642615558,-0.0025688243088998,D:\uwb thesis\RelatedData\DAVIS-data\DAVIS\SAM_results\motocross-jump\selected_by_sam\00035_sam_best.png,D:\uwb thesis\RelatedData\DAVIS-data\DAVIS\SAM_results\motocross-jump\selected_by_score_default_no_gt\00035_best.png,motocross-jump
36,default_no_gt,5,4,0.9472526321303232,0.943790177423502,-0.003462454706821,D:\uwb thesis\RelatedData\DAVIS-data\DAVIS\SAM_results\motocross-jump\selected_by_sam\00036_sam_best.png,D:\uwb thesis\RelatedData\DAVIS-data\DAVIS\SAM_results\motocross-jump\selected_by_score_default_no_gt\00036_best.png,motocross-jump
37,default_no_gt,2,1,0.5901570555089318,0.5952167948947337,0.0050597393858018,D:\uwb thesis\RelatedData\DAVIS-data\DAVIS\SAM_results\motocross-jump\selected_by_sam\00037_sam_best.png,D:\uwb thesis\RelatedData\DAVIS-data\DAVIS\SAM_results\motocross-jump\selected_by_score_default_no_gt\00037_best.png,motocross-jump
38,default_no_gt,5,3,0.9448275862068966,0.4426572417772648,-0.5021703444296317,D:\uwb thesis\RelatedData\DAVIS-data\DAVIS\SAM_results\motocross-jump\selected_by_sam\00038_sam_best.png,D:\uwb thesis\RelatedData\DAVIS-data\DAVIS\SAM_results\motocross-jump\selected_by_score_default_no_gt\00038_best.png,motocross-jump
39,default_no_gt,5,4,0.9585233628775492,0.9540967007003628,-0.0044266621771864,D:\uwb thesis\RelatedData\DAVIS-data\DAVIS\SAM_results\motocross-jump\selected_by_sam\00039_sam_best.png,D:\uwb thesis\RelatedData\DAVIS-data\DAVIS\SAM_results\motocross-jump\selected_by_score_default_no_gt\00039_best.png,motocross-jump
0,default_no_gt,2,1,0.6957383548067394,0.808780006576784,0.1130416517700445,D:\uwb thesis\RelatedData\DAVIS-data\DAVIS\SAM_results\motorbike\selected_by_sam\00000_sam_best.png,D:\uwb thesis\RelatedData\DAVIS-data\DAVIS\SAM_results\motorbike\selected_by_score_default_no_gt\00000_best.png,motorbike
1,default_no_gt,2,1,0.7345794392523365,0.8449576597382602,0.1103782204859237,D:\uwb thesis\RelatedData\DAVIS-data\DAVIS\SAM_results\motorbike\selected_by_sam\00001_sam_best.png,D:\uwb thesis\RelatedData\DAVIS-data\DAVIS\SAM_results\motorbike\selected_by_score_default_no_gt\00001_best.png,motorbike
2,default_no_gt,1,1,0.902354470605229,0.902354470605229,0.0,D:\uwb thesis\RelatedData\DAVIS-data\DAVIS\SAM_results\motorbike\selected_by_sam\00002_sam_best.png,D:\uwb thesis\RelatedData\DAVIS-data\DAVIS\SAM_results\motorbike\selected_by_score_default_no_gt\00002_best.png,motorbike
3,default_no_gt,2,1,0.811554332874828,0.900976668475312,0.0894223356004839,D:\uwb thesis\RelatedData\DAVIS-data\DAVIS\SAM_results\motorbike\selected_by_sam\00003_sam_best.png,D:\uwb thesis\RelatedData\DAVIS-data\DAVIS\SAM_results\motorbike\selected_by_score_default_no_gt\00003_best.png,motorbike
4,default_no_gt,2,1,0.7786001817945721,0.8681701030927835,0.0895699212982114,D:\uwb thesis\RelatedData\DAVIS-data\DAVIS\SAM_results\motorbike\selected_by_sam\00004_sam_best.png,D:\uwb thesis\RelatedData\DAVIS-data\DAVIS\SAM_results\motorbike\selected_by_score_default_no_gt\00004_best.png,motorbike
5,default_no_gt,2,1,0.7521776469144891,0.8370505789152956,0.0848729320008064,D:\uwb thesis\RelatedData\DAVIS-data\DAVIS\SAM_results\motorbike\selected_by_sam\00005_sam_best.png,D:\uwb thesis\RelatedData\DAVIS-data\DAVIS\SAM_results\motorbike\selected_by_score_default_no_gt\00005_best.png,motorbike
6,default_no_gt,2,1,0.7356919875130072,0.8296457640719935,0.0939537765589862,D:\uwb thesis\RelatedData\DAVIS-data\DAVIS\SAM_results\motorbike\selected_by_sam\00006_sam_best.png,D:\uwb thesis\RelatedData\DAVIS-data\DAVIS\SAM_results\motorbike\selected_by_score_default_no_gt\00006_best.png,motorbike
7,default_no_gt,2,1,0.6959525094441447,0.8753355524535595,0.1793830430094148,D:\uwb thesis\RelatedData\DAVIS-data\DAVIS\SAM_results\motorbike\selected_by_sam\00007_sam_best.png,D:\uwb thesis\RelatedData\DAVIS-data\DAVIS\SAM_results\motorbike\selected_by_score_default_no_gt\00007_best.png,motorbike
8,default_no_gt,2,1,0.739939024390244,0.8937847397675593,0.1538457153773154,D:\uwb thesis\RelatedData\DAVIS-data\DAVIS\SAM_results\motorbike\selected_by_sam\00008_sam_best.png,D:\uwb thesis\RelatedData\DAVIS-data\DAVIS\SAM_results\motorbike\selected_by_score_default_no_gt\00008_best.png,motorbike
9,default_no_gt,2,1,0.719647426784191,0.8417130459390624,0.1220656191548713,D:\uwb thesis\RelatedData\DAVIS-data\DAVIS\SAM_results\motorbike\selected_by_sam\00009_sam_best.png,D:\uwb thesis\RelatedData\DAVIS-data\DAVIS\SAM_results\motorbike\selected_by_score_default_no_gt\00009_best.png,motorbike
10,default_no_gt,2,1,0.7218685555455931,0.869214931519112,0.1473463759735188,D:\uwb thesis\RelatedData\DAVIS-data\DAVIS\SAM_results\motorbike\selected_by_sam\00010_sam_best.png,D:\uwb thesis\RelatedData\DAVIS-data\DAVIS\SAM_results\motorbike\selected_by_score_default_no_gt\00010_best.png,motorbike
11,default_no_gt,2,1,0.7610679283541737,0.8791171763120209,0.1180492479578472,D:\uwb thesis\RelatedData\DAVIS-data\DAVIS\SAM_results\motorbike\selected_by_sam\00011_sam_best.png,D:\uwb thesis\RelatedData\DAVIS-data\DAVIS\SAM_results\motorbike\selected_by_score_default_no_gt\00011_best.png,motorbike
12,default_no_gt,2,1,0.781708574601412,0.8988710823399384,0.1171625077385264,D:\uwb thesis\RelatedData\DAVIS-data\DAVIS\SAM_results\motorbike\selected_by_sam\00012_sam_best.png,D:\uwb thesis\RelatedData\DAVIS-data\DAVIS\SAM_results\motorbike\selected_by_score_default_no_gt\00012_best.png,motorbike
13,default_no_gt,2,1,0.75,0.8708840106793236,0.1208840106793236,D:\uwb thesis\RelatedData\DAVIS-data\DAVIS\SAM_results\motorbike\selected_by_sam\00013_sam_best.png,D:\uwb thesis\RelatedData\DAVIS-data\DAVIS\SAM_results\motorbike\selected_by_score_default_no_gt\00013_best.png,motorbike
14,default_no_gt,2,1,0.6985489047021068,0.8290293232556512,0.1304804185535443,D:\uwb thesis\RelatedData\DAVIS-data\DAVIS\SAM_results\motorbike\selected_by_sam\00014_sam_best.png,D:\uwb thesis\RelatedData\DAVIS-data\DAVIS\SAM_results\motorbike\selected_by_score_default_no_gt\00014_best.png,motorbike
15,default_no_gt,2,1,0.693979057591623,0.8074880335715691,0.113508975979946,D:\uwb thesis\RelatedData\DAVIS-data\DAVIS\SAM_results\motorbike\selected_by_sam\00015_sam_best.png,D:\uwb thesis\RelatedData\DAVIS-data\DAVIS\SAM_results\motorbike\selected_by_score_default_no_gt\00015_best.png,motorbike
16,default_no_gt,2,1,0.6792965134217834,0.8060624806681101,0.1267659672463267,D:\uwb thesis\RelatedData\DAVIS-data\DAVIS\SAM_results\motorbike\selected_by_sam\00016_sam_best.png,D:\uwb thesis\RelatedData\DAVIS-data\DAVIS\SAM_results\motorbike\selected_by_score_default_no_gt\00016_best.png,motorbike
17,default_no_gt,2,1,0.6765876449212667,0.810499508016438,0.1339118630951713,D:\uwb thesis\RelatedData\DAVIS-data\DAVIS\SAM_results\motorbike\selected_by_sam\00017_sam_best.png,D:\uwb thesis\RelatedData\DAVIS-data\DAVIS\SAM_results\motorbike\selected_by_score_default_no_gt\00017_best.png,motorbike
18,default_no_gt,2,1,0.7032697243611205,0.8629117959617428,0.1596420716006223,D:\uwb thesis\RelatedData\DAVIS-data\DAVIS\SAM_results\motorbike\selected_by_sam\00018_sam_best.png,D:\uwb thesis\RelatedData\DAVIS-data\DAVIS\SAM_results\motorbike\selected_by_score_default_no_gt\00018_best.png,motorbike
19,default_no_gt,2,1,0.611596870685688,0.8291939749338852,0.2175971042481972,D:\uwb thesis\RelatedData\DAVIS-data\DAVIS\SAM_results\motorbike\selected_by_sam\00019_sam_best.png,D:\uwb thesis\RelatedData\DAVIS-data\DAVIS\SAM_results\motorbike\selected_by_score_default_no_gt\00019_best.png,motorbike
20,default_no_gt,2,1,0.4476717975140079,0.6612205360025831,0.2135487384885752,D:\uwb thesis\RelatedData\DAVIS-data\DAVIS\SAM_results\motorbike\selected_by_sam\00020_sam_best.png,D:\uwb thesis\RelatedData\DAVIS-data\DAVIS\SAM_results\motorbike\selected_by_score_default_no_gt\00020_best.png,motorbike
21,default_no_gt,2,1,0.3955283259070655,0.6805756552500402,0.2850473293429746,D:\uwb thesis\RelatedData\DAVIS-data\DAVIS\SAM_results\motorbike\selected_by_sam\00021_sam_best.png,D:\uwb thesis\RelatedData\DAVIS-data\DAVIS\SAM_results\motorbike\selected_by_score_default_no_gt\00021_best.png,motorbike
22,default_no_gt,5,4,0.3409270216962524,0.471280276816609,0.1303532551203565,D:\uwb thesis\RelatedData\DAVIS-data\DAVIS\SAM_results\motorbike\selected_by_sam\00022_sam_best.png,D:\uwb thesis\RelatedData\DAVIS-data\DAVIS\SAM_results\motorbike\selected_by_score_default_no_gt\00022_best.png,motorbike
23,default_no_gt,5,4,0.4891757536882617,0.4812618595825427,-0.007913894105719,D:\uwb thesis\RelatedData\DAVIS-data\DAVIS\SAM_results\motorbike\selected_by_sam\00023_sam_best.png,D:\uwb thesis\RelatedData\DAVIS-data\DAVIS\SAM_results\motorbike\selected_by_score_default_no_gt\00023_best.png,motorbike
24,default_no_gt,2,4,0.5767645221736415,0.7146127196238555,0.137848197450214,D:\uwb thesis\RelatedData\DAVIS-data\DAVIS\SAM_results\motorbike\selected_by_sam\00024_sam_best.png,D:\uwb thesis\RelatedData\DAVIS-data\DAVIS\SAM_results\motorbike\selected_by_score_default_no_gt\00024_best.png,motorbike
25,default_no_gt,2,1,0.56,0.7683403133970166,0.2083403133970165,D:\uwb thesis\RelatedData\DAVIS-data\DAVIS\SAM_results\motorbike\selected_by_sam\00025_sam_best.png,D:\uwb thesis\RelatedData\DAVIS-data\DAVIS\SAM_results\motorbike\selected_by_score_default_no_gt\00025_best.png,motorbike
26,default_no_gt,2,1,0.6237286839489179,0.7696930010400216,0.1459643170911037,D:\uwb thesis\RelatedData\DAVIS-data\DAVIS\SAM_results\motorbike\selected_by_sam\00026_sam_best.png,D:\uwb thesis\RelatedData\DAVIS-data\DAVIS\SAM_results\motorbike\selected_by_score_default_no_gt\00026_best.png,motorbike
27,default_no_gt,2,1,0.6172240265534101,0.7560096587018417,0.1387856321484315,D:\uwb thesis\RelatedData\DAVIS-data\DAVIS\SAM_results\motorbike\selected_by_sam\00027_sam_best.png,D:\uwb thesis\RelatedData\DAVIS-data\DAVIS\SAM_results\motorbike\selected_by_score_default_no_gt\00027_best.png,motorbike
28,default_no_gt,2,1,0.6049192389895238,0.7824909429847702,0.1775717039952463,D:\uwb thesis\RelatedData\DAVIS-data\DAVIS\SAM_results\motorbike\selected_by_sam\00028_sam_best.png,D:\uwb thesis\RelatedData\DAVIS-data\DAVIS\SAM_results\motorbike\selected_by_score_default_no_gt\00028_best.png,motorbike
29,default_no_gt,2,1,0.6091401907637412,0.7633409075259933,0.1542007167622521,D:\uwb thesis\RelatedData\DAVIS-data\DAVIS\SAM_results\motorbike\selected_by_sam\00029_sam_best.png,D:\uwb thesis\RelatedData\DAVIS-data\DAVIS\SAM_results\motorbike\selected_by_score_default_no_gt\00029_best.png,motorbike
30,default_no_gt,2,1,0.5897670014541273,0.7404974511615177,0.1507304497073903,D:\uwb thesis\RelatedData\DAVIS-data\DAVIS\SAM_results\motorbike\selected_by_sam\00030_sam_best.png,D:\uwb thesis\RelatedData\DAVIS-data\DAVIS\SAM_results\motorbike\selected_by_score_default_no_gt\00030_best.png,motorbike
31,default_no_gt,2,1,0.5913296149093217,0.7497630331753554,0.1584334182660337,D:\uwb thesis\RelatedData\DAVIS-data\DAVIS\SAM_results\motorbike\selected_by_sam\00031_sam_best.png,D:\uwb thesis\RelatedData\DAVIS-data\DAVIS\SAM_results\motorbike\selected_by_score_default_no_gt\00031_best.png,motorbike
32,default_no_gt,2,1,0.585042339243186,0.6935134955236796,0.1084711562804935,D:\uwb thesis\RelatedData\DAVIS-data\DAVIS\SAM_results\motorbike\selected_by_sam\00032_sam_best.png,D:\uwb thesis\RelatedData\DAVIS-data\DAVIS\SAM_results\motorbike\selected_by_score_default_no_gt\00032_best.png,motorbike
33,default_no_gt,2,1,0.5957111424912154,0.7761050502370925,0.1803939077458771,D:\uwb thesis\RelatedData\DAVIS-data\DAVIS\SAM_results\motorbike\selected_by_sam\00033_sam_best.png,D:\uwb thesis\RelatedData\DAVIS-data\DAVIS\SAM_results\motorbike\selected_by_score_default_no_gt\00033_best.png,motorbike
34,default_no_gt,2,1,0.597945899977104,0.7539870151489928,0.1560411151718888,D:\uwb thesis\RelatedData\DAVIS-data\DAVIS\SAM_results\motorbike\selected_by_sam\00034_sam_best.png,D:\uwb thesis\RelatedData\DAVIS-data\DAVIS\SAM_results\motorbike\selected_by_score_default_no_gt\00034_best.png,motorbike
35,default_no_gt,2,1,0.5938777512509402,0.7781888477818885,0.1843110965309482,D:\uwb thesis\RelatedData\DAVIS-data\DAVIS\SAM_results\motorbike\selected_by_sam\00035_sam_best.png,D:\uwb thesis\RelatedData\DAVIS-data\DAVIS\SAM_results\motorbike\selected_by_score_default_no_gt\00035_best.png,motorbike
36,default_no_gt,2,1,0.6019185448268994,0.7818078110320762,0.1798892662051767,D:\uwb thesis\RelatedData\DAVIS-data\DAVIS\SAM_results\motorbike\selected_by_sam\00036_sam_best.png,D:\uwb thesis\RelatedData\DAVIS-data\DAVIS\SAM_results\motorbike\selected_by_score_default_no_gt\00036_best.png,motorbike
37,default_no_gt,2,1,0.6080504235309812,0.7676873271733998,0.1596369036424186,D:\uwb thesis\RelatedData\DAVIS-data\DAVIS\SAM_results\motorbike\selected_by_sam\00037_sam_best.png,D:\uwb thesis\RelatedData\DAVIS-data\DAVIS\SAM_results\motorbike\selected_by_score_default_no_gt\00037_best.png,motorbike
38,default_no_gt,2,1,0.6161217970502277,0.797980838570104,0.1818590415198763,D:\uwb thesis\RelatedData\DAVIS-data\DAVIS\SAM_results\motorbike\selected_by_sam\00038_sam_best.png,D:\uwb thesis\RelatedData\DAVIS-data\DAVIS\SAM_results\motorbike\selected_by_score_default_no_gt\00038_best.png,motorbike
39,default_no_gt,2,1,0.6193593558550674,0.7858400225320378,0.1664806666769703,D:\uwb thesis\RelatedData\DAVIS-data\DAVIS\SAM_results\motorbike\selected_by_sam\00039_sam_best.png,D:\uwb thesis\RelatedData\DAVIS-data\DAVIS\SAM_results\motorbike\selected_by_score_default_no_gt\00039_best.png,motorbike
40,default_no_gt,2,1,0.6394584694940209,0.790563242891723,0.1511047733977021,D:\uwb thesis\RelatedData\DAVIS-data\DAVIS\SAM_results\motorbike\selected_by_sam\00040_sam_best.png,D:\uwb thesis\RelatedData\DAVIS-data\DAVIS\SAM_results\motorbike\selected_by_score_default_no_gt\00040_best.png,motorbike
41,default_no_gt,2,1,0.6503763539563062,0.8077561101485605,0.1573797561922543,D:\uwb thesis\RelatedData\DAVIS-data\DAVIS\SAM_results\motorbike\selected_by_sam\00041_sam_best.png,D:\uwb thesis\RelatedData\DAVIS-data\DAVIS\SAM_results\motorbike\selected_by_score_default_no_gt\00041_best.png,motorbike
42,default_no_gt,2,1,0.7043043577806609,0.8056739222235019,0.1013695644428409,D:\uwb thesis\RelatedData\DAVIS-data\DAVIS\SAM_results\motorbike\selected_by_sam\00042_sam_best.png,D:\uwb thesis\RelatedData\DAVIS-data\DAVIS\SAM_results\motorbike\selected_by_score_default_no_gt\00042_best.png,motorbike
0,default_no_gt,2,2,0.903971678282996,0.903971678282996,0.0,D:\uwb thesis\RelatedData\DAVIS-data\DAVIS\SAM_results\paragliding\selected_by_sam\00000_sam_best.png,D:\uwb thesis\RelatedData\DAVIS-data\DAVIS\SAM_results\paragliding\selected_by_score_default_no_gt\00000_best.png,paragliding
1,default_no_gt,2,1,0.9029083268826716,0.8976274165202109,-0.0052809103624607,D:\uwb thesis\RelatedData\DAVIS-data\DAVIS\SAM_results\paragliding\selected_by_sam\00001_sam_best.png,D:\uwb thesis\RelatedData\DAVIS-data\DAVIS\SAM_results\paragliding\selected_by_score_default_no_gt\00001_best.png,paragliding
2,default_no_gt,2,1,0.9028590352135998,0.8953475643130816,-0.0075114709005181,D:\uwb thesis\RelatedData\DAVIS-data\DAVIS\SAM_results\paragliding\selected_by_sam\00002_sam_best.png,D:\uwb thesis\RelatedData\DAVIS-data\DAVIS\SAM_results\paragliding\selected_by_score_default_no_gt\00002_best.png,paragliding
3,default_no_gt,2,1,0.9015960374243258,0.8936402312643177,-0.0079558061600081,D:\uwb thesis\RelatedData\DAVIS-data\DAVIS\SAM_results\paragliding\selected_by_sam\00003_sam_best.png,D:\uwb thesis\RelatedData\DAVIS-data\DAVIS\SAM_results\paragliding\selected_by_score_default_no_gt\00003_best.png,paragliding
4,default_no_gt,2,1,0.9028836592641696,0.8935008192244676,-0.0093828400397021,D:\uwb thesis\RelatedData\DAVIS-data\DAVIS\SAM_results\paragliding\selected_by_sam\00004_sam_best.png,D:\uwb thesis\RelatedData\DAVIS-data\DAVIS\SAM_results\paragliding\selected_by_score_default_no_gt\00004_best.png,paragliding
5,default_no_gt,2,2,0.9027547295054764,0.9027547295054764,0.0,D:\uwb thesis\RelatedData\DAVIS-data\DAVIS\SAM_results\paragliding\selected_by_sam\00005_sam_best.png,D:\uwb thesis\RelatedData\DAVIS-data\DAVIS\SAM_results\paragliding\selected_by_score_default_no_gt\00005_best.png,paragliding
6,default_no_gt,2,2,0.9025663815131652,0.9025663815131652,0.0,D:\uwb thesis\RelatedData\DAVIS-data\DAVIS\SAM_results\paragliding\selected_by_sam\00006_sam_best.png,D:\uwb thesis\RelatedData\DAVIS-data\DAVIS\SAM_results\paragliding\selected_by_score_default_no_gt\00006_best.png,paragliding
7,default_no_gt,2,2,0.902000223488658,0.902000223488658,0.0,D:\uwb thesis\RelatedData\DAVIS-data\DAVIS\SAM_results\paragliding\selected_by_sam\00007_sam_best.png,D:\uwb thesis\RelatedData\DAVIS-data\DAVIS\SAM_results\paragliding\selected_by_score_default_no_gt\00007_best.png,paragliding
8,default_no_gt,2,2,0.9009811661215744,0.9009811661215744,0.0,D:\uwb thesis\RelatedData\DAVIS-data\DAVIS\SAM_results\paragliding\selected_by_sam\00008_sam_best.png,D:\uwb thesis\RelatedData\DAVIS-data\DAVIS\SAM_results\paragliding\selected_by_score_default_no_gt\00008_best.png,paragliding
9,default_no_gt,2,1,0.8987498592183805,0.8929489328416583,-0.0058009263767221,D:\uwb thesis\RelatedData\DAVIS-data\DAVIS\SAM_results\paragliding\selected_by_sam\00009_sam_best.png,D:\uwb thesis\RelatedData\DAVIS-data\DAVIS\SAM_results\paragliding\selected_by_score_default_no_gt\00009_best.png,paragliding
10,default_no_gt,2,2,0.8997397306778319,0.8997397306778319,0.0,D:\uwb thesis\RelatedData\DAVIS-data\DAVIS\SAM_results\paragliding\selected_by_sam\00010_sam_best.png,D:\uwb thesis\RelatedData\DAVIS-data\DAVIS\SAM_results\paragliding\selected_by_score_default_no_gt\00010_best.png,paragliding
11,default_no_gt,2,1,0.8958214733006945,0.8920473773265651,-0.0037740959741293,D:\uwb thesis\RelatedData\DAVIS-data\DAVIS\SAM_results\paragliding\selected_by_sam\00011_sam_best.png,D:\uwb thesis\RelatedData\DAVIS-data\DAVIS\SAM_results\paragliding\selected_by_score_default_no_gt\00011_best.png,paragliding
12,default_no_gt,2,2,0.8974535443909153,0.8974535443909153,0.0,D:\uwb thesis\RelatedData\DAVIS-data\DAVIS\SAM_results\paragliding\selected_by_sam\00012_sam_best.png,D:\uwb thesis\RelatedData\DAVIS-data\DAVIS\SAM_results\paragliding\selected_by_score_default_no_gt\00012_best.png,paragliding
13,default_no_gt,2,2,0.9009488544318444,0.9009488544318444,0.0,D:\uwb thesis\RelatedData\DAVIS-data\DAVIS\SAM_results\paragliding\selected_by_sam\00013_sam_best.png,D:\uwb thesis\RelatedData\DAVIS-data\DAVIS\SAM_results\paragliding\selected_by_score_default_no_gt\00013_best.png,paragliding
14,default_no_gt,2,1,0.8984175005818013,0.8911211176538506,-0.0072963829279506,D:\uwb thesis\RelatedData\DAVIS-data\DAVIS\SAM_results\paragliding\selected_by_sam\00014_sam_best.png,D:\uwb thesis\RelatedData\DAVIS-data\DAVIS\SAM_results\paragliding\selected_by_score_default_no_gt\00014_best.png,paragliding
15,default_no_gt,2,2,0.8971622889305816,0.8971622889305816,0.0,D:\uwb thesis\RelatedData\DAVIS-data\DAVIS\SAM_results\paragliding\selected_by_sam\00015_sam_best.png,D:\uwb thesis\RelatedData\DAVIS-data\DAVIS\SAM_results\paragliding\selected_by_score_default_no_gt\00015_best.png,paragliding
16,default_no_gt,2,2,0.8921810699588477,0.8921810699588477,0.0,D:\uwb thesis\RelatedData\DAVIS-data\DAVIS\SAM_results\paragliding\selected_by_sam\00016_sam_best.png,D:\uwb thesis\RelatedData\DAVIS-data\DAVIS\SAM_results\paragliding\selected_by_score_default_no_gt\00016_best.png,paragliding
17,default_no_gt,2,2,0.8933537591326891,0.8933537591326891,0.0,D:\uwb thesis\RelatedData\DAVIS-data\DAVIS\SAM_results\paragliding\selected_by_sam\00017_sam_best.png,D:\uwb thesis\RelatedData\DAVIS-data\DAVIS\SAM_results\paragliding\selected_by_score_default_no_gt\00017_best.png,paragliding
18,default_no_gt,2,1,0.8931623931623932,0.8847330039990591,-0.0084293891633341,D:\uwb thesis\RelatedData\DAVIS-data\DAVIS\SAM_results\paragliding\selected_by_sam\00018_sam_best.png,D:\uwb thesis\RelatedData\DAVIS-data\DAVIS\SAM_results\paragliding\selected_by_score_default_no_gt\00018_best.png,paragliding
19,default_no_gt,2,1,0.8914312954355857,0.8815478999528079,-0.0098833954827778,D:\uwb thesis\RelatedData\DAVIS-data\DAVIS\SAM_results\paragliding\selected_by_sam\00019_sam_best.png,D:\uwb thesis\RelatedData\DAVIS-data\DAVIS\SAM_results\paragliding\selected_by_score_default_no_gt\00019_best.png,paragliding
20,default_no_gt,2,1,0.890516206482593,0.8826609544210401,-0.0078552520615529,D:\uwb thesis\RelatedData\DAVIS-data\DAVIS\SAM_results\paragliding\selected_by_sam\00020_sam_best.png,D:\uwb thesis\RelatedData\DAVIS-data\DAVIS\SAM_results\paragliding\selected_by_score_default_no_gt\00020_best.png,paragliding
21,default_no_gt,2,2,0.8913988886204397,0.8913988886204397,0.0,D:\uwb thesis\RelatedData\DAVIS-data\DAVIS\SAM_results\paragliding\selected_by_sam\00021_sam_best.png,D:\uwb thesis\RelatedData\DAVIS-data\DAVIS\SAM_results\paragliding\selected_by_score_default_no_gt\00021_best.png,paragliding
22,default_no_gt,2,2,0.8912144073983937,0.8912144073983937,0.0,D:\uwb thesis\RelatedData\DAVIS-data\DAVIS\SAM_results\paragliding\selected_by_sam\00022_sam_best.png,D:\uwb thesis\RelatedData\DAVIS-data\DAVIS\SAM_results\paragliding\selected_by_score_default_no_gt\00022_best.png,paragliding
23,default_no_gt,2,1,0.8871619140864031,0.879247572815534,-0.007914341270869,D:\uwb thesis\RelatedData\DAVIS-data\DAVIS\SAM_results\paragliding\selected_by_sam\00023_sam_best.png,D:\uwb thesis\RelatedData\DAVIS-data\DAVIS\SAM_results\paragliding\selected_by_score_default_no_gt\00023_best.png,paragliding
24,default_no_gt,2,1,0.88322874369386,0.877030162412993,-0.0061985812808669,D:\uwb thesis\RelatedData\DAVIS-data\DAVIS\SAM_results\paragliding\selected_by_sam\00024_sam_best.png,D:\uwb thesis\RelatedData\DAVIS-data\DAVIS\SAM_results\paragliding\selected_by_score_default_no_gt\00024_best.png,paragliding
25,default_no_gt,2,1,0.8862818125387958,0.8778447533521958,-0.0084370591865999,D:\uwb thesis\RelatedData\DAVIS-data\DAVIS\SAM_results\paragliding\selected_by_sam\00025_sam_best.png,D:\uwb thesis\RelatedData\DAVIS-data\DAVIS\SAM_results\paragliding\selected_by_score_default_no_gt\00025_best.png,paragliding
26,default_no_gt,2,1,0.8826092368977966,0.8754782179439714,-0.0071310189538251,D:\uwb thesis\RelatedData\DAVIS-data\DAVIS\SAM_results\paragliding\selected_by_sam\00026_sam_best.png,D:\uwb thesis\RelatedData\DAVIS-data\DAVIS\SAM_results\paragliding\selected_by_score_default_no_gt\00026_best.png,paragliding
27,default_no_gt,2,1,0.8796515245799627,0.873734880276475,-0.0059166443034877,D:\uwb thesis\RelatedData\DAVIS-data\DAVIS\SAM_results\paragliding\selected_by_sam\00027_sam_best.png,D:\uwb thesis\RelatedData\DAVIS-data\DAVIS\SAM_results\paragliding\selected_by_score_default_no_gt\00027_best.png,paragliding
28,default_no_gt,2,2,0.8783716283716284,0.8783716283716284,0.0,D:\uwb thesis\RelatedData\DAVIS-data\DAVIS\SAM_results\paragliding\selected_by_sam\00028_sam_best.png,D:\uwb thesis\RelatedData\DAVIS-data\DAVIS\SAM_results\paragliding\selected_by_score_default_no_gt\00028_best.png,paragliding
29,default_no_gt,2,2,0.8784516454419367,0.8784516454419367,0.0,D:\uwb thesis\RelatedData\DAVIS-data\DAVIS\SAM_results\paragliding\selected_by_sam\00029_sam_best.png,D:\uwb thesis\RelatedData\DAVIS-data\DAVIS\SAM_results\paragliding\selected_by_score_default_no_gt\00029_best.png,paragliding
30,default_no_gt,2,1,0.8731343283582089,0.8658475426278837,-0.0072867857303252,D:\uwb thesis\RelatedData\DAVIS-data\DAVIS\SAM_results\paragliding\selected_by_sam\00030_sam_best.png,D:\uwb thesis\RelatedData\DAVIS-data\DAVIS\SAM_results\paragliding\selected_by_score_default_no_gt\00030_best.png,paragliding
31,default_no_gt,2,2,0.8790899795501023,0.8790899795501023,0.0,D:\uwb thesis\RelatedData\DAVIS-data\DAVIS\SAM_results\paragliding\selected_by_sam\00031_sam_best.png,D:\uwb thesis\RelatedData\DAVIS-data\DAVIS\SAM_results\paragliding\selected_by_score_default_no_gt\00031_best.png,paragliding
32,default_no_gt,2,2,0.8782108626198083,0.8782108626198083,0.0,D:\uwb thesis\RelatedData\DAVIS-data\DAVIS\SAM_results\paragliding\selected_by_sam\00032_sam_best.png,D:\uwb thesis\RelatedData\DAVIS-data\DAVIS\SAM_results\paragliding\selected_by_score_default_no_gt\00032_best.png,paragliding
33,default_no_gt,2,1,0.8693887902612224,0.8617916823721573,-0.007597107889065,D:\uwb thesis\RelatedData\DAVIS-data\DAVIS\SAM_results\paragliding\selected_by_sam\00033_sam_best.png,D:\uwb thesis\RelatedData\DAVIS-data\DAVIS\SAM_results\paragliding\selected_by_score_default_no_gt\00033_best.png,paragliding
34,default_no_gt,2,4,0.8763454638646848,0.0919001140829002,-0.7844453497817846,D:\uwb thesis\RelatedData\DAVIS-data\DAVIS\SAM_results\paragliding\selected_by_sam\00034_sam_best.png,D:\uwb thesis\RelatedData\DAVIS-data\DAVIS\SAM_results\paragliding\selected_by_score_default_no_gt\00034_best.png,paragliding
35,default_no_gt,2,2,0.8774958134741724,0.8774958134741724,0.0,D:\uwb thesis\RelatedData\DAVIS-data\DAVIS\SAM_results\paragliding\selected_by_sam\00035_sam_best.png,D:\uwb thesis\RelatedData\DAVIS-data\DAVIS\SAM_results\paragliding\selected_by_score_default_no_gt\00035_best.png,paragliding
36,default_no_gt,2,4,0.8751443603233672,0.090920523138833,-0.7842238371845341,D:\uwb thesis\RelatedData\DAVIS-data\DAVIS\SAM_results\paragliding\selected_by_sam\00036_sam_best.png,D:\uwb thesis\RelatedData\DAVIS-data\DAVIS\SAM_results\paragliding\selected_by_score_default_no_gt\00036_best.png,paragliding
37,default_no_gt,2,6,0.8772065455482541,0.8751608751608752,-0.0020456703873789,D:\uwb thesis\RelatedData\DAVIS-data\DAVIS\SAM_results\paragliding\selected_by_sam\00037_sam_best.png,D:\uwb thesis\RelatedData\DAVIS-data\DAVIS\SAM_results\paragliding\selected_by_score_default_no_gt\00037_best.png,paragliding
38,default_no_gt,2,1,0.8724701608718215,0.8668212261720762,-0.0056489346997452,D:\uwb thesis\RelatedData\DAVIS-data\DAVIS\SAM_results\paragliding\selected_by_sam\00038_sam_best.png,D:\uwb thesis\RelatedData\DAVIS-data\DAVIS\SAM_results\paragliding\selected_by_score_default_no_gt\00038_best.png,paragliding
39,default_no_gt,2,1,0.8724536135980278,0.8668555240793201,-0.0055980895187076,D:\uwb thesis\RelatedData\DAVIS-data\DAVIS\SAM_results\paragliding\selected_by_sam\00039_sam_best.png,D:\uwb thesis\RelatedData\DAVIS-data\DAVIS\SAM_results\paragliding\selected_by_score_default_no_gt\00039_best.png,paragliding
40,default_no_gt,2,2,0.8750813272608978,0.8750813272608978,0.0,D:\uwb thesis\RelatedData\DAVIS-data\DAVIS\SAM_results\paragliding\selected_by_sam\00040_sam_best.png,D:\uwb thesis\RelatedData\DAVIS-data\DAVIS\SAM_results\paragliding\selected_by_score_default_no_gt\00040_best.png,paragliding
41,default_no_gt,2,2,0.8791780465600209,0.8791780465600209,0.0,D:\uwb thesis\RelatedData\DAVIS-data\DAVIS\SAM_results\paragliding\selected_by_sam\00041_sam_best.png,D:\uwb thesis\RelatedData\DAVIS-data\DAVIS\SAM_results\paragliding\selected_by_score_default_no_gt\00041_best.png,paragliding
42,default_no_gt,2,2,0.8797385620915033,0.8797385620915033,0.0,D:\uwb thesis\RelatedData\DAVIS-data\DAVIS\SAM_results\paragliding\selected_by_sam\00042_sam_best.png,D:\uwb thesis\RelatedData\DAVIS-data\DAVIS\SAM_results\paragliding\selected_by_score_default_no_gt\00042_best.png,paragliding
43,default_no_gt,2,2,0.8790892436534938,0.8790892436534938,0.0,D:\uwb thesis\RelatedData\DAVIS-data\DAVIS\SAM_results\paragliding\selected_by_sam\00043_sam_best.png,D:\uwb thesis\RelatedData\DAVIS-data\DAVIS\SAM_results\paragliding\selected_by_score_default_no_gt\00043_best.png,paragliding
44,default_no_gt,2,6,0.8753898128898129,0.8790081786317019,0.003618365741889,D:\uwb thesis\RelatedData\DAVIS-data\DAVIS\SAM_results\paragliding\selected_by_sam\00044_sam_best.png,D:\uwb thesis\RelatedData\DAVIS-data\DAVIS\SAM_results\paragliding\selected_by_score_default_no_gt\00044_best.png,paragliding
45,default_no_gt,2,1,0.87782394183329,0.8712667353244078,-0.0065572065088822,D:\uwb thesis\RelatedData\DAVIS-data\DAVIS\SAM_results\paragliding\selected_by_sam\00045_sam_best.png,D:\uwb thesis\RelatedData\DAVIS-data\DAVIS\SAM_results\paragliding\selected_by_score_default_no_gt\00045_best.png,paragliding
46,default_no_gt,2,1,0.8755647347360268,0.8675191815856778,-0.008045553150349,D:\uwb thesis\RelatedData\DAVIS-data\DAVIS\SAM_results\paragliding\selected_by_sam\00046_sam_best.png,D:\uwb thesis\RelatedData\DAVIS-data\DAVIS\SAM_results\paragliding\selected_by_score_default_no_gt\00046_best.png,paragliding
47,default_no_gt,2,2,0.8707807266168514,0.8707807266168514,0.0,D:\uwb thesis\RelatedData\DAVIS-data\DAVIS\SAM_results\paragliding\selected_by_sam\00047_sam_best.png,D:\uwb thesis\RelatedData\DAVIS-data\DAVIS\SAM_results\paragliding\selected_by_score_default_no_gt\00047_best.png,paragliding
48,default_no_gt,2,2,0.8749678745823696,0.8749678745823696,0.0,D:\uwb thesis\RelatedData\DAVIS-data\DAVIS\SAM_results\paragliding\selected_by_sam\00048_sam_best.png,D:\uwb thesis\RelatedData\DAVIS-data\DAVIS\SAM_results\paragliding\selected_by_score_default_no_gt\00048_best.png,paragliding
49,default_no_gt,2,1,0.8742476629530029,0.867081376158436,-0.0071662867945669,D:\uwb thesis\RelatedData\DAVIS-data\DAVIS\SAM_results\paragliding\selected_by_sam\00049_sam_best.png,D:\uwb thesis\RelatedData\DAVIS-data\DAVIS\SAM_results\paragliding\selected_by_score_default_no_gt\00049_best.png,paragliding
50,default_no_gt,2,1,0.8749202297383536,0.8688545362392296,-0.006065693499124,D:\uwb thesis\RelatedData\DAVIS-data\DAVIS\SAM_results\paragliding\selected_by_sam\00050_sam_best.png,D:\uwb thesis\RelatedData\DAVIS-data\DAVIS\SAM_results\paragliding\selected_by_score_default_no_gt\00050_best.png,paragliding
51,default_no_gt,2,1,0.8792202828385781,0.8724883103753317,-0.0067319724632464,D:\uwb thesis\RelatedData\DAVIS-data\DAVIS\SAM_results\paragliding\selected_by_sam\00051_sam_best.png,D:\uwb thesis\RelatedData\DAVIS-data\DAVIS\SAM_results\paragliding\selected_by_score_default_no_gt\00051_best.png,paragliding
52,default_no_gt,2,1,0.8804430863254392,0.8722733577102509,-0.0081697286151882,D:\uwb thesis\RelatedData\DAVIS-data\DAVIS\SAM_results\paragliding\selected_by_sam\00052_sam_best.png,D:\uwb thesis\RelatedData\DAVIS-data\DAVIS\SAM_results\paragliding\selected_by_score_default_no_gt\00052_best.png,paragliding
53,default_no_gt,2,1,0.8769464489175846,0.8723912496856927,-0.0045551992318918,D:\uwb thesis\RelatedData\DAVIS-data\DAVIS\SAM_results\paragliding\selected_by_sam\00053_sam_best.png,D:\uwb thesis\RelatedData\DAVIS-data\DAVIS\SAM_results\paragliding\selected_by_score_default_no_gt\00053_best.png,paragliding
54,default_no_gt,2,2,0.8771020356555822,0.8771020356555822,0.0,D:\uwb thesis\RelatedData\DAVIS-data\DAVIS\SAM_results\paragliding\selected_by_sam\00054_sam_best.png,D:\uwb thesis\RelatedData\DAVIS-data\DAVIS\SAM_results\paragliding\selected_by_score_default_no_gt\00054_best.png,paragliding
55,default_no_gt,2,1,0.8755538675781744,0.8710205108846105,-0.0045333566935639,D:\uwb thesis\RelatedData\DAVIS-data\DAVIS\SAM_results\paragliding\selected_by_sam\00055_sam_best.png,D:\uwb thesis\RelatedData\DAVIS-data\DAVIS\SAM_results\paragliding\selected_by_score_default_no_gt\00055_best.png,paragliding
56,default_no_gt,2,1,0.8799748110831235,0.8735014985014985,-0.0064733125816249,D:\uwb thesis\RelatedData\DAVIS-data\DAVIS\SAM_results\paragliding\selected_by_sam\00056_sam_best.png,D:\uwb thesis\RelatedData\DAVIS-data\DAVIS\SAM_results\paragliding\selected_by_score_default_no_gt\00056_best.png,paragliding
57,default_no_gt,2,1,0.8790413181874922,0.872029702970297,-0.0070116152171951,D:\uwb thesis\RelatedData\DAVIS-data\DAVIS\SAM_results\paragliding\selected_by_sam\00057_sam_best.png,D:\uwb thesis\RelatedData\DAVIS-data\DAVIS\SAM_results\paragliding\selected_by_score_default_no_gt\00057_best.png,paragliding
58,default_no_gt,2,1,0.8719791795761557,0.8652569461519548,-0.0067222334242008,D:\uwb thesis\RelatedData\DAVIS-data\DAVIS\SAM_results\paragliding\selected_by_sam\00058_sam_best.png,D:\uwb thesis\RelatedData\DAVIS-data\DAVIS\SAM_results\paragliding\selected_by_score_default_no_gt\00058_best.png,paragliding
59,default_no_gt,2,1,0.8676762661370407,0.8616995073891626,-0.0059767587478781,D:\uwb thesis\RelatedData\DAVIS-data\DAVIS\SAM_results\paragliding\selected_by_sam\00059_sam_best.png,D:\uwb thesis\RelatedData\DAVIS-data\DAVIS\SAM_results\paragliding\selected_by_score_default_no_gt\00059_best.png,paragliding
60,default_no_gt,2,1,0.8749216693821281,0.8674863387978142,-0.0074353305843138,D:\uwb thesis\RelatedData\DAVIS-data\DAVIS\SAM_results\paragliding\selected_by_sam\00060_sam_best.png,D:\uwb thesis\RelatedData\DAVIS-data\DAVIS\SAM_results\paragliding\selected_by_score_default_no_gt\00060_best.png,paragliding
61,default_no_gt,2,1,0.8807591459607941,0.8729274931947538,-0.0078316527660402,D:\uwb thesis\RelatedData\DAVIS-data\DAVIS\SAM_results\paragliding\selected_by_sam\00061_sam_best.png,D:\uwb thesis\RelatedData\DAVIS-data\DAVIS\SAM_results\paragliding\selected_by_score_default_no_gt\00061_best.png,paragliding
62,default_no_gt,2,1,0.8836323420987958,0.8775286375822569,-0.0061037045165389,D:\uwb thesis\RelatedData\DAVIS-data\DAVIS\SAM_results\paragliding\selected_by_sam\00062_sam_best.png,D:\uwb thesis\RelatedData\DAVIS-data\DAVIS\SAM_results\paragliding\selected_by_score_default_no_gt\00062_best.png,paragliding
63,default_no_gt,2,1,0.8868590914626721,0.8793915248098515,-0.0074675666528205,D:\uwb thesis\RelatedData\DAVIS-data\DAVIS\SAM_results\paragliding\selected_by_sam\00063_sam_best.png,D:\uwb thesis\RelatedData\DAVIS-data\DAVIS\SAM_results\paragliding\selected_by_score_default_no_gt\00063_best.png,paragliding
64,default_no_gt,2,1,0.885184287099903,0.8773131458783946,-0.0078711412215084,D:\uwb thesis\RelatedData\DAVIS-data\DAVIS\SAM_results\paragliding\selected_by_sam\00064_sam_best.png,D:\uwb thesis\RelatedData\DAVIS-data\DAVIS\SAM_results\paragliding\selected_by_score_default_no_gt\00064_best.png,paragliding
65,default_no_gt,2,1,0.8827511180950078,0.8756892831455286,-0.0070618349494792,D:\uwb thesis\RelatedData\DAVIS-data\DAVIS\SAM_results\paragliding\selected_by_sam\00065_sam_best.png,D:\uwb thesis\RelatedData\DAVIS-data\DAVIS\SAM_results\paragliding\selected_by_score_default_no_gt\00065_best.png,paragliding
66,default_no_gt,2,1,0.8846616903443294,0.8776875298614429,-0.0069741604828864,D:\uwb thesis\RelatedData\DAVIS-data\DAVIS\SAM_results\paragliding\selected_by_sam\00066_sam_best.png,D:\uwb thesis\RelatedData\DAVIS-data\DAVIS\SAM_results\paragliding\selected_by_score_default_no_gt\00066_best.png,paragliding
67,default_no_gt,2,2,0.8855053350917156,0.8855053350917156,0.0,D:\uwb thesis\RelatedData\DAVIS-data\DAVIS\SAM_results\paragliding\selected_by_sam\00067_sam_best.png,D:\uwb thesis\RelatedData\DAVIS-data\DAVIS\SAM_results\paragliding\selected_by_score_default_no_gt\00067_best.png,paragliding
68,default_no_gt,2,1,0.8863036699448309,0.8787590633543326,-0.0075446065904982,D:\uwb thesis\RelatedData\DAVIS-data\DAVIS\SAM_results\paragliding\selected_by_sam\00068_sam_best.png,D:\uwb thesis\RelatedData\DAVIS-data\DAVIS\SAM_results\paragliding\selected_by_score_default_no_gt\00068_best.png,paragliding
69,default_no_gt,2,1,0.8825208085612366,0.8759433962264151,-0.0065774123348214,D:\uwb thesis\RelatedData\DAVIS-data\DAVIS\SAM_results\paragliding\selected_by_sam\00069_sam_best.png,D:\uwb thesis\RelatedData\DAVIS-data\DAVIS\SAM_results\paragliding\selected_by_score_default_no_gt\00069_best.png,paragliding
0,default_no_gt,1,1,0.8056191650519641,0.8056191650519641,0.0,D:\uwb thesis\RelatedData\DAVIS-data\DAVIS\SAM_results\paragliding-launch\selected_by_sam\00000_sam_best.png,D:\uwb thesis\RelatedData\DAVIS-data\DAVIS\SAM_results\paragliding-launch\selected_by_score_default_no_gt\00000_best.png,paragliding-launch
1,default_no_gt,1,1,0.7982753310748383,0.7982753310748383,0.0,D:\uwb thesis\RelatedData\DAVIS-data\DAVIS\SAM_results\paragliding-launch\selected_by_sam\00001_sam_best.png,D:\uwb thesis\RelatedData\DAVIS-data\DAVIS\SAM_results\paragliding-launch\selected_by_score_default_no_gt\00001_best.png,paragliding-launch
2,default_no_gt,14,12,0.2207229346320539,0.2075454829913727,-0.0131774516406812,D:\uwb thesis\RelatedData\DAVIS-data\DAVIS\SAM_results\paragliding-launch\selected_by_sam\00002_sam_best.png,D:\uwb thesis\RelatedData\DAVIS-data\DAVIS\SAM_results\paragliding-launch\selected_by_score_default_no_gt\00002_best.png,paragliding-launch
3,default_no_gt,14,12,0.2264252661844647,0.2129717087212702,-0.0134535574631945,D:\uwb thesis\RelatedData\DAVIS-data\DAVIS\SAM_results\paragliding-launch\selected_by_sam\00003_sam_best.png,D:\uwb thesis\RelatedData\DAVIS-data\DAVIS\SAM_results\paragliding-launch\selected_by_score_default_no_gt\00003_best.png,paragliding-launch
4,default_no_gt,1,11,0.797453856658297,0.0105282021414811,-0.786925654516816,D:\uwb thesis\RelatedData\DAVIS-data\DAVIS\SAM_results\paragliding-launch\selected_by_sam\00004_sam_best.png,D:\uwb thesis\RelatedData\DAVIS-data\DAVIS\SAM_results\paragliding-launch\selected_by_score_default_no_gt\00004_best.png,paragliding-launch
5,default_no_gt,11,9,0.2323362902866313,0.2194262258510685,-0.0129100644355627,D:\uwb thesis\RelatedData\DAVIS-data\DAVIS\SAM_results\paragliding-launch\selected_by_sam\00005_sam_best.png,D:\uwb thesis\RelatedData\DAVIS-data\DAVIS\SAM_results\paragliding-launch\selected_by_score_default_no_gt\00005_best.png,paragliding-launch
6,default_no_gt,1,1,0.7900733368255631,0.7900733368255631,0.0,D:\uwb thesis\RelatedData\DAVIS-data\DAVIS\SAM_results\paragliding-launch\selected_by_sam\00006_sam_best.png,D:\uwb thesis\RelatedData\DAVIS-data\DAVIS\SAM_results\paragliding-launch\selected_by_score_default_no_gt\00006_best.png,paragliding-launch
7,default_no_gt,1,1,0.7854132622344543,0.7854132622344543,0.0,D:\uwb thesis\RelatedData\DAVIS-data\DAVIS\SAM_results\paragliding-launch\selected_by_sam\00007_sam_best.png,D:\uwb thesis\RelatedData\DAVIS-data\DAVIS\SAM_results\paragliding-launch\selected_by_score_default_no_gt\00007_best.png,paragliding-launch
8,default_no_gt,2,1,0.7185662400553442,0.7846054611911417,0.0660392211357975,D:\uwb thesis\RelatedData\DAVIS-data\DAVIS\SAM_results\paragliding-launch\selected_by_sam\00008_sam_best.png,D:\uwb thesis\RelatedData\DAVIS-data\DAVIS\SAM_results\paragliding-launch\selected_by_score_default_no_gt\00008_best.png,paragliding-launch
9,default_no_gt,14,13,0.4074783441431245,0.4894459677068373,0.0819676235637127,D:\uwb thesis\RelatedData\DAVIS-data\DAVIS\SAM_results\paragliding-launch\selected_by_sam\00009_sam_best.png,D:\uwb thesis\RelatedData\DAVIS-data\DAVIS\SAM_results\paragliding-launch\selected_by_score_default_no_gt\00009_best.png,paragliding-launch
10,default_no_gt,1,1,0.7787399223648851,0.7787399223648851,0.0,D:\uwb thesis\RelatedData\DAVIS-data\DAVIS\SAM_results\paragliding-launch\selected_by_sam\00010_sam_best.png,D:\uwb thesis\RelatedData\DAVIS-data\DAVIS\SAM_results\paragliding-launch\selected_by_score_default_no_gt\00010_best.png,paragliding-launch
11,default_no_gt,2,10,0.7774062165058949,0.5419426998193237,-0.2354635166865711,D:\uwb thesis\RelatedData\DAVIS-data\DAVIS\SAM_results\paragliding-launch\selected_by_sam\00011_sam_best.png,D:\uwb thesis\RelatedData\DAVIS-data\DAVIS\SAM_results\paragliding-launch\selected_by_score_default_no_gt\00011_best.png,paragliding-launch
12,default_no_gt,1,1,0.793249831876261,0.793249831876261,0.0,D:\uwb thesis\RelatedData\DAVIS-data\DAVIS\SAM_results\paragliding-launch\selected_by_sam\00012_sam_best.png,D:\uwb thesis\RelatedData\DAVIS-data\DAVIS\SAM_results\paragliding-launch\selected_by_score_default_no_gt\00012_best.png,paragliding-launch
13,default_no_gt,2,11,0.7798439315955504,0.6659589525831564,-0.113884979012394,D:\uwb thesis\RelatedData\DAVIS-data\DAVIS\SAM_results\paragliding-launch\selected_by_sam\00013_sam_best.png,D:\uwb thesis\RelatedData\DAVIS-data\DAVIS\SAM_results\paragliding-launch\selected_by_score_default_no_gt\00013_best.png,paragliding-launch
14,default_no_gt,8,8,0.2495258514059536,0.2495258514059536,0.0,D:\uwb thesis\RelatedData\DAVIS-data\DAVIS\SAM_results\paragliding-launch\selected_by_sam\00014_sam_best.png,D:\uwb thesis\RelatedData\DAVIS-data\DAVIS\SAM_results\paragliding-launch\selected_by_score_default_no_gt\00014_best.png,paragliding-launch
15,default_no_gt,2,10,0.7912971746751908,0.6811844540407156,-0.1101127206344751,D:\uwb thesis\RelatedData\DAVIS-data\DAVIS\SAM_results\paragliding-launch\selected_by_sam\00015_sam_best.png,D:\uwb thesis\RelatedData\DAVIS-data\DAVIS\SAM_results\paragliding-launch\selected_by_score_default_no_gt\00015_best.png,paragliding-launch
16,default_no_gt,2,1,0.7834256805589015,0.788744174931294,0.0053184943723925,D:\uwb thesis\RelatedData\DAVIS-data\DAVIS\SAM_results\paragliding-launch\selected_by_sam\00016_sam_best.png,D:\uwb thesis\RelatedData\DAVIS-data\DAVIS\SAM_results\paragliding-launch\selected_by_score_default_no_gt\00016_best.png,paragliding-launch
17,default_no_gt,2,11,0.8695518991773149,0.7040829897592765,-0.1654689094180383,D:\uwb thesis\RelatedData\DAVIS-data\DAVIS\SAM_results\paragliding-launch\selected_by_sam\00017_sam_best.png,D:\uwb thesis\RelatedData\DAVIS-data\DAVIS\SAM_results\paragliding-launch\selected_by_score_default_no_gt\00017_best.png,paragliding-launch
18,default_no_gt,2,10,0.841796092741756,0.7042089725812944,-0.1375871201604616,D:\uwb thesis\RelatedData\DAVIS-data\DAVIS\SAM_results\paragliding-launch\selected_by_sam\00018_sam_best.png,D:\uwb thesis\RelatedData\DAVIS-data\DAVIS\SAM_results\paragliding-launch\selected_by_score_default_no_gt\00018_best.png,paragliding-launch
19,default_no_gt,2,5,0.8332594628135803,0.6290213112528845,-0.2042381515606958,D:\uwb thesis\RelatedData\DAVIS-data\DAVIS\SAM_results\paragliding-launch\selected_by_sam\00019_sam_best.png,D:\uwb thesis\RelatedData\DAVIS-data\DAVIS\SAM_results\paragliding-launch\selected_by_score_default_no_gt\00019_best.png,paragliding-launch
20,default_no_gt,11,7,0.6307200538358008,0.6081723688086521,-0.0225476850271486,D:\uwb thesis\RelatedData\DAVIS-data\DAVIS\SAM_results\paragliding-launch\selected_by_sam\00020_sam_best.png,D:\uwb thesis\RelatedData\DAVIS-data\DAVIS\SAM_results\paragliding-launch\selected_by_score_default_no_gt\00020_best.png,paragliding-launch
21,default_no_gt,8,10,0.6206331189305082,0.6002019182231196,-0.0204312007073885,D:\uwb thesis\RelatedData\DAVIS-data\DAVIS\SAM_results\paragliding-launch\selected_by_sam\00021_sam_best.png,D:\uwb thesis\RelatedData\DAVIS-data\DAVIS\SAM_results\paragliding-launch\selected_by_score_default_no_gt\00021_best.png,paragliding-launch
22,default_no_gt,2,11,0.7675559125692302,0.0098929336188436,-0.7576629789503865,D:\uwb thesis\RelatedData\DAVIS-data\DAVIS\SAM_results\paragliding-launch\selected_by_sam\00022_sam_best.png,D:\uwb thesis\RelatedData\DAVIS-data\DAVIS\SAM_results\paragliding-launch\selected_by_score_default_no_gt\00022_best.png,paragliding-launch
23,default_no_gt,1,7,0.7740750345781466,0.3642844569618025,-0.4097905776163441,D:\uwb thesis\RelatedData\DAVIS-data\DAVIS\SAM_results\paragliding-launch\selected_by_sam\00023_sam_best.png,D:\uwb thesis\RelatedData\DAVIS-data\DAVIS\SAM_results\paragliding-launch\selected_by_score_default_no_gt\00023_best.png,paragliding-launch
24,default_no_gt,1,1,0.7651955602536998,0.7651955602536998,0.0,D:\uwb thesis\RelatedData\DAVIS-data\DAVIS\SAM_results\paragliding-launch\selected_by_sam\00024_sam_best.png,D:\uwb thesis\RelatedData\DAVIS-data\DAVIS\SAM_results\paragliding-launch\selected_by_score_default_no_gt\00024_best.png,paragliding-launch
25,default_no_gt,2,7,0.7541747748563153,0.5133619117110544,-0.2408128631452609,D:\uwb thesis\RelatedData\DAVIS-data\DAVIS\SAM_results\paragliding-launch\selected_by_sam\00025_sam_best.png,D:\uwb thesis\RelatedData\DAVIS-data\DAVIS\SAM_results\paragliding-launch\selected_by_score_default_no_gt\00025_best.png,paragliding-launch
26,default_no_gt,2,10,0.7397968521229868,0.4918214582755753,-0.2479753938474115,D:\uwb thesis\RelatedData\DAVIS-data\DAVIS\SAM_results\paragliding-launch\selected_by_sam\00026_sam_best.png,D:\uwb thesis\RelatedData\DAVIS-data\DAVIS\SAM_results\paragliding-launch\selected_by_score_default_no_gt\00026_best.png,paragliding-launch
27,default_no_gt,2,13,0.7469515033044773,0.4890339548208331,-0.2579175484836442,D:\uwb thesis\RelatedData\DAVIS-data\DAVIS\SAM_results\paragliding-launch\selected_by_sam\00027_sam_best.png,D:\uwb thesis\RelatedData\DAVIS-data\DAVIS\SAM_results\paragliding-launch\selected_by_score_default_no_gt\00027_best.png,paragliding-launch
28,default_no_gt,2,10,0.7511939098775355,0.4874527986233927,-0.2637411112541428,D:\uwb thesis\RelatedData\DAVIS-data\DAVIS\SAM_results\paragliding-launch\selected_by_sam\00028_sam_best.png,D:\uwb thesis\RelatedData\DAVIS-data\DAVIS\SAM_results\paragliding-launch\selected_by_score_default_no_gt\00028_best.png,paragliding-launch
29,default_no_gt,5,8,0.7538988943073729,0.6022050931798224,-0.1516938011275505,D:\uwb thesis\RelatedData\DAVIS-data\DAVIS\SAM_results\paragliding-launch\selected_by_sam\00029_sam_best.png,D:\uwb thesis\RelatedData\DAVIS-data\DAVIS\SAM_results\paragliding-launch\selected_by_score_default_no_gt\00029_best.png,paragliding-launch
30,default_no_gt,2,1,0.7429057337220603,0.7448969720421785,0.0019912383201182,D:\uwb thesis\RelatedData\DAVIS-data\DAVIS\SAM_results\paragliding-launch\selected_by_sam\00030_sam_best.png,D:\uwb thesis\RelatedData\DAVIS-data\DAVIS\SAM_results\paragliding-launch\selected_by_score_default_no_gt\00030_best.png,paragliding-launch
31,default_no_gt,2,2,0.7470635078638264,0.7470635078638264,0.0,D:\uwb thesis\RelatedData\DAVIS-data\DAVIS\SAM_results\paragliding-launch\selected_by_sam\00031_sam_best.png,D:\uwb thesis\RelatedData\DAVIS-data\DAVIS\SAM_results\paragliding-launch\selected_by_score_default_no_gt\00031_best.png,paragliding-launch
32,default_no_gt,2,1,0.7298393152124943,0.7378277153558053,0.0079884001433109,D:\uwb thesis\RelatedData\DAVIS-data\DAVIS\SAM_results\paragliding-launch\selected_by_sam\00032_sam_best.png,D:\uwb thesis\RelatedData\DAVIS-data\DAVIS\SAM_results\paragliding-launch\selected_by_score_default_no_gt\00032_best.png,paragliding-launch
33,default_no_gt,2,1,0.7335400884640806,0.7408722109533469,0.0073321224892662,D:\uwb thesis\RelatedData\DAVIS-data\DAVIS\SAM_results\paragliding-launch\selected_by_sam\00033_sam_best.png,D:\uwb thesis\RelatedData\DAVIS-data\DAVIS\SAM_results\paragliding-launch\selected_by_score_default_no_gt\00033_best.png,paragliding-launch
34,default_no_gt,2,1,0.7302571399532473,0.7344621311974044,0.0042049912441571,D:\uwb thesis\RelatedData\DAVIS-data\DAVIS\SAM_results\paragliding-launch\selected_by_sam\00034_sam_best.png,D:\uwb thesis\RelatedData\DAVIS-data\DAVIS\SAM_results\paragliding-launch\selected_by_score_default_no_gt\00034_best.png,paragliding-launch
35,default_no_gt,2,11,0.719339144536793,0.6938848370479931,-0.0254543074887999,D:\uwb thesis\RelatedData\DAVIS-data\DAVIS\SAM_results\paragliding-launch\selected_by_sam\00035_sam_best.png,D:\uwb thesis\RelatedData\DAVIS-data\DAVIS\SAM_results\paragliding-launch\selected_by_score_default_no_gt\00035_best.png,paragliding-launch
36,default_no_gt,2,11,0.7265549876005871,0.7013659676027014,-0.0251890199978856,D:\uwb thesis\RelatedData\DAVIS-data\DAVIS\SAM_results\paragliding-launch\selected_by_sam\00036_sam_best.png,D:\uwb thesis\RelatedData\DAVIS-data\DAVIS\SAM_results\paragliding-launch\selected_by_score_default_no_gt\00036_best.png,paragliding-launch
37,default_no_gt,2,11,0.7206361948723095,0.5208501615508885,-0.1997860333214209,D:\uwb thesis\RelatedData\DAVIS-data\DAVIS\SAM_results\paragliding-launch\selected_by_sam\00037_sam_best.png,D:\uwb thesis\RelatedData\DAVIS-data\DAVIS\SAM_results\paragliding-launch\selected_by_score_default_no_gt\00037_best.png,paragliding-launch
38,default_no_gt,2,1,0.716777988236467,0.7172499379498635,0.0004719497133964,D:\uwb thesis\RelatedData\DAVIS-data\DAVIS\SAM_results\paragliding-launch\selected_by_sam\00038_sam_best.png,D:\uwb thesis\RelatedData\DAVIS-data\DAVIS\SAM_results\paragliding-launch\selected_by_score_default_no_gt\00038_best.png,paragliding-launch
39,default_no_gt,2,1,0.6620843395875906,0.6638768149449736,0.001792475357383,D:\uwb thesis\RelatedData\DAVIS-data\DAVIS\SAM_results\paragliding-launch\selected_by_sam\00039_sam_best.png,D:\uwb thesis\RelatedData\DAVIS-data\DAVIS\SAM_results\paragliding-launch\selected_by_score_default_no_gt\00039_best.png,paragliding-launch
40,default_no_gt,5,8,0.6753265602322206,0.5759527383661808,-0.0993738218660398,D:\uwb thesis\RelatedData\DAVIS-data\DAVIS\SAM_results\paragliding-launch\selected_by_sam\00040_sam_best.png,D:\uwb thesis\RelatedData\DAVIS-data\DAVIS\SAM_results\paragliding-launch\selected_by_score_default_no_gt\00040_best.png,paragliding-launch
41,default_no_gt,5,2,0.6656528990483666,0.5621383030897499,-0.1035145959586166,D:\uwb thesis\RelatedData\DAVIS-data\DAVIS\SAM_results\paragliding-launch\selected_by_sam\00041_sam_best.png,D:\uwb thesis\RelatedData\DAVIS-data\DAVIS\SAM_results\paragliding-launch\selected_by_score_default_no_gt\00041_best.png,paragliding-launch
42,default_no_gt,11,1,0.6573548451349467,0.5714926712533652,-0.0858621738815814,D:\uwb thesis\RelatedData\DAVIS-data\DAVIS\SAM_results\paragliding-launch\selected_by_sam\00042_sam_best.png,D:\uwb thesis\RelatedData\DAVIS-data\DAVIS\SAM_results\paragliding-launch\selected_by_score_default_no_gt\00042_best.png,paragliding-launch
43,default_no_gt,8,7,0.5282348161690026,0.5468124968352828,0.0185776806662801,D:\uwb thesis\RelatedData\DAVIS-data\DAVIS\SAM_results\paragliding-launch\selected_by_sam\00043_sam_best.png,D:\uwb thesis\RelatedData\DAVIS-data\DAVIS\SAM_results\paragliding-launch\selected_by_score_default_no_gt\00043_best.png,paragliding-launch
44,default_no_gt,11,10,0.5215281039611711,0.5319835528027897,0.0104554488416186,D:\uwb thesis\RelatedData\DAVIS-data\DAVIS\SAM_results\paragliding-launch\selected_by_sam\00044_sam_best.png,D:\uwb thesis\RelatedData\DAVIS-data\DAVIS\SAM_results\paragliding-launch\selected_by_score_default_no_gt\00044_best.png,paragliding-launch
45,default_no_gt,8,7,0.4951133068413704,0.5087850867795157,0.0136717799381452,D:\uwb thesis\RelatedData\DAVIS-data\DAVIS\SAM_results\paragliding-launch\selected_by_sam\00045_sam_best.png,D:\uwb thesis\RelatedData\DAVIS-data\DAVIS\SAM_results\paragliding-launch\selected_by_score_default_no_gt\00045_best.png,paragliding-launch
46,default_no_gt,8,7,0.4929884351081066,0.4981644231838914,0.0051759880757848,D:\uwb thesis\RelatedData\DAVIS-data\DAVIS\SAM_results\paragliding-launch\selected_by_sam\00046_sam_best.png,D:\uwb thesis\RelatedData\DAVIS-data\DAVIS\SAM_results\paragliding-launch\selected_by_score_default_no_gt\00046_best.png,paragliding-launch
47,default_no_gt,11,13,0.5447879061371841,0.4735893681720914,-0.0711985379650926,D:\uwb thesis\RelatedData\DAVIS-data\DAVIS\SAM_results\paragliding-launch\selected_by_sam\00047_sam_best.png,D:\uwb thesis\RelatedData\DAVIS-data\DAVIS\SAM_results\paragliding-launch\selected_by_score_default_no_gt\00047_best.png,paragliding-launch
48,default_no_gt,11,7,0.0424215396621885,0.3162005223521059,0.2737789826899173,D:\uwb thesis\RelatedData\DAVIS-data\DAVIS\SAM_results\paragliding-launch\selected_by_sam\00048_sam_best.png,D:\uwb thesis\RelatedData\DAVIS-data\DAVIS\SAM_results\paragliding-launch\selected_by_score_default_no_gt\00048_best.png,paragliding-launch
49,default_no_gt,8,13,0.5305483337272512,0.456508945386064,-0.0740393883411871,D:\uwb thesis\RelatedData\DAVIS-data\DAVIS\SAM_results\paragliding-launch\selected_by_sam\00049_sam_best.png,D:\uwb thesis\RelatedData\DAVIS-data\DAVIS\SAM_results\paragliding-launch\selected_by_score_default_no_gt\00049_best.png,paragliding-launch
50,default_no_gt,6,10,0.0345671815797143,0.4088276588276588,0.3742604772479444,D:\uwb thesis\RelatedData\DAVIS-data\DAVIS\SAM_results\paragliding-launch\selected_by_sam\00050_sam_best.png,D:\uwb thesis\RelatedData\DAVIS-data\DAVIS\SAM_results\paragliding-launch\selected_by_score_default_no_gt\00050_best.png,paragliding-launch
51,default_no_gt,11,12,0.5101458268693764,0.3358001265022138,-0.1743457003671625,D:\uwb thesis\RelatedData\DAVIS-data\DAVIS\SAM_results\paragliding-launch\selected_by_sam\00051_sam_best.png,D:\uwb thesis\RelatedData\DAVIS-data\DAVIS\SAM_results\paragliding-launch\selected_by_score_default_no_gt\00051_best.png,paragliding-launch
52,default_no_gt,8,11,0.4866313532601841,0.4109209864116759,-0.0757103668485082,D:\uwb thesis\RelatedData\DAVIS-data\DAVIS\SAM_results\paragliding-launch\selected_by_sam\00052_sam_best.png,D:\uwb thesis\RelatedData\DAVIS-data\DAVIS\SAM_results\paragliding-launch\selected_by_score_default_no_gt\00052_best.png,paragliding-launch
53,default_no_gt,8,14,0.47136,0.407435799156765,-0.0639242008432349,D:\uwb thesis\RelatedData\DAVIS-data\DAVIS\SAM_results\paragliding-launch\selected_by_sam\00053_sam_best.png,D:\uwb thesis\RelatedData\DAVIS-data\DAVIS\SAM_results\paragliding-launch\selected_by_score_default_no_gt\00053_best.png,paragliding-launch
54,default_no_gt,5,4,0.4398329585608737,0.4577913797500637,0.01795842118919,D:\uwb thesis\RelatedData\DAVIS-data\DAVIS\SAM_results\paragliding-launch\selected_by_sam\00054_sam_best.png,D:\uwb thesis\RelatedData\DAVIS-data\DAVIS\SAM_results\paragliding-launch\selected_by_score_default_no_gt\00054_best.png,paragliding-launch
55,default_no_gt,5,10,0.4356792987883475,0.4103026400515132,-0.0253766587368343,D:\uwb thesis\RelatedData\DAVIS-data\DAVIS\SAM_results\paragliding-launch\selected_by_sam\00055_sam_best.png,D:\uwb thesis\RelatedData\DAVIS-data\DAVIS\SAM_results\paragliding-launch\selected_by_score_default_no_gt\00055_best.png,paragliding-launch
56,default_no_gt,8,14,0.449928469241774,0.0258842661607263,-0.4240442030810476,D:\uwb thesis\RelatedData\DAVIS-data\DAVIS\SAM_results\paragliding-launch\selected_by_sam\00056_sam_best.png,D:\uwb thesis\RelatedData\DAVIS-data\DAVIS\SAM_results\paragliding-launch\selected_by_score_default_no_gt\00056_best.png,paragliding-launch
57,default_no_gt,8,7,0.4394384590270976,0.4521428571428571,0.0127043981157595,D:\uwb thesis\RelatedData\DAVIS-data\DAVIS\SAM_results\paragliding-launch\selected_by_sam\00057_sam_best.png,D:\uwb thesis\RelatedData\DAVIS-data\DAVIS\SAM_results\paragliding-launch\selected_by_score_default_no_gt\00057_best.png,paragliding-launch
58,default_no_gt,2,1,0.4446442845723421,0.4623192251558976,0.0176749405835554,D:\uwb thesis\RelatedData\DAVIS-data\DAVIS\SAM_results\paragliding-launch\selected_by_sam\00058_sam_best.png,D:\uwb thesis\RelatedData\DAVIS-data\DAVIS\SAM_results\paragliding-launch\selected_by_score_default_no_gt\00058_best.png,paragliding-launch
59,default_no_gt,5,4,0.4550500947738966,0.4604632318184887,0.0054131370445921,D:\uwb thesis\RelatedData\DAVIS-data\DAVIS\SAM_results\paragliding-launch\selected_by_sam\00059_sam_best.png,D:\uwb thesis\RelatedData\DAVIS-data\DAVIS\SAM_results\paragliding-launch\selected_by_score_default_no_gt\00059_best.png,paragliding-launch
60,default_no_gt,8,11,0.4477250726040658,0.0169358855760335,-0.4307891870280322,D:\uwb thesis\RelatedData\DAVIS-data\DAVIS\SAM_results\paragliding-launch\selected_by_sam\00060_sam_best.png,D:\uwb thesis\RelatedData\DAVIS-data\DAVIS\SAM_results\paragliding-launch\selected_by_score_default_no_gt\00060_best.png,paragliding-launch
61,default_no_gt,11,10,0.4457155191020936,0.4570813911796342,0.0113658720775405,D:\uwb thesis\RelatedData\DAVIS-data\DAVIS\SAM_results\paragliding-launch\selected_by_sam\00061_sam_best.png,D:\uwb thesis\RelatedData\DAVIS-data\DAVIS\SAM_results\paragliding-launch\selected_by_score_default_no_gt\00061_best.png,paragliding-launch
62,default_no_gt,10,10,0.4478625072212593,0.4478625072212593,0.0,D:\uwb thesis\RelatedData\DAVIS-data\DAVIS\SAM_results\paragliding-launch\selected_by_sam\00062_sam_best.png,D:\uwb thesis\RelatedData\DAVIS-data\DAVIS\SAM_results\paragliding-launch\selected_by_score_default_no_gt\00062_best.png,paragliding-launch
63,default_no_gt,7,7,0.4502778590231062,0.4502778590231062,0.0,D:\uwb thesis\RelatedData\DAVIS-data\DAVIS\SAM_results\paragliding-launch\selected_by_sam\00063_sam_best.png,D:\uwb thesis\RelatedData\DAVIS-data\DAVIS\SAM_results\paragliding-launch\selected_by_score_default_no_gt\00063_best.png,paragliding-launch
64,default_no_gt,0,4,0.1010349615044806,0.1079798279442302,0.0069448664397495,D:\uwb thesis\RelatedData\DAVIS-data\DAVIS\SAM_results\paragliding-launch\selected_by_sam\00064_sam_best.png,D:\uwb thesis\RelatedData\DAVIS-data\DAVIS\SAM_results\paragliding-launch\selected_by_score_default_no_gt\00064_best.png,paragliding-launch
65,default_no_gt,8,7,0.4258270286307669,0.4304331728989263,0.0046061442681593,D:\uwb thesis\RelatedData\DAVIS-data\DAVIS\SAM_results\paragliding-launch\selected_by_sam\00065_sam_best.png,D:\uwb thesis\RelatedData\DAVIS-data\DAVIS\SAM_results\paragliding-launch\selected_by_score_default_no_gt\00065_best.png,paragliding-launch
66,default_no_gt,11,12,0.4042856072525661,0.0193317604079458,-0.3849538468446203,D:\uwb thesis\RelatedData\DAVIS-data\DAVIS\SAM_results\paragliding-launch\selected_by_sam\00066_sam_best.png,D:\uwb thesis\RelatedData\DAVIS-data\DAVIS\SAM_results\paragliding-launch\selected_by_score_default_no_gt\00066_best.png,paragliding-launch
67,default_no_gt,3,4,0.0463917525773195,0.0559019413348448,0.0095101887575252,D:\uwb thesis\RelatedData\DAVIS-data\DAVIS\SAM_results\paragliding-launch\selected_by_sam\00067_sam_best.png,D:\uwb thesis\RelatedData\DAVIS-data\DAVIS\SAM_results\paragliding-launch\selected_by_score_default_no_gt\00067_best.png,paragliding-launch
68,default_no_gt,6,7,0.040822363555687,0.0566984445559458,0.0158760810002587,D:\uwb thesis\RelatedData\DAVIS-data\DAVIS\SAM_results\paragliding-launch\selected_by_sam\00068_sam_best.png,D:\uwb thesis\RelatedData\DAVIS-data\DAVIS\SAM_results\paragliding-launch\selected_by_score_default_no_gt\00068_best.png,paragliding-launch
69,default_no_gt,8,7,0.408695652173913,0.4176930823456503,0.0089974301717372,D:\uwb thesis\RelatedData\DAVIS-data\DAVIS\SAM_results\paragliding-launch\selected_by_sam\00069_sam_best.png,D:\uwb thesis\RelatedData\DAVIS-data\DAVIS\SAM_results\paragliding-launch\selected_by_score_default_no_gt\00069_best.png,paragliding-launch
70,default_no_gt,11,4,0.4145782275278678,0.3921800947867299,-0.0223981327411379,D:\uwb thesis\RelatedData\DAVIS-data\DAVIS\SAM_results\paragliding-launch\selected_by_sam\00070_sam_best.png,D:\uwb thesis\RelatedData\DAVIS-data\DAVIS\SAM_results\paragliding-launch\selected_by_score_default_no_gt\00070_best.png,paragliding-launch
71,default_no_gt,14,5,0.425647585545251,0.0439107795134841,-0.3817368060317669,D:\uwb thesis\RelatedData\DAVIS-data\DAVIS\SAM_results\paragliding-launch\selected_by_sam\00071_sam_best.png,D:\uwb thesis\RelatedData\DAVIS-data\DAVIS\SAM_results\paragliding-launch\selected_by_score_default_no_gt\00071_best.png,paragliding-launch
72,default_no_gt,3,4,0.1035104111051788,0.0871878665996313,-0.0163225445055475,D:\uwb thesis\RelatedData\DAVIS-data\DAVIS\SAM_results\paragliding-launch\selected_by_sam\00072_sam_best.png,D:\uwb thesis\RelatedData\DAVIS-data\DAVIS\SAM_results\paragliding-launch\selected_by_score_default_no_gt\00072_best.png,paragliding-launch
73,default_no_gt,5,4,0.4266859810075648,0.4279647435897435,0.0012787625821787,D:\uwb thesis\RelatedData\DAVIS-data\DAVIS\SAM_results\paragliding-launch\selected_by_sam\00073_sam_best.png,D:\uwb thesis\RelatedData\DAVIS-data\DAVIS\SAM_results\paragliding-launch\selected_by_score_default_no_gt\00073_best.png,paragliding-launch
74,default_no_gt,11,10,0.4220213109460768,0.4220168742466854,-4.43669939143021e-06,D:\uwb thesis\RelatedData\DAVIS-data\DAVIS\SAM_results\paragliding-launch\selected_by_sam\00074_sam_best.png,D:\uwb thesis\RelatedData\DAVIS-data\DAVIS\SAM_results\paragliding-launch\selected_by_score_default_no_gt\00074_best.png,paragliding-launch
75,default_no_gt,8,7,0.4170627567872392,0.4176362031613576,0.0005734463741184,D:\uwb thesis\RelatedData\DAVIS-data\DAVIS\SAM_results\paragliding-launch\selected_by_sam\00075_sam_best.png,D:\uwb thesis\RelatedData\DAVIS-data\DAVIS\SAM_results\paragliding-launch\selected_by_score_default_no_gt\00075_best.png,paragliding-launch
76,default_no_gt,5,4,0.4185029297680944,0.4190820264389523,0.0005790966708579,D:\uwb thesis\RelatedData\DAVIS-data\DAVIS\SAM_results\paragliding-launch\selected_by_sam\00076_sam_best.png,D:\uwb thesis\RelatedData\DAVIS-data\DAVIS\SAM_results\paragliding-launch\selected_by_score_default_no_gt\00076_best.png,paragliding-launch
77,default_no_gt,8,16,0.401602114129986,0.0443862156582499,-0.357215898471736,D:\uwb thesis\RelatedData\DAVIS-data\DAVIS\SAM_results\paragliding-launch\selected_by_sam\00077_sam_best.png,D:\uwb thesis\RelatedData\DAVIS-data\DAVIS\SAM_results\paragliding-launch\selected_by_score_default_no_gt\00077_best.png,paragliding-launch
78,default_no_gt,8,7,0.3976121860848086,0.3965248750102451,-0.0010873110745635,D:\uwb thesis\RelatedData\DAVIS-data\DAVIS\SAM_results\paragliding-launch\selected_by_sam\00078_sam_best.png,D:\uwb thesis\RelatedData\DAVIS-data\DAVIS\SAM_results\paragliding-launch\selected_by_score_default_no_gt\00078_best.png,paragliding-launch
79,default_no_gt,5,4,0.3894658753709198,0.3889344935150222,-0.0005313818558976,D:\uwb thesis\RelatedData\DAVIS-data\DAVIS\SAM_results\paragliding-launch\selected_by_sam\00079_sam_best.png,D:\uwb thesis\RelatedData\DAVIS-data\DAVIS\SAM_results\paragliding-launch\selected_by_score_default_no_gt\00079_best.png,paragliding-launch
0,default_no_gt,11,1,0.0,0.0,0.0,D:\uwb thesis\RelatedData\DAVIS-data\DAVIS\SAM_results\parkour\selected_by_sam\00000_sam_best.png,D:\uwb thesis\RelatedData\DAVIS-data\DAVIS\SAM_results\parkour\selected_by_score_default_no_gt\00000_best.png,parkour
1,default_no_gt,11,1,0.0,0.0,0.0,D:\uwb thesis\RelatedData\DAVIS-data\DAVIS\SAM_results\parkour\selected_by_sam\00001_sam_best.png,D:\uwb thesis\RelatedData\DAVIS-data\DAVIS\SAM_results\parkour\selected_by_score_default_no_gt\00001_best.png,parkour
2,default_no_gt,11,4,0.0,0.0,0.0,D:\uwb thesis\RelatedData\DAVIS-data\DAVIS\SAM_results\parkour\selected_by_sam\00002_sam_best.png,D:\uwb thesis\RelatedData\DAVIS-data\DAVIS\SAM_results\parkour\selected_by_score_default_no_gt\00002_best.png,parkour
3,default_no_gt,2,10,0.0,0.0,0.0,D:\uwb thesis\RelatedData\DAVIS-data\DAVIS\SAM_results\parkour\selected_by_sam\00003_sam_best.png,D:\uwb thesis\RelatedData\DAVIS-data\DAVIS\SAM_results\parkour\selected_by_score_default_no_gt\00003_best.png,parkour
4,default_no_gt,8,4,0.0,0.0,0.0,D:\uwb thesis\RelatedData\DAVIS-data\DAVIS\SAM_results\parkour\selected_by_sam\00004_sam_best.png,D:\uwb thesis\RelatedData\DAVIS-data\DAVIS\SAM_results\parkour\selected_by_score_default_no_gt\00004_best.png,parkour
5,default_no_gt,8,14,0.0,0.0,0.0,D:\uwb thesis\RelatedData\DAVIS-data\DAVIS\SAM_results\parkour\selected_by_sam\00005_sam_best.png,D:\uwb thesis\RelatedData\DAVIS-data\DAVIS\SAM_results\parkour\selected_by_score_default_no_gt\00005_best.png,parkour
6,default_no_gt,8,14,0.0,0.0,0.0,D:\uwb thesis\RelatedData\DAVIS-data\DAVIS\SAM_results\parkour\selected_by_sam\00006_sam_best.png,D:\uwb thesis\RelatedData\DAVIS-data\DAVIS\SAM_results\parkour\selected_by_score_default_no_gt\00006_best.png,parkour
7,default_no_gt,5,13,0.0,0.4901341752170481,0.4901341752170481,D:\uwb thesis\RelatedData\DAVIS-data\DAVIS\SAM_results\parkour\selected_by_sam\00007_sam_best.png,D:\uwb thesis\RelatedData\DAVIS-data\DAVIS\SAM_results\parkour\selected_by_score_default_no_gt\00007_best.png,parkour
8,default_no_gt,8,10,0.0,0.0,0.0,D:\uwb thesis\RelatedData\DAVIS-data\DAVIS\SAM_results\parkour\selected_by_sam\00008_sam_best.png,D:\uwb thesis\RelatedData\DAVIS-data\DAVIS\SAM_results\parkour\selected_by_score_default_no_gt\00008_best.png,parkour
9,default_no_gt,8,2,0.0,0.0,0.0,D:\uwb thesis\RelatedData\DAVIS-data\DAVIS\SAM_results\parkour\selected_by_sam\00009_sam_best.png,D:\uwb thesis\RelatedData\DAVIS-data\DAVIS\SAM_results\parkour\selected_by_score_default_no_gt\00009_best.png,parkour
10,default_no_gt,8,2,0.0,0.0,0.0,D:\uwb thesis\RelatedData\DAVIS-data\DAVIS\SAM_results\parkour\selected_by_sam\00010_sam_best.png,D:\uwb thesis\RelatedData\DAVIS-data\DAVIS\SAM_results\parkour\selected_by_score_default_no_gt\00010_best.png,parkour
11,default_no_gt,8,2,0.0,0.0,0.0,D:\uwb thesis\RelatedData\DAVIS-data\DAVIS\SAM_results\parkour\selected_by_sam\00011_sam_best.png,D:\uwb thesis\RelatedData\DAVIS-data\DAVIS\SAM_results\parkour\selected_by_score_default_no_gt\00011_best.png,parkour
12,default_no_gt,8,14,0.0,0.0,0.0,D:\uwb thesis\RelatedData\DAVIS-data\DAVIS\SAM_results\parkour\selected_by_sam\00012_sam_best.png,D:\uwb thesis\RelatedData\DAVIS-data\DAVIS\SAM_results\parkour\selected_by_score_default_no_gt\00012_best.png,parkour
13,default_no_gt,5,12,0.0,0.0044700421215507,0.0044700421215507,D:\uwb thesis\RelatedData\DAVIS-data\DAVIS\SAM_results\parkour\selected_by_sam\00013_sam_best.png,D:\uwb thesis\RelatedData\DAVIS-data\DAVIS\SAM_results\parkour\selected_by_score_default_no_gt\00013_best.png,parkour
14,default_no_gt,5,7,0.0,0.9397635933806148,0.9397635933806148,D:\uwb thesis\RelatedData\DAVIS-data\DAVIS\SAM_results\parkour\selected_by_sam\00014_sam_best.png,D:\uwb thesis\RelatedData\DAVIS-data\DAVIS\SAM_results\parkour\selected_by_score_default_no_gt\00014_best.png,parkour
15,default_no_gt,5,13,0.0,0.328493265993266,0.328493265993266,D:\uwb thesis\RelatedData\DAVIS-data\DAVIS\SAM_results\parkour\selected_by_sam\00015_sam_best.png,D:\uwb thesis\RelatedData\DAVIS-data\DAVIS\SAM_results\parkour\selected_by_score_default_no_gt\00015_best.png,parkour
16,default_no_gt,5,7,0.0,0.952803261977574,0.952803261977574,D:\uwb thesis\RelatedData\DAVIS-data\DAVIS\SAM_results\parkour\selected_by_sam\00016_sam_best.png,D:\uwb thesis\RelatedData\DAVIS-data\DAVIS\SAM_results\parkour\selected_by_score_default_no_gt\00016_best.png,parkour
17,default_no_gt,5,2,0.0,0.0,0.0,D:\uwb thesis\RelatedData\DAVIS-data\DAVIS\SAM_results\parkour\selected_by_sam\00017_sam_best.png,D:\uwb thesis\RelatedData\DAVIS-data\DAVIS\SAM_results\parkour\selected_by_score_default_no_gt\00017_best.png,parkour
18,default_no_gt,8,2,0.0,0.0,0.0,D:\uwb thesis\RelatedData\DAVIS-data\DAVIS\SAM_results\parkour\selected_by_sam\00018_sam_best.png,D:\uwb thesis\RelatedData\DAVIS-data\DAVIS\SAM_results\parkour\selected_by_score_default_no_gt\00018_best.png,parkour
19,default_no_gt,5,2,0.951338199513382,0.0,-0.951338199513382,D:\uwb thesis\RelatedData\DAVIS-data\DAVIS\SAM_results\parkour\selected_by_sam\00019_sam_best.png,D:\uwb thesis\RelatedData\DAVIS-data\DAVIS\SAM_results\parkour\selected_by_score_default_no_gt\00019_best.png,parkour
20,default_no_gt,1,1,0.0,0.0,0.0,D:\uwb thesis\RelatedData\DAVIS-data\DAVIS\SAM_results\parkour\selected_by_sam\00020_sam_best.png,D:\uwb thesis\RelatedData\DAVIS-data\DAVIS\SAM_results\parkour\selected_by_score_default_no_gt\00020_best.png,parkour
21,default_no_gt,1,1,0.0,0.0,0.0,D:\uwb thesis\RelatedData\DAVIS-data\DAVIS\SAM_results\parkour\selected_by_sam\00021_sam_best.png,D:\uwb thesis\RelatedData\DAVIS-data\DAVIS\SAM_results\parkour\selected_by_score_default_no_gt\00021_best.png,parkour
22,default_no_gt,1,8,0.0,0.0,0.0,D:\uwb thesis\RelatedData\DAVIS-data\DAVIS\SAM_results\parkour\selected_by_sam\00022_sam_best.png,D:\uwb thesis\RelatedData\DAVIS-data\DAVIS\SAM_results\parkour\selected_by_score_default_no_gt\00022_best.png,parkour
23,default_no_gt,7,11,0.0,6.623218354262704e-06,6.623218354262704e-06,D:\uwb thesis\RelatedData\DAVIS-data\DAVIS\SAM_results\parkour\selected_by_sam\00023_sam_best.png,D:\uwb thesis\RelatedData\DAVIS-data\DAVIS\SAM_results\parkour\selected_by_score_default_no_gt\00023_best.png,parkour
24,default_no_gt,7,11,0.0,0.0,0.0,D:\uwb thesis\RelatedData\DAVIS-data\DAVIS\SAM_results\parkour\selected_by_sam\00024_sam_best.png,D:\uwb thesis\RelatedData\DAVIS-data\DAVIS\SAM_results\parkour\selected_by_score_default_no_gt\00024_best.png,parkour
25,default_no_gt,13,11,0.0,0.0,0.0,D:\uwb thesis\RelatedData\DAVIS-data\DAVIS\SAM_results\parkour\selected_by_sam\00025_sam_best.png,D:\uwb thesis\RelatedData\DAVIS-data\DAVIS\SAM_results\parkour\selected_by_score_default_no_gt\00025_best.png,parkour
26,default_no_gt,16,14,0.0,0.0,0.0,D:\uwb thesis\RelatedData\DAVIS-data\DAVIS\SAM_results\parkour\selected_by_sam\00026_sam_best.png,D:\uwb thesis\RelatedData\DAVIS-data\DAVIS\SAM_results\parkour\selected_by_score_default_no_gt\00026_best.png,parkour
27,default_no_gt,13,8,0.0,0.0,0.0,D:\uwb thesis\RelatedData\DAVIS-data\DAVIS\SAM_results\parkour\selected_by_sam\00027_sam_best.png,D:\uwb thesis\RelatedData\DAVIS-data\DAVIS\SAM_results\parkour\selected_by_score_default_no_gt\00027_best.png,parkour
28,default_no_gt,16,0,0.0,0.0,0.0,D:\uwb thesis\RelatedData\DAVIS-data\DAVIS\SAM_results\parkour\selected_by_sam\00028_sam_best.png,D:\uwb thesis\RelatedData\DAVIS-data\DAVIS\SAM_results\parkour\selected_by_score_default_no_gt\00028_best.png,parkour
29,default_no_gt,13,5,0.0,0.0,0.0,D:\uwb thesis\RelatedData\DAVIS-data\DAVIS\SAM_results\parkour\selected_by_sam\00029_sam_best.png,D:\uwb thesis\RelatedData\DAVIS-data\DAVIS\SAM_results\parkour\selected_by_score_default_no_gt\00029_best.png,parkour
30,default_no_gt,10,5,0.0,0.0,0.0,D:\uwb thesis\RelatedData\DAVIS-data\DAVIS\SAM_results\parkour\selected_by_sam\00030_sam_best.png,D:\uwb thesis\RelatedData\DAVIS-data\DAVIS\SAM_results\parkour\selected_by_score_default_no_gt\00030_best.png,parkour
31,default_no_gt,16,5,0.0,0.0,0.0,D:\uwb thesis\RelatedData\DAVIS-data\DAVIS\SAM_results\parkour\selected_by_sam\00031_sam_best.png,D:\uwb thesis\RelatedData\DAVIS-data\DAVIS\SAM_results\parkour\selected_by_score_default_no_gt\00031_best.png,parkour
32,default_no_gt,16,1,0.0,0.0,0.0,D:\uwb thesis\RelatedData\DAVIS-data\DAVIS\SAM_results\parkour\selected_by_sam\00032_sam_best.png,D:\uwb thesis\RelatedData\DAVIS-data\DAVIS\SAM_results\parkour\selected_by_score_default_no_gt\00032_best.png,parkour
33,default_no_gt,19,17,0.0,0.4882707774798928,0.4882707774798928,D:\uwb thesis\RelatedData\DAVIS-data\DAVIS\SAM_results\parkour\selected_by_sam\00033_sam_best.png,D:\uwb thesis\RelatedData\DAVIS-data\DAVIS\SAM_results\parkour\selected_by_score_default_no_gt\00033_best.png,parkour
34,default_no_gt,5,1,0.955391510677564,0.0,-0.955391510677564,D:\uwb thesis\RelatedData\DAVIS-data\DAVIS\SAM_results\parkour\selected_by_sam\00034_sam_best.png,D:\uwb thesis\RelatedData\DAVIS-data\DAVIS\SAM_results\parkour\selected_by_score_default_no_gt\00034_best.png,parkour
35,default_no_gt,5,7,0.0,0.0,0.0,D:\uwb thesis\RelatedData\DAVIS-data\DAVIS\SAM_results\parkour\selected_by_sam\00035_sam_best.png,D:\uwb thesis\RelatedData\DAVIS-data\DAVIS\SAM_results\parkour\selected_by_score_default_no_gt\00035_best.png,parkour
36,default_no_gt,2,7,0.952977184195882,0.0,-0.952977184195882,D:\uwb thesis\RelatedData\DAVIS-data\DAVIS\SAM_results\parkour\selected_by_sam\00036_sam_best.png,D:\uwb thesis\RelatedData\DAVIS-data\DAVIS\SAM_results\parkour\selected_by_score_default_no_gt\00036_best.png,parkour
37,default_no_gt,5,2,0.0,0.9555994079921064,0.9555994079921064,D:\uwb thesis\RelatedData\DAVIS-data\DAVIS\SAM_results\parkour\selected_by_sam\00037_sam_best.png,D:\uwb thesis\RelatedData\DAVIS-data\DAVIS\SAM_results\parkour\selected_by_score_default_no_gt\00037_best.png,parkour
38,default_no_gt,5,1,0.0,0.9528199330347435,0.9528199330347435,D:\uwb thesis\RelatedData\DAVIS-data\DAVIS\SAM_results\parkour\selected_by_sam\00038_sam_best.png,D:\uwb thesis\RelatedData\DAVIS-data\DAVIS\SAM_results\parkour\selected_by_score_default_no_gt\00038_best.png,parkour
39,default_no_gt,5,1,0.0,0.94808442108832,0.94808442108832,D:\uwb thesis\RelatedData\DAVIS-data\DAVIS\SAM_results\parkour\selected_by_sam\00039_sam_best.png,D:\uwb thesis\RelatedData\DAVIS-data\DAVIS\SAM_results\parkour\selected_by_score_default_no_gt\00039_best.png,parkour
40,default_no_gt,8,1,0.0,0.9511374286444576,0.9511374286444576,D:\uwb thesis\RelatedData\DAVIS-data\DAVIS\SAM_results\parkour\selected_by_sam\00040_sam_best.png,D:\uwb thesis\RelatedData\DAVIS-data\DAVIS\SAM_results\parkour\selected_by_score_default_no_gt\00040_best.png,parkour
41,default_no_gt,5,1,0.0,0.9418844717768504,0.9418844717768504,D:\uwb thesis\RelatedData\DAVIS-data\DAVIS\SAM_results\parkour\selected_by_sam\00041_sam_best.png,D:\uwb thesis\RelatedData\DAVIS-data\DAVIS\SAM_results\parkour\selected_by_score_default_no_gt\00041_best.png,parkour
42,default_no_gt,8,1,0.0,0.9551263845498438,0.9551263845498438,D:\uwb thesis\RelatedData\DAVIS-data\DAVIS\SAM_results\parkour\selected_by_sam\00042_sam_best.png,D:\uwb thesis\RelatedData\DAVIS-data\DAVIS\SAM_results\parkour\selected_by_score_default_no_gt\00042_best.png,parkour
43,default_no_gt,8,4,0.0,0.96642649087843,0.96642649087843,D:\uwb thesis\RelatedData\DAVIS-data\DAVIS\SAM_results\parkour\selected_by_sam\00043_sam_best.png,D:\uwb thesis\RelatedData\DAVIS-data\DAVIS\SAM_results\parkour\selected_by_score_default_no_gt\00043_best.png,parkour
44,default_no_gt,5,7,0.0,0.9644840288086206,0.9644840288086206,D:\uwb thesis\RelatedData\DAVIS-data\DAVIS\SAM_results\parkour\selected_by_sam\00044_sam_best.png,D:\uwb thesis\RelatedData\DAVIS-data\DAVIS\SAM_results\parkour\selected_by_score_default_no_gt\00044_best.png,parkour
45,default_no_gt,11,5,0.0,0.9762690994570996,0.9762690994570996,D:\uwb thesis\RelatedData\DAVIS-data\DAVIS\SAM_results\parkour\selected_by_sam\00045_sam_best.png,D:\uwb thesis\RelatedData\DAVIS-data\DAVIS\SAM_results\parkour\selected_by_score_default_no_gt\00045_best.png,parkour
46,default_no_gt,5,7,0.0,0.9706932381307616,0.9706932381307616,D:\uwb thesis\RelatedData\DAVIS-data\DAVIS\SAM_results\parkour\selected_by_sam\00046_sam_best.png,D:\uwb thesis\RelatedData\DAVIS-data\DAVIS\SAM_results\parkour\selected_by_score_default_no_gt\00046_best.png,parkour
47,default_no_gt,2,1,0.9740101247514013,0.971526401153361,-0.0024837235980401,D:\uwb thesis\RelatedData\DAVIS-data\DAVIS\SAM_results\parkour\selected_by_sam\00047_sam_best.png,D:\uwb thesis\RelatedData\DAVIS-data\DAVIS\SAM_results\parkour\selected_by_score_default_no_gt\00047_best.png,parkour
48,default_no_gt,2,5,0.9710356933879462,0.0,-0.9710356933879462,D:\uwb thesis\RelatedData\DAVIS-data\DAVIS\SAM_results\parkour\selected_by_sam\00048_sam_best.png,D:\uwb thesis\RelatedData\DAVIS-data\DAVIS\SAM_results\parkour\selected_by_score_default_no_gt\00048_best.png,parkour
49,default_no_gt,8,1,0.0,0.9660422023590872,0.9660422023590872,D:\uwb thesis\RelatedData\DAVIS-data\DAVIS\SAM_results\parkour\selected_by_sam\00049_sam_best.png,D:\uwb thesis\RelatedData\DAVIS-data\DAVIS\SAM_results\parkour\selected_by_score_default_no_gt\00049_best.png,parkour
50,default_no_gt,2,8,0.9676360022468996,0.0,-0.9676360022468996,D:\uwb thesis\RelatedData\DAVIS-data\DAVIS\SAM_results\parkour\selected_by_sam\00050_sam_best.png,D:\uwb thesis\RelatedData\DAVIS-data\DAVIS\SAM_results\parkour\selected_by_score_default_no_gt\00050_best.png,parkour
51,default_no_gt,2,7,0.9674245319067636,0.0,-0.9674245319067636,D:\uwb thesis\RelatedData\DAVIS-data\DAVIS\SAM_results\parkour\selected_by_sam\00051_sam_best.png,D:\uwb thesis\RelatedData\DAVIS-data\DAVIS\SAM_results\parkour\selected_by_score_default_no_gt\00051_best.png,parkour
52,default_no_gt,5,7,0.966208230364242,0.0021788346638977,-0.9640293957003444,D:\uwb thesis\RelatedData\DAVIS-data\DAVIS\SAM_results\parkour\selected_by_sam\00052_sam_best.png,D:\uwb thesis\RelatedData\DAVIS-data\DAVIS\SAM_results\parkour\selected_by_score_default_no_gt\00052_best.png,parkour
53,default_no_gt,5,4,0.9637454073913984,0.9573485174043832,-0.006396889987015,D:\uwb thesis\RelatedData\DAVIS-data\DAVIS\SAM_results\parkour\selected_by_sam\00053_sam_best.png,D:\uwb thesis\RelatedData\DAVIS-data\DAVIS\SAM_results\parkour\selected_by_score_default_no_gt\00053_best.png,parkour
54,default_no_gt,2,1,0.9638598254671724,0.9597037979284028,-0.0041560275387696,D:\uwb thesis\RelatedData\DAVIS-data\DAVIS\SAM_results\parkour\selected_by_sam\00054_sam_best.png,D:\uwb thesis\RelatedData\DAVIS-data\DAVIS\SAM_results\parkour\selected_by_score_default_no_gt\00054_best.png,parkour
55,default_no_gt,5,2,0.964774356078704,0.0,-0.964774356078704,D:\uwb thesis\RelatedData\DAVIS-data\DAVIS\SAM_results\parkour\selected_by_sam\00055_sam_best.png,D:\uwb thesis\RelatedData\DAVIS-data\DAVIS\SAM_results\parkour\selected_by_score_default_no_gt\00055_best.png,parkour
56,default_no_gt,4,2,0.95944723204738,0.0,-0.95944723204738,D:\uwb thesis\RelatedData\DAVIS-data\DAVIS\SAM_results\parkour\selected_by_sam\00056_sam_best.png,D:\uwb thesis\RelatedData\DAVIS-data\DAVIS\SAM_results\parkour\selected_by_score_default_no_gt\00056_best.png,parkour
57,default_no_gt,2,1,0.962193988224357,0.9607380473464336,-0.0014559408779234,D:\uwb thesis\RelatedData\DAVIS-data\DAVIS\SAM_results\parkour\selected_by_sam\00057_sam_best.png,D:\uwb thesis\RelatedData\DAVIS-data\DAVIS\SAM_results\parkour\selected_by_score_default_no_gt\00057_best.png,parkour
58,default_no_gt,2,5,0.963283253939172,0.0,-0.963283253939172,D:\uwb thesis\RelatedData\DAVIS-data\DAVIS\SAM_results\parkour\selected_by_sam\00058_sam_best.png,D:\uwb thesis\RelatedData\DAVIS-data\DAVIS\SAM_results\parkour\selected_by_score_default_no_gt\00058_best.png,parkour
59,default_no_gt,2,1,0.9676240025310228,0.9656491228070176,-0.0019748797240051,D:\uwb thesis\RelatedData\DAVIS-data\DAVIS\SAM_results\parkour\selected_by_sam\00059_sam_best.png,D:\uwb thesis\RelatedData\DAVIS-data\DAVIS\SAM_results\parkour\selected_by_score_default_no_gt\00059_best.png,parkour
60,default_no_gt,5,5,0.9637458148736852,0.9637458148736852,0.0,D:\uwb thesis\RelatedData\DAVIS-data\DAVIS\SAM_results\parkour\selected_by_sam\00060_sam_best.png,D:\uwb thesis\RelatedData\DAVIS-data\DAVIS\SAM_results\parkour\selected_by_score_default_no_gt\00060_best.png,parkour
61,default_no_gt,2,2,0.9692260609357998,0.9692260609357998,0.0,D:\uwb thesis\RelatedData\DAVIS-data\DAVIS\SAM_results\parkour\selected_by_sam\00061_sam_best.png,D:\uwb thesis\RelatedData\DAVIS-data\DAVIS\SAM_results\parkour\selected_by_score_default_no_gt\00061_best.png,parkour
62,default_no_gt,2,2,0.9721476279005716,0.9721476279005716,0.0,D:\uwb thesis\RelatedData\DAVIS-data\DAVIS\SAM_results\parkour\selected_by_sam\00062_sam_best.png,D:\uwb thesis\RelatedData\DAVIS-data\DAVIS\SAM_results\parkour\selected_by_score_default_no_gt\00062_best.png,parkour
63,default_no_gt,2,1,0.9729408266428784,0.9703443169196594,-0.002596509723219,D:\uwb thesis\RelatedData\DAVIS-data\DAVIS\SAM_results\parkour\selected_by_sam\00063_sam_best.png,D:\uwb thesis\RelatedData\DAVIS-data\DAVIS\SAM_results\parkour\selected_by_score_default_no_gt\00063_best.png,parkour
64,default_no_gt,2,2,0.9715161422149572,0.9715161422149572,0.0,D:\uwb thesis\RelatedData\DAVIS-data\DAVIS\SAM_results\parkour\selected_by_sam\00064_sam_best.png,D:\uwb thesis\RelatedData\DAVIS-data\DAVIS\SAM_results\parkour\selected_by_score_default_no_gt\00064_best.png,parkour
65,default_no_gt,5,4,0.9780727321644768,0.972831161901374,-0.0052415702631029,D:\uwb thesis\RelatedData\DAVIS-data\DAVIS\SAM_results\parkour\selected_by_sam\00065_sam_best.png,D:\uwb thesis\RelatedData\DAVIS-data\DAVIS\SAM_results\parkour\selected_by_score_default_no_gt\00065_best.png,parkour
66,default_no_gt,2,5,0.9735737219066436,0.0,-0.9735737219066436,D:\uwb thesis\RelatedData\DAVIS-data\DAVIS\SAM_results\parkour\selected_by_sam\00066_sam_best.png,D:\uwb thesis\RelatedData\DAVIS-data\DAVIS\SAM_results\parkour\selected_by_score_default_no_gt\00066_best.png,parkour
67,default_no_gt,5,2,0.9722669436509996,0.0,-0.9722669436509996,D:\uwb thesis\RelatedData\DAVIS-data\DAVIS\SAM_results\parkour\selected_by_sam\00067_sam_best.png,D:\uwb thesis\RelatedData\DAVIS-data\DAVIS\SAM_results\parkour\selected_by_score_default_no_gt\00067_best.png,parkour
68,default_no_gt,2,2,0.0,0.0,0.0,D:\uwb thesis\RelatedData\DAVIS-data\DAVIS\SAM_results\parkour\selected_by_sam\00068_sam_best.png,D:\uwb thesis\RelatedData\DAVIS-data\DAVIS\SAM_results\parkour\selected_by_score_default_no_gt\00068_best.png,parkour
69,default_no_gt,2,1,0.0,0.0,0.0,D:\uwb thesis\RelatedData\DAVIS-data\DAVIS\SAM_results\parkour\selected_by_sam\00069_sam_best.png,D:\uwb thesis\RelatedData\DAVIS-data\DAVIS\SAM_results\parkour\selected_by_score_default_no_gt\00069_best.png,parkour
70,default_no_gt,2,7,0.0,0.0,0.0,D:\uwb thesis\RelatedData\DAVIS-data\DAVIS\SAM_results\parkour\selected_by_sam\00070_sam_best.png,D:\uwb thesis\RelatedData\DAVIS-data\DAVIS\SAM_results\parkour\selected_by_score_default_no_gt\00070_best.png,parkour
71,default_no_gt,2,2,0.0,0.0,0.0,D:\uwb thesis\RelatedData\DAVIS-data\DAVIS\SAM_results\parkour\selected_by_sam\00071_sam_best.png,D:\uwb thesis\RelatedData\DAVIS-data\DAVIS\SAM_results\parkour\selected_by_score_default_no_gt\00071_best.png,parkour
72,default_no_gt,2,2,0.0,0.0,0.0,D:\uwb thesis\RelatedData\DAVIS-data\DAVIS\SAM_results\parkour\selected_by_sam\00072_sam_best.png,D:\uwb thesis\RelatedData\DAVIS-data\DAVIS\SAM_results\parkour\selected_by_score_default_no_gt\00072_best.png,parkour
73,default_no_gt,5,7,0.9793908861918936,0.0,-0.9793908861918936,D:\uwb thesis\RelatedData\DAVIS-data\DAVIS\SAM_results\parkour\selected_by_sam\00073_sam_best.png,D:\uwb thesis\RelatedData\DAVIS-data\DAVIS\SAM_results\parkour\selected_by_score_default_no_gt\00073_best.png,parkour
74,default_no_gt,5,10,0.9782528904386126,0.0003175741433181,-0.9779353162952944,D:\uwb thesis\RelatedData\DAVIS-data\DAVIS\SAM_results\parkour\selected_by_sam\00074_sam_best.png,D:\uwb thesis\RelatedData\DAVIS-data\DAVIS\SAM_results\parkour\selected_by_score_default_no_gt\00074_best.png,parkour
75,default_no_gt,5,4,0.971578850235305,0.9671393822571022,-0.0044394679782028,D:\uwb thesis\RelatedData\DAVIS-data\DAVIS\SAM_results\parkour\selected_by_sam\00075_sam_best.png,D:\uwb thesis\RelatedData\DAVIS-data\DAVIS\SAM_results\parkour\selected_by_score_default_no_gt\00075_best.png,parkour
76,default_no_gt,5,10,0.9694721021980086,0.0,-0.9694721021980086,D:\uwb thesis\RelatedData\DAVIS-data\DAVIS\SAM_results\parkour\selected_by_sam\00076_sam_best.png,D:\uwb thesis\RelatedData\DAVIS-data\DAVIS\SAM_results\parkour\selected_by_score_default_no_gt\00076_best.png,parkour
77,default_no_gt,8,7,0.9696612086345086,0.9653015345518522,-0.0043596740826563,D:\uwb thesis\RelatedData\DAVIS-data\DAVIS\SAM_results\parkour\selected_by_sam\00077_sam_best.png,D:\uwb thesis\RelatedData\DAVIS-data\DAVIS\SAM_results\parkour\selected_by_score_default_no_gt\00077_best.png,parkour
78,default_no_gt,2,2,0.9677540106951872,0.9677540106951872,0.0,D:\uwb thesis\RelatedData\DAVIS-data\DAVIS\SAM_results\parkour\selected_by_sam\00078_sam_best.png,D:\uwb thesis\RelatedData\DAVIS-data\DAVIS\SAM_results\parkour\selected_by_score_default_no_gt\00078_best.png,parkour
79,default_no_gt,2,2,0.9674778512952786,0.9674778512952786,0.0,D:\uwb thesis\RelatedData\DAVIS-data\DAVIS\SAM_results\parkour\selected_by_sam\00079_sam_best.png,D:\uwb thesis\RelatedData\DAVIS-data\DAVIS\SAM_results\parkour\selected_by_score_default_no_gt\00079_best.png,parkour
80,default_no_gt,2,2,0.9620977899919844,0.9620977899919844,0.0,D:\uwb thesis\RelatedData\DAVIS-data\DAVIS\SAM_results\parkour\selected_by_sam\00080_sam_best.png,D:\uwb thesis\RelatedData\DAVIS-data\DAVIS\SAM_results\parkour\selected_by_score_default_no_gt\00080_best.png,parkour
81,default_no_gt,8,2,0.0033589891889487,0.9483963344788088,0.94503734528986,D:\uwb thesis\RelatedData\DAVIS-data\DAVIS\SAM_results\parkour\selected_by_sam\00081_sam_best.png,D:\uwb thesis\RelatedData\DAVIS-data\DAVIS\SAM_results\parkour\selected_by_score_default_no_gt\00081_best.png,parkour
82,default_no_gt,11,1,0.0,0.9628648811315076,0.9628648811315076,D:\uwb thesis\RelatedData\DAVIS-data\DAVIS\SAM_results\parkour\selected_by_sam\00082_sam_best.png,D:\uwb thesis\RelatedData\DAVIS-data\DAVIS\SAM_results\parkour\selected_by_score_default_no_gt\00082_best.png,parkour
83,default_no_gt,5,2,0.0015608008699545,0.9628221649484536,0.961261364078499,D:\uwb thesis\RelatedData\DAVIS-data\DAVIS\SAM_results\parkour\selected_by_sam\00083_sam_best.png,D:\uwb thesis\RelatedData\DAVIS-data\DAVIS\SAM_results\parkour\selected_by_score_default_no_gt\00083_best.png,parkour
84,default_no_gt,5,1,0.0,0.9445165476963012,0.9445165476963012,D:\uwb thesis\RelatedData\DAVIS-data\DAVIS\SAM_results\parkour\selected_by_sam\00084_sam_best.png,D:\uwb thesis\RelatedData\DAVIS-data\DAVIS\SAM_results\parkour\selected_by_score_default_no_gt\00084_best.png,parkour
85,default_no_gt,2,5,7.564067653021088e-05,0.9690929903710188,0.9690173496944886,D:\uwb thesis\RelatedData\DAVIS-data\DAVIS\SAM_results\parkour\selected_by_sam\00085_sam_best.png,D:\uwb thesis\RelatedData\DAVIS-data\DAVIS\SAM_results\parkour\selected_by_score_default_no_gt\00085_best.png,parkour
86,default_no_gt,2,4,0.0,0.9755870418412824,0.9755870418412824,D:\uwb thesis\RelatedData\DAVIS-data\DAVIS\SAM_results\parkour\selected_by_sam\00086_sam_best.png,D:\uwb thesis\RelatedData\DAVIS-data\DAVIS\SAM_results\parkour\selected_by_score_default_no_gt\00086_best.png,parkour
87,default_no_gt,8,0,0.0,0.117911434236616,0.117911434236616,D:\uwb thesis\RelatedData\DAVIS-data\DAVIS\SAM_results\parkour\selected_by_sam\00087_sam_best.png,D:\uwb thesis\RelatedData\DAVIS-data\DAVIS\SAM_results\parkour\selected_by_score_default_no_gt\00087_best.png,parkour
88,default_no_gt,11,0,0.0,0.1358929022480424,0.1358929022480424,D:\uwb thesis\RelatedData\DAVIS-data\DAVIS\SAM_results\parkour\selected_by_sam\00088_sam_best.png,D:\uwb thesis\RelatedData\DAVIS-data\DAVIS\SAM_results\parkour\selected_by_score_default_no_gt\00088_best.png,parkour
89,default_no_gt,8,7,0.0,0.0,0.0,D:\uwb thesis\RelatedData\DAVIS-data\DAVIS\SAM_results\parkour\selected_by_sam\00089_sam_best.png,D:\uwb thesis\RelatedData\DAVIS-data\DAVIS\SAM_results\parkour\selected_by_score_default_no_gt\00089_best.png,parkour
90,default_no_gt,11,10,0.0,0.0,0.0,D:\uwb thesis\RelatedData\DAVIS-data\DAVIS\SAM_results\parkour\selected_by_sam\00090_sam_best.png,D:\uwb thesis\RelatedData\DAVIS-data\DAVIS\SAM_results\parkour\selected_by_score_default_no_gt\00090_best.png,parkour
91,default_no_gt,8,7,0.0,0.0,0.0,D:\uwb thesis\RelatedData\DAVIS-data\DAVIS\SAM_results\parkour\selected_by_sam\00091_sam_best.png,D:\uwb thesis\RelatedData\DAVIS-data\DAVIS\SAM_results\parkour\selected_by_score_default_no_gt\00091_best.png,parkour
92,default_no_gt,2,1,0.9564785496988888,0.9515920428650612,-0.0048865068338274,D:\uwb thesis\RelatedData\DAVIS-data\DAVIS\SAM_results\parkour\selected_by_sam\00092_sam_best.png,D:\uwb thesis\RelatedData\DAVIS-data\DAVIS\SAM_results\parkour\selected_by_score_default_no_gt\00092_best.png,parkour
93,default_no_gt,8,8,0.9455427531837476,0.9455427531837476,0.0,D:\uwb thesis\RelatedData\DAVIS-data\DAVIS\SAM_results\parkour\selected_by_sam\00093_sam_best.png,D:\uwb thesis\RelatedData\DAVIS-data\DAVIS\SAM_results\parkour\selected_by_score_default_no_gt\00093_best.png,parkour
94,default_no_gt,8,8,0.9324006438033924,0.9324006438033924,0.0,D:\uwb thesis\RelatedData\DAVIS-data\DAVIS\SAM_results\parkour\selected_by_sam\00094_sam_best.png,D:\uwb thesis\RelatedData\DAVIS-data\DAVIS\SAM_results\parkour\selected_by_score_default_no_gt\00094_best.png,parkour
95,default_no_gt,5,12,0.0,0.0004888780249327,0.0004888780249327,D:\uwb thesis\RelatedData\DAVIS-data\DAVIS\SAM_results\parkour\selected_by_sam\00095_sam_best.png,D:\uwb thesis\RelatedData\DAVIS-data\DAVIS\SAM_results\parkour\selected_by_score_default_no_gt\00095_best.png,parkour
96,default_no_gt,8,8,0.9359780330948768,0.9359780330948768,0.0,D:\uwb thesis\RelatedData\DAVIS-data\DAVIS\SAM_results\parkour\selected_by_sam\00096_sam_best.png,D:\uwb thesis\RelatedData\DAVIS-data\DAVIS\SAM_results\parkour\selected_by_score_default_no_gt\00096_best.png,parkour
97,default_no_gt,5,13,0.9450655513552644,0.0003912618193674,-0.9446742895358968,D:\uwb thesis\RelatedData\DAVIS-data\DAVIS\SAM_results\parkour\selected_by_sam\00097_sam_best.png,D:\uwb thesis\RelatedData\DAVIS-data\DAVIS\SAM_results\parkour\selected_by_score_default_no_gt\00097_best.png,parkour
98,default_no_gt,8,4,0.9406163434903048,0.0001321877065432,-0.9404841557837614,D:\uwb thesis\RelatedData\DAVIS-data\DAVIS\SAM_results\parkour\selected_by_sam\00098_sam_best.png,D:\uwb thesis\RelatedData\DAVIS-data\DAVIS\SAM_results\parkour\selected_by_score_default_no_gt\00098_best.png,parkour
99,default_no_gt,14,2,0.0,0.0,0.0,D:\uwb thesis\RelatedData\DAVIS-data\DAVIS\SAM_results\parkour\selected_by_sam\00099_sam_best.png,D:\uwb thesis\RelatedData\DAVIS-data\DAVIS\SAM_results\parkour\selected_by_score_default_no_gt\00099_best.png,parkour
0,default_no_gt,2,1,0.9797324165886322,0.9787882669399256,-0.0009441496487064,D:\uwb thesis\RelatedData\DAVIS-data\DAVIS\SAM_results\rhino\selected_by_sam\00000_sam_best.png,D:\uwb thesis\RelatedData\DAVIS-data\DAVIS\SAM_results\rhino\selected_by_score_default_no_gt\00000_best.png,rhino
1,default_no_gt,2,2,0.9783126633955364,0.9783126633955364,0.0,D:\uwb thesis\RelatedData\DAVIS-data\DAVIS\SAM_results\rhino\selected_by_sam\00001_sam_best.png,D:\uwb thesis\RelatedData\DAVIS-data\DAVIS\SAM_results\rhino\selected_by_score_default_no_gt\00001_best.png,rhino
2,default_no_gt,2,1,0.979741575222388,0.9789943206867042,-0.0007472545356839,D:\uwb thesis\RelatedData\DAVIS-data\DAVIS\SAM_results\rhino\selected_by_sam\00002_sam_best.png,D:\uwb thesis\RelatedData\DAVIS-data\DAVIS\SAM_results\rhino\selected_by_score_default_no_gt\00002_best.png,rhino
3,default_no_gt,2,1,0.9798331652763772,0.9789502567519892,-0.0008829085243879,D:\uwb thesis\RelatedData\DAVIS-data\DAVIS\SAM_results\rhino\selected_by_sam\00003_sam_best.png,D:\uwb thesis\RelatedData\DAVIS-data\DAVIS\SAM_results\rhino\selected_by_score_default_no_gt\00003_best.png,rhino
4,default_no_gt,2,1,0.982439037242942,0.981138027576598,-0.001301009666344,D:\uwb thesis\RelatedData\DAVIS-data\DAVIS\SAM_results\rhino\selected_by_sam\00004_sam_best.png,D:\uwb thesis\RelatedData\DAVIS-data\DAVIS\SAM_results\rhino\selected_by_score_default_no_gt\00004_best.png,rhino
5,default_no_gt,2,1,0.9812980858823842,0.9800608403405996,-0.0012372455417846,D:\uwb thesis\RelatedData\DAVIS-data\DAVIS\SAM_results\rhino\selected_by_sam\00005_sam_best.png,D:\uwb thesis\RelatedData\DAVIS-data\DAVIS\SAM_results\rhino\selected_by_score_default_no_gt\00005_best.png,rhino
6,default_no_gt,2,1,0.9819456474664356,0.9808435330037016,-0.001102114462734,D:\uwb thesis\RelatedData\DAVIS-data\DAVIS\SAM_results\rhino\selected_by_sam\00006_sam_best.png,D:\uwb thesis\RelatedData\DAVIS-data\DAVIS\SAM_results\rhino\selected_by_score_default_no_gt\00006_best.png,rhino
7,default_no_gt,2,1,0.9804061373078664,0.979975620112038,-0.0004305171958284,D:\uwb thesis\RelatedData\DAVIS-data\DAVIS\SAM_results\rhino\selected_by_sam\00007_sam_best.png,D:\uwb thesis\RelatedData\DAVIS-data\DAVIS\SAM_results\rhino\selected_by_score_default_no_gt\00007_best.png,rhino
8,default_no_gt,2,2,0.978799311080128,0.978799311080128,0.0,D:\uwb thesis\RelatedData\DAVIS-data\DAVIS\SAM_results\rhino\selected_by_sam\00008_sam_best.png,D:\uwb thesis\RelatedData\DAVIS-data\DAVIS\SAM_results\rhino\selected_by_score_default_no_gt\00008_best.png,rhino
9,default_no_gt,2,1,0.9738798391355568,0.9732104238754326,-0.0006694152601242,D:\uwb thesis\RelatedData\DAVIS-data\DAVIS\SAM_results\rhino\selected_by_sam\00009_sam_best.png,D:\uwb thesis\RelatedData\DAVIS-data\DAVIS\SAM_results\rhino\selected_by_score_default_no_gt\00009_best.png,rhino
10,default_no_gt,2,1,0.978793463237486,0.9771741919799024,-0.0016192712575835,D:\uwb thesis\RelatedData\DAVIS-data\DAVIS\SAM_results\rhino\selected_by_sam\00010_sam_best.png,D:\uwb thesis\RelatedData\DAVIS-data\DAVIS\SAM_results\rhino\selected_by_score_default_no_gt\00010_best.png,rhino
11,default_no_gt,2,1,0.9791494827935908,0.9773125084152416,-0.001836974378349,D:\uwb thesis\RelatedData\DAVIS-data\DAVIS\SAM_results\rhino\selected_by_sam\00011_sam_best.png,D:\uwb thesis\RelatedData\DAVIS-data\DAVIS\SAM_results\rhino\selected_by_score_default_no_gt\00011_best.png,rhino
12,default_no_gt,2,1,0.9769878997407088,0.975960050072012,-0.0010278496686966,D:\uwb thesis\RelatedData\DAVIS-data\DAVIS\SAM_results\rhino\selected_by_sam\00012_sam_best.png,D:\uwb thesis\RelatedData\DAVIS-data\DAVIS\SAM_results\rhino\selected_by_score_default_no_gt\00012_best.png,rhino
13,default_no_gt,2,1,0.9768430427917898,0.9775823998276604,0.0007393570358706,D:\uwb thesis\RelatedData\DAVIS-data\DAVIS\SAM_results\rhino\selected_by_sam\00013_sam_best.png,D:\uwb thesis\RelatedData\DAVIS-data\DAVIS\SAM_results\rhino\selected_by_score_default_no_gt\00013_best.png,rhino
14,default_no_gt,2,1,0.9735032498553376,0.972422770337368,-0.0010804795179695,D:\uwb thesis\RelatedData\DAVIS-data\DAVIS\SAM_results\rhino\selected_by_sam\00014_sam_best.png,D:\uwb thesis\RelatedData\DAVIS-data\DAVIS\SAM_results\rhino\selected_by_score_default_no_gt\00014_best.png,rhino
15,default_no_gt,2,1,0.9734430749270192,0.9721922682913678,-0.0012508066356512,D:\uwb thesis\RelatedData\DAVIS-data\DAVIS\SAM_results\rhino\selected_by_sam\00015_sam_best.png,D:\uwb thesis\RelatedData\DAVIS-data\DAVIS\SAM_results\rhino\selected_by_score_default_no_gt\00015_best.png,rhino
16,default_no_gt,2,1,0.9671138211382114,0.965552629802174,-0.0015611913360373,D:\uwb thesis\RelatedData\DAVIS-data\DAVIS\SAM_results\rhino\selected_by_sam\00016_sam_best.png,D:\uwb thesis\RelatedData\DAVIS-data\DAVIS\SAM_results\rhino\selected_by_score_default_no_gt\00016_best.png,rhino
17,default_no_gt,2,1,0.9665840235396688,0.9665292460916772,-5.477744799142759e-05,D:\uwb thesis\RelatedData\DAVIS-data\DAVIS\SAM_results\rhino\selected_by_sam\00017_sam_best.png,D:\uwb thesis\RelatedData\DAVIS-data\DAVIS\SAM_results\rhino\selected_by_score_default_no_gt\00017_best.png,rhino
18,default_no_gt,2,1,0.9601235839340886,0.9628744488854094,0.0027508649513208,D:\uwb thesis\RelatedData\DAVIS-data\DAVIS\SAM_results\rhino\selected_by_sam\00018_sam_best.png,D:\uwb thesis\RelatedData\DAVIS-data\DAVIS\SAM_results\rhino\selected_by_score_default_no_gt\00018_best.png,rhino
19,default_no_gt,2,1,0.9683550423360084,0.9692265231491064,0.000871480813098,D:\uwb thesis\RelatedData\DAVIS-data\DAVIS\SAM_results\rhino\selected_by_sam\00019_sam_best.png,D:\uwb thesis\RelatedData\DAVIS-data\DAVIS\SAM_results\rhino\selected_by_score_default_no_gt\00019_best.png,rhino
20,default_no_gt,2,1,0.9742269475910824,0.975372812808361,0.0011458652172785,D:\uwb thesis\RelatedData\DAVIS-data\DAVIS\SAM_results\rhino\selected_by_sam\00020_sam_best.png,D:\uwb thesis\RelatedData\DAVIS-data\DAVIS\SAM_results\rhino\selected_by_score_default_no_gt\00020_best.png,rhino
21,default_no_gt,2,1,0.9771126266453368,0.9786754094685666,0.0015627828232296,D:\uwb thesis\RelatedData\DAVIS-data\DAVIS\SAM_results\rhino\selected_by_sam\00021_sam_best.png,D:\uwb thesis\RelatedData\DAVIS-data\DAVIS\SAM_results\rhino\selected_by_score_default_no_gt\00021_best.png,rhino
22,default_no_gt,2,1,0.9799487092774208,0.9799584281340412,9.718856620377636e-06,D:\uwb thesis\RelatedData\DAVIS-data\DAVIS\SAM_results\rhino\selected_by_sam\00022_sam_best.png,D:\uwb thesis\RelatedData\DAVIS-data\DAVIS\SAM_results\rhino\selected_by_score_default_no_gt\00022_best.png,rhino
23,default_no_gt,2,1,0.9817800368904972,0.9801802307627524,-0.0015998061277449,D:\uwb thesis\RelatedData\DAVIS-data\DAVIS\SAM_results\rhino\selected_by_sam\00023_sam_best.png,D:\uwb thesis\RelatedData\DAVIS-data\DAVIS\SAM_results\rhino\selected_by_score_default_no_gt\00023_best.png,rhino
24,default_no_gt,2,1,0.9819723538593508,0.980699367399324,-0.0012729864600267,D:\uwb thesis\RelatedData\DAVIS-data\DAVIS\SAM_results\rhino\selected_by_sam\00024_sam_best.png,D:\uwb thesis\RelatedData\DAVIS-data\DAVIS\SAM_results\rhino\selected_by_score_default_no_gt\00024_best.png,rhino
25,default_no_gt,2,1,0.9821820638405676,0.9812228973995536,-0.0009591664410137,D:\uwb thesis\RelatedData\DAVIS-data\DAVIS\SAM_results\rhino\selected_by_sam\00025_sam_best.png,D:\uwb thesis\RelatedData\DAVIS-data\DAVIS\SAM_results\rhino\selected_by_score_default_no_gt\00025_best.png,rhino
26,default_no_gt,2,1,0.9806940543897036,0.9806024774774776,-9.157691222594357e-05,D:\uwb thesis\RelatedData\DAVIS-data\DAVIS\SAM_results\rhino\selected_by_sam\00026_sam_best.png,D:\uwb thesis\RelatedData\DAVIS-data\DAVIS\SAM_results\rhino\selected_by_score_default_no_gt\00026_best.png,rhino
27,default_no_gt,2,1,0.9809379169387118,0.9798615926748844,-0.0010763242638275,D:\uwb thesis\RelatedData\DAVIS-data\DAVIS\SAM_results\rhino\selected_by_sam\00027_sam_best.png,D:\uwb thesis\RelatedData\DAVIS-data\DAVIS\SAM_results\rhino\selected_by_score_default_no_gt\00027_best.png,rhino
28,default_no_gt,2,1,0.9819424039709596,0.9803768218983292,-0.0015655820726303,D:\uwb thesis\RelatedData\DAVIS-data\DAVIS\SAM_results\rhino\selected_by_sam\00028_sam_best.png,D:\uwb thesis\RelatedData\DAVIS-data\DAVIS\SAM_results\rhino\selected_by_score_default_no_gt\00028_best.png,rhino
29,default_no_gt,2,1,0.981203922410708,0.9792058873866164,-0.0019980350240913,D:\uwb thesis\RelatedData\DAVIS-data\DAVIS\SAM_results\rhino\selected_by_sam\00029_sam_best.png,D:\uwb thesis\RelatedData\DAVIS-data\DAVIS\SAM_results\rhino\selected_by_score_default_no_gt\00029_best.png,rhino
30,default_no_gt,2,1,0.982020757460162,0.9819713781273772,-4.937933278470474e-05,D:\uwb thesis\RelatedData\DAVIS-data\DAVIS\SAM_results\rhino\selected_by_sam\00030_sam_best.png,D:\uwb thesis\RelatedData\DAVIS-data\DAVIS\SAM_results\rhino\selected_by_score_default_no_gt\00030_best.png,rhino
31,default_no_gt,2,1,0.9821555205001664,0.9815135509567928,-0.0006419695433735,D:\uwb thesis\RelatedData\DAVIS-data\DAVIS\SAM_results\rhino\selected_by_sam\00031_sam_best.png,D:\uwb thesis\RelatedData\DAVIS-data\DAVIS\SAM_results\rhino\selected_by_score_default_no_gt\00031_best.png,rhino
32,default_no_gt,2,1,0.9825791559601064,0.9812490045320938,-0.0013301514280124,D:\uwb thesis\RelatedData\DAVIS-data\DAVIS\SAM_results\rhino\selected_by_sam\00032_sam_best.png,D:\uwb thesis\RelatedData\DAVIS-data\DAVIS\SAM_results\rhino\selected_by_score_default_no_gt\00032_best.png,rhino
33,default_no_gt,2,1,0.982533771449434,0.9816352091343352,-0.0008985623150987,D:\uwb thesis\RelatedData\DAVIS-data\DAVIS\SAM_results\rhino\selected_by_sam\00033_sam_best.png,D:\uwb thesis\RelatedData\DAVIS-data\DAVIS\SAM_results\rhino\selected_by_score_default_no_gt\00033_best.png,rhino
34,default_no_gt,2,1,0.9845916114790288,0.9840165558539916,-0.0005750556250372,D:\uwb thesis\RelatedData\DAVIS-data\DAVIS\SAM_results\rhino\selected_by_sam\00034_sam_best.png,D:\uwb thesis\RelatedData\DAVIS-data\DAVIS\SAM_results\rhino\selected_by_score_default_no_gt\00034_best.png,rhino
35,default_no_gt,2,1,0.9864268848661252,0.985101372865542,-0.001325512000583,D:\uwb thesis\RelatedData\DAVIS-data\DAVIS\SAM_results\rhino\selected_by_sam\00035_sam_best.png,D:\uwb thesis\RelatedData\DAVIS-data\DAVIS\SAM_results\rhino\selected_by_score_default_no_gt\00035_best.png,rhino
36,default_no_gt,2,1,0.9862469529627734,0.9840769588642264,-0.002169994098547,D:\uwb thesis\RelatedData\DAVIS-data\DAVIS\SAM_results\rhino\selected_by_sam\00036_sam_best.png,D:\uwb thesis\RelatedData\DAVIS-data\DAVIS\SAM_results\rhino\selected_by_score_default_no_gt\00036_best.png,rhino
37,default_no_gt,2,4,0.9861503846270788,0.9857595176415336,-0.0003908669855452,D:\uwb thesis\RelatedData\DAVIS-data\DAVIS\SAM_results\rhino\selected_by_sam\00037_sam_best.png,D:\uwb thesis\RelatedData\DAVIS-data\DAVIS\SAM_results\rhino\selected_by_score_default_no_gt\00037_best.png,rhino
38,default_no_gt,2,1,0.9865989817039084,0.9845073394218886,-0.0020916422820198,D:\uwb thesis\RelatedData\DAVIS-data\DAVIS\SAM_results\rhino\selected_by_sam\00038_sam_best.png,D:\uwb thesis\RelatedData\DAVIS-data\DAVIS\SAM_results\rhino\selected_by_score_default_no_gt\00038_best.png,rhino
39,default_no_gt,2,1,0.98662427038082,0.9843461423890378,-0.0022781279917822,D:\uwb thesis\RelatedData\DAVIS-data\DAVIS\SAM_results\rhino\selected_by_sam\00039_sam_best.png,D:\uwb thesis\RelatedData\DAVIS-data\DAVIS\SAM_results\rhino\selected_by_score_default_no_gt\00039_best.png,rhino
40,default_no_gt,2,1,0.9872101132097868,0.9845737443057444,-0.0026363689040422,D:\uwb thesis\RelatedData\DAVIS-data\DAVIS\SAM_results\rhino\selected_by_sam\00040_sam_best.png,D:\uwb thesis\RelatedData\DAVIS-data\DAVIS\SAM_results\rhino\selected_by_score_default_no_gt\00040_best.png,rhino
41,default_no_gt,2,1,0.9765793666155472,0.9746514387422128,-0.0019279278733342,D:\uwb thesis\RelatedData\DAVIS-data\DAVIS\SAM_results\rhino\selected_by_sam\00041_sam_best.png,D:\uwb thesis\RelatedData\DAVIS-data\DAVIS\SAM_results\rhino\selected_by_score_default_no_gt\00041_best.png,rhino
42,default_no_gt,5,1,0.983587934590894,0.9709013272816852,-0.0126866073092087,D:\uwb thesis\RelatedData\DAVIS-data\DAVIS\SAM_results\rhino\selected_by_sam\00042_sam_best.png,D:\uwb thesis\RelatedData\DAVIS-data\DAVIS\SAM_results\rhino\selected_by_score_default_no_gt\00042_best.png,rhino
43,default_no_gt,2,2,0.9828912187941238,0.9828912187941238,0.0,D:\uwb thesis\RelatedData\DAVIS-data\DAVIS\SAM_results\rhino\selected_by_sam\00043_sam_best.png,D:\uwb thesis\RelatedData\DAVIS-data\DAVIS\SAM_results\rhino\selected_by_score_default_no_gt\00043_best.png,rhino
44,default_no_gt,2,1,0.9812550937245312,0.9779818444150536,-0.0032732493094778,D:\uwb thesis\RelatedData\DAVIS-data\DAVIS\SAM_results\rhino\selected_by_sam\00044_sam_best.png,D:\uwb thesis\RelatedData\DAVIS-data\DAVIS\SAM_results\rhino\selected_by_score_default_no_gt\00044_best.png,rhino
45,default_no_gt,2,1,0.9787766999134672,0.9777697013750076,-0.0010069985384597,D:\uwb thesis\RelatedData\DAVIS-data\DAVIS\SAM_results\rhino\selected_by_sam\00045_sam_best.png,D:\uwb thesis\RelatedData\DAVIS-data\DAVIS\SAM_results\rhino\selected_by_score_default_no_gt\00045_best.png,rhino
46,default_no_gt,2,2,0.979889445394576,0.979889445394576,0.0,D:\uwb thesis\RelatedData\DAVIS-data\DAVIS\SAM_results\rhino\selected_by_sam\00046_sam_best.png,D:\uwb thesis\RelatedData\DAVIS-data\DAVIS\SAM_results\rhino\selected_by_score_default_no_gt\00046_best.png,rhino
47,default_no_gt,2,1,0.9818112166717744,0.979175897208684,-0.0026353194630902,D:\uwb thesis\RelatedData\DAVIS-data\DAVIS\SAM_results\rhino\selected_by_sam\00047_sam_best.png,D:\uwb thesis\RelatedData\DAVIS-data\DAVIS\SAM_results\rhino\selected_by_score_default_no_gt\00047_best.png,rhino
48,default_no_gt,2,1,0.981796097845974,0.9786377140056968,-0.0031583838402774,D:\uwb thesis\RelatedData\DAVIS-data\DAVIS\SAM_results\rhino\selected_by_sam\00048_sam_best.png,D:\uwb thesis\RelatedData\DAVIS-data\DAVIS\SAM_results\rhino\selected_by_score_default_no_gt\00048_best.png,rhino
49,default_no_gt,2,1,0.983857577714233,0.9820911084193256,-0.0017664692949073,D:\uwb thesis\RelatedData\DAVIS-data\DAVIS\SAM_results\rhino\selected_by_sam\00049_sam_best.png,D:\uwb thesis\RelatedData\DAVIS-data\DAVIS\SAM_results\rhino\selected_by_score_default_no_gt\00049_best.png,rhino
50,default_no_gt,2,2,0.9761342009945362,0.9761342009945362,0.0,D:\uwb thesis\RelatedData\DAVIS-data\DAVIS\SAM_results\rhino\selected_by_sam\00050_sam_best.png,D:\uwb thesis\RelatedData\DAVIS-data\DAVIS\SAM_results\rhino\selected_by_score_default_no_gt\00050_best.png,rhino
51,default_no_gt,2,4,0.9844424708296328,0.944583997059184,-0.0398584737704488,D:\uwb thesis\RelatedData\DAVIS-data\DAVIS\SAM_results\rhino\selected_by_sam\00051_sam_best.png,D:\uwb thesis\RelatedData\DAVIS-data\DAVIS\SAM_results\rhino\selected_by_score_default_no_gt\00051_best.png,rhino
52,default_no_gt,2,4,0.9839435591777156,0.9412730756363856,-0.0426704835413298,D:\uwb thesis\RelatedData\DAVIS-data\DAVIS\SAM_results\rhino\selected_by_sam\00052_sam_best.png,D:\uwb thesis\RelatedData\DAVIS-data\DAVIS\SAM_results\rhino\selected_by_score_default_no_gt\00052_best.png,rhino
53,default_no_gt,2,4,0.9792320695484182,0.9316181244432366,-0.0476139451051816,D:\uwb thesis\RelatedData\DAVIS-data\DAVIS\SAM_results\rhino\selected_by_sam\00053_sam_best.png,D:\uwb thesis\RelatedData\DAVIS-data\DAVIS\SAM_results\rhino\selected_by_score_default_no_gt\00053_best.png,rhino
54,default_no_gt,2,4,0.9780831870194344,0.9287412725097308,-0.0493419145097037,D:\uwb thesis\RelatedData\DAVIS-data\DAVIS\SAM_results\rhino\selected_by_sam\00054_sam_best.png,D:\uwb thesis\RelatedData\DAVIS-data\DAVIS\SAM_results\rhino\selected_by_score_default_no_gt\00054_best.png,rhino
55,default_no_gt,2,1,0.9808239176386502,0.9789298165832956,-0.0018941010553547,D:\uwb thesis\RelatedData\DAVIS-data\DAVIS\SAM_results\rhino\selected_by_sam\00055_sam_best.png,D:\uwb thesis\RelatedData\DAVIS-data\DAVIS\SAM_results\rhino\selected_by_score_default_no_gt\00055_best.png,rhino
56,default_no_gt,2,1,0.9840170809821563,0.9823801270941652,-0.0016369538879912,D:\uwb thesis\RelatedData\DAVIS-data\DAVIS\SAM_results\rhino\selected_by_sam\00056_sam_best.png,D:\uwb thesis\RelatedData\DAVIS-data\DAVIS\SAM_results\rhino\selected_by_score_default_no_gt\00056_best.png,rhino
57,default_no_gt,2,1,0.9850709815295374,0.9827819606053692,-0.0022890209241681,D:\uwb thesis\RelatedData\DAVIS-data\DAVIS\SAM_results\rhino\selected_by_sam\00057_sam_best.png,D:\uwb thesis\RelatedData\DAVIS-data\DAVIS\SAM_results\rhino\selected_by_score_default_no_gt\00057_best.png,rhino
58,default_no_gt,2,1,0.985368607347736,0.9839507111888643,-0.0014178961588715,D:\uwb thesis\RelatedData\DAVIS-data\DAVIS\SAM_results\rhino\selected_by_sam\00058_sam_best.png,D:\uwb thesis\RelatedData\DAVIS-data\DAVIS\SAM_results\rhino\selected_by_score_default_no_gt\00058_best.png,rhino
59,default_no_gt,2,1,0.9860749410214774,0.9837434363170108,-0.0023315047044667,D:\uwb thesis\RelatedData\DAVIS-data\DAVIS\SAM_results\rhino\selected_by_sam\00059_sam_best.png,D:\uwb thesis\RelatedData\DAVIS-data\DAVIS\SAM_results\rhino\selected_by_score_default_no_gt\00059_best.png,rhino
60,default_no_gt,2,1,0.9871353478220776,0.984698331980333,-0.0024370158417444,D:\uwb thesis\RelatedData\DAVIS-data\DAVIS\SAM_results\rhino\selected_by_sam\00060_sam_best.png,D:\uwb thesis\RelatedData\DAVIS-data\DAVIS\SAM_results\rhino\selected_by_score_default_no_gt\00060_best.png,rhino
61,default_no_gt,2,1,0.9865251186005904,0.9841650893310558,-0.0023600292695344,D:\uwb thesis\RelatedData\DAVIS-data\DAVIS\SAM_results\rhino\selected_by_sam\00061_sam_best.png,D:\uwb thesis\RelatedData\DAVIS-data\DAVIS\SAM_results\rhino\selected_by_score_default_no_gt\00061_best.png,rhino
62,default_no_gt,2,1,0.9860362529317656,0.983162224008906,-0.0028740289228595,D:\uwb thesis\RelatedData\DAVIS-data\DAVIS\SAM_results\rhino\selected_by_sam\00062_sam_best.png,D:\uwb thesis\RelatedData\DAVIS-data\DAVIS\SAM_results\rhino\selected_by_score_default_no_gt\00062_best.png,rhino
63,default_no_gt,2,1,0.9835739874536552,0.9821949204072404,-0.0013790670464146,D:\uwb thesis\RelatedData\DAVIS-data\DAVIS\SAM_results\rhino\selected_by_sam\00063_sam_best.png,D:\uwb thesis\RelatedData\DAVIS-data\DAVIS\SAM_results\rhino\selected_by_score_default_no_gt\00063_best.png,rhino
64,default_no_gt,2,1,0.984216992722805,0.9797263447930366,-0.0044906479297684,D:\uwb thesis\RelatedData\DAVIS-data\DAVIS\SAM_results\rhino\selected_by_sam\00064_sam_best.png,D:\uwb thesis\RelatedData\DAVIS-data\DAVIS\SAM_results\rhino\selected_by_score_default_no_gt\00064_best.png,rhino
65,default_no_gt,2,1,0.983909397039202,0.9803837953091684,-0.0035256017300335,D:\uwb thesis\RelatedData\DAVIS-data\DAVIS\SAM_results\rhino\selected_by_sam\00065_sam_best.png,D:\uwb thesis\RelatedData\DAVIS-data\DAVIS\SAM_results\rhino\selected_by_score_default_no_gt\00065_best.png,rhino
66,default_no_gt,2,1,0.984809152966061,0.9794524908483208,-0.0053566621177401,D:\uwb thesis\RelatedData\DAVIS-data\DAVIS\SAM_results\rhino\selected_by_sam\00066_sam_best.png,D:\uwb thesis\RelatedData\DAVIS-data\DAVIS\SAM_results\rhino\selected_by_score_default_no_gt\00066_best.png,rhino
67,default_no_gt,2,1,0.9836993544619976,0.9801174875734298,-0.0035818668885678,D:\uwb thesis\RelatedData\DAVIS-data\DAVIS\SAM_results\rhino\selected_by_sam\00067_sam_best.png,D:\uwb thesis\RelatedData\DAVIS-data\DAVIS\SAM_results\rhino\selected_by_score_default_no_gt\00067_best.png,rhino
68,default_no_gt,2,1,0.9834423447616852,0.9792823334807318,-0.0041600112809533,D:\uwb thesis\RelatedData\DAVIS-data\DAVIS\SAM_results\rhino\selected_by_sam\00068_sam_best.png,D:\uwb thesis\RelatedData\DAVIS-data\DAVIS\SAM_results\rhino\selected_by_score_default_no_gt\00068_best.png,rhino
69,default_no_gt,2,1,0.9816934784059808,0.9794921225819316,-0.0022013558240491,D:\uwb thesis\RelatedData\DAVIS-data\DAVIS\SAM_results\rhino\selected_by_sam\00069_sam_best.png,D:\uwb thesis\RelatedData\DAVIS-data\DAVIS\SAM_results\rhino\selected_by_score_default_no_gt\00069_best.png,rhino
70,default_no_gt,2,1,0.9840243758732724,0.9788574675758792,-0.0051669082973933,D:\uwb thesis\RelatedData\DAVIS-data\DAVIS\SAM_results\rhino\selected_by_sam\00070_sam_best.png,D:\uwb thesis\RelatedData\DAVIS-data\DAVIS\SAM_results\rhino\selected_by_score_default_no_gt\00070_best.png,rhino
71,default_no_gt,2,1,0.980227691277415,0.9753478926692856,-0.0048797986081294,D:\uwb thesis\RelatedData\DAVIS-data\DAVIS\SAM_results\rhino\selected_by_sam\00071_sam_best.png,D:\uwb thesis\RelatedData\DAVIS-data\DAVIS\SAM_results\rhino\selected_by_score_default_no_gt\00071_best.png,rhino
72,default_no_gt,2,1,0.9780508052465549,0.9730193284517448,-0.0050314767948099,D:\uwb thesis\RelatedData\DAVIS-data\DAVIS\SAM_results\rhino\selected_by_sam\00072_sam_best.png,D:\uwb thesis\RelatedData\DAVIS-data\DAVIS\SAM_results\rhino\selected_by_score_default_no_gt\00072_best.png,rhino
73,default_no_gt,2,1,0.97891028185788,0.9748116218617354,-0.0040986599961446,D:\uwb thesis\RelatedData\DAVIS-data\DAVIS\SAM_results\rhino\selected_by_sam\00073_sam_best.png,D:\uwb thesis\RelatedData\DAVIS-data\DAVIS\SAM_results\rhino\selected_by_score_default_no_gt\00073_best.png,rhino
74,default_no_gt,2,1,0.9792902831264564,0.9753833007411302,-0.0039069823853262,D:\uwb thesis\RelatedData\DAVIS-data\DAVIS\SAM_results\rhino\selected_by_sam\00074_sam_best.png,D:\uwb thesis\RelatedData\DAVIS-data\DAVIS\SAM_results\rhino\selected_by_score_default_no_gt\00074_best.png,rhino
75,default_no_gt,2,1,0.9774066311290084,0.9757861686913352,-0.0016204624376729,D:\uwb thesis\RelatedData\DAVIS-data\DAVIS\SAM_results\rhino\selected_by_sam\00075_sam_best.png,D:\uwb thesis\RelatedData\DAVIS-data\DAVIS\SAM_results\rhino\selected_by_score_default_no_gt\00075_best.png,rhino
76,default_no_gt,2,1,0.9768497128902384,0.9744044685395103,-0.0024452443507277,D:\uwb thesis\RelatedData\DAVIS-data\DAVIS\SAM_results\rhino\selected_by_sam\00076_sam_best.png,D:\uwb thesis\RelatedData\DAVIS-data\DAVIS\SAM_results\rhino\selected_by_score_default_no_gt\00076_best.png,rhino
77,default_no_gt,2,2,0.9794763737722324,0.9794763737722324,0.0,D:\uwb thesis\RelatedData\DAVIS-data\DAVIS\SAM_results\rhino\selected_by_sam\00077_sam_best.png,D:\uwb thesis\RelatedData\DAVIS-data\DAVIS\SAM_results\rhino\selected_by_score_default_no_gt\00077_best.png,rhino
78,default_no_gt,2,2,0.9786757012605252,0.9786757012605252,0.0,D:\uwb thesis\RelatedData\DAVIS-data\DAVIS\SAM_results\rhino\selected_by_sam\00078_sam_best.png,D:\uwb thesis\RelatedData\DAVIS-data\DAVIS\SAM_results\rhino\selected_by_score_default_no_gt\00078_best.png,rhino
79,default_no_gt,2,1,0.9775125899579504,0.9731684361739016,-0.0043441537840487,D:\uwb thesis\RelatedData\DAVIS-data\DAVIS\SAM_results\rhino\selected_by_sam\00079_sam_best.png,D:\uwb thesis\RelatedData\DAVIS-data\DAVIS\SAM_results\rhino\selected_by_score_default_no_gt\00079_best.png,rhino
80,default_no_gt,2,1,0.9788587028898657,0.9753227408143,-0.0035359620755656,D:\uwb thesis\RelatedData\DAVIS-data\DAVIS\SAM_results\rhino\selected_by_sam\00080_sam_best.png,D:\uwb thesis\RelatedData\DAVIS-data\DAVIS\SAM_results\rhino\selected_by_score_default_no_gt\00080_best.png,rhino
81,default_no_gt,2,1,0.9795373813851876,0.9742570979223574,-0.0052802834628301,D:\uwb thesis\RelatedData\DAVIS-data\DAVIS\SAM_results\rhino\selected_by_sam\00081_sam_best.png,D:\uwb thesis\RelatedData\DAVIS-data\DAVIS\SAM_results\rhino\selected_by_score_default_no_gt\00081_best.png,rhino
82,default_no_gt,2,1,0.9789645903938295,0.9756146146312312,-0.0033499757625984,D:\uwb thesis\RelatedData\DAVIS-data\DAVIS\SAM_results\rhino\selected_by_sam\00082_sam_best.png,D:\uwb thesis\RelatedData\DAVIS-data\DAVIS\SAM_results\rhino\selected_by_score_default_no_gt\00082_best.png,rhino
83,default_no_gt,2,1,0.9792063015253164,0.9750418732691,-0.0041644282562163,D:\uwb thesis\RelatedData\DAVIS-data\DAVIS\SAM_results\rhino\selected_by_sam\00083_sam_best.png,D:\uwb thesis\RelatedData\DAVIS-data\DAVIS\SAM_results\rhino\selected_by_score_default_no_gt\00083_best.png,rhino
84,default_no_gt,2,1,0.9763788709166932,0.9714011611558628,-0.0049777097608302,D:\uwb thesis\RelatedData\DAVIS-data\DAVIS\SAM_results\rhino\selected_by_sam\00084_sam_best.png,D:\uwb thesis\RelatedData\DAVIS-data\DAVIS\SAM_results\rhino\selected_by_score_default_no_gt\00084_best.png,rhino
85,default_no_gt,2,1,0.9774832668458212,0.9734353222273844,-0.0040479446184369,D:\uwb thesis\RelatedData\DAVIS-data\DAVIS\SAM_results\rhino\selected_by_sam\00085_sam_best.png,D:\uwb thesis\RelatedData\DAVIS-data\DAVIS\SAM_results\rhino\selected_by_score_default_no_gt\00085_best.png,rhino
86,default_no_gt,2,1,0.97810341078269,0.9749272591237842,-0.0031761516589059,D:\uwb thesis\RelatedData\DAVIS-data\DAVIS\SAM_results\rhino\selected_by_sam\00086_sam_best.png,D:\uwb thesis\RelatedData\DAVIS-data\DAVIS\SAM_results\rhino\selected_by_score_default_no_gt\00086_best.png,rhino
87,default_no_gt,2,1,0.974182038508146,0.9722208268448284,-0.0019612116633175,D:\uwb thesis\RelatedData\DAVIS-data\DAVIS\SAM_results\rhino\selected_by_sam\00087_sam_best.png,D:\uwb thesis\RelatedData\DAVIS-data\DAVIS\SAM_results\rhino\selected_by_score_default_no_gt\00087_best.png,rhino
88,default_no_gt,2,2,0.9709328869274084,0.9709328869274084,0.0,D:\uwb thesis\RelatedData\DAVIS-data\DAVIS\SAM_results\rhino\selected_by_sam\00088_sam_best.png,D:\uwb thesis\RelatedData\DAVIS-data\DAVIS\SAM_results\rhino\selected_by_score_default_no_gt\00088_best.png,rhino
89,default_no_gt,2,1,0.9706780696395846,0.965229976943402,-0.0054480926961826,D:\uwb thesis\RelatedData\DAVIS-data\DAVIS\SAM_results\rhino\selected_by_sam\00089_sam_best.png,D:\uwb thesis\RelatedData\DAVIS-data\DAVIS\SAM_results\rhino\selected_by_score_default_no_gt\00089_best.png,rhino
